"datetime","source_pm2p5","Org","NH4","SO4","NO3","Chl","qc_flag_Org","qc_flag_NH4","qc_flag_SO4","qc_flag_NO3","qc_flag_Chl"
2019-10-01,"BAQS",1.34553199508825,0.693211440083286,0.525357263995447,0.222104526836717,0.0119787795431908,"3b","3b","3b","3b","2b"
2019-10-01 01:00:00,"BAQS",1.32452849520789,1.2571958628661,0.879168891611352,0.16531078769304,0.00287562277355105,"3b","3b","3b","3b","2b"
2019-10-01 02:00:00,"BAQS",0.118103777891673,0.632729948381015,0.76866848836662,0.174884885056516,0,"3b","3b","3b","3b","2b"
2019-10-01 03:00:00,"BAQS",0.233347482335468,0.484791220164294,0.403609508818542,0.144132796155079,0.0461965315732835,"3b","3b","3b","3b","2b"
2019-10-01 04:00:00,"BAQS",0.636777517050949,0.511108078863489,0.660716308558388,0.195021179128614,0.0179083958858463,"3b","3b","3b","3b","2b"
2019-10-01 05:00:00,"BAQS",0,0.474443576398836,1.6455105173339,0.339359096518292,0.0764330924100744,"3b","3b","3b","3b","2b"
2019-10-01 06:00:00,"BAQS",0.663281947034105,0.372336031594559,1.2818391106496,0.321241923346056,0,"3b","3b","3b","3b","2b"
2019-10-01 07:00:00,"BAQS",0.881337256118455,0.409634958835351,1.81804970835587,0.417123386237658,0.0129962939169255,"3b","3b","3b","3b","2b"
2019-10-01 08:00:00,"BAQS",2.14686095463946,0.593443527647876,1.26705634283945,0.393699687269538,0.00217752011444604,"3b","3b","3b","3b","2b"
2019-10-01 09:00:00,"BAQS",2.42345093057216,0,1.46347599154515,0.362247776170147,0.00257559753124736,"3b","3b","3b","3b","2b"
2019-10-01 10:00:00,"BAQS",2.18361235680559,1.21440619491617,0.452798509078032,0.458975445268108,0.0522898770563911,"3b","3b","3b","3b","2b"
2019-10-01 11:00:00,"BAQS",1.51254705226663,0,1.5471181641483,0.232002194097481,0.104070966172167,"3b","3b","3b","3b","2b"
2019-10-01 12:00:00,"BAQS",4.28342144136892,0.558711038414986,0.64741573584052,0.675209191241187,0.0314763044334434,"3b","3b","3b","3b","2b"
2019-10-01 13:00:00,"BAQS",3.27867567398254,0.139556582592857,0.753772724275589,0.629353767167524,0.0957614933587937,"3b","3b","3b","3b","2b"
2019-10-01 14:00:00,"BAQS",2.59564437086728,0.438484476899355,0.0133664698197536,0.680049723562798,0,"3b","3b","3b","3b","2b"
2019-10-01 15:00:00,"BAQS",1.81071910199168,0.119731157119643,0,0.283875790584974,0.0226614989467756,"3b","3b","3b","3b","2b"
2019-10-01 16:00:00,"BAQS",0.193977596204186,1.03282692518747,1.05172452992736,0.184056779793879,0.0131214071077728,"3b","3b","3b","3b","2b"
2019-10-01 17:00:00,"BAQS",2.91746939987173,0,1.49762129230458,0.264272257939327,0.0661127880885626,"3b","3b","3b","3b","2b"
2019-10-01 18:00:00,"BAQS",2.07475134258263,0.739522666000849,0.75421436730811,0.337805418337436,0.0347677478874341,"3b","3b","3b","3b","2b"
2019-10-01 19:00:00,"BAQS",2.67262455957173,0.473666636755525,1.55167239282837,0.350976078746349,0.119354095827478,"3b","3b","3b","3b","2b"
2019-10-01 20:00:00,"BAQS",1.62981593178106,1.98607162194024,1.29569699821976,0.37277124074314,0.0441586899073042,"3b","3b","3b","3b","2b"
2019-10-01 21:00:00,"BAQS",2.95167984214172,0.686923309290115,0,0.212557065234826,0,"3b","3b","3b","3b","2b"
2019-10-01 22:00:00,"BAQS",2.06944530269299,0.858378104276977,1.58452991014649,0.262948960752419,0.0387413823109287,"3b","3b","3b","3b","2b"
2019-10-01 23:00:00,"BAQS",2.60430604237814,0,0.689899786329318,0.3506814552548,0.158583594733909,"3b","3b","3b","3b","2b"
2019-10-02,"BAQS",1.57180810171332,0.0675922653002881,0.0810077826960442,0.162193768564488,0.0209130384145456,"3b","3b","3b","3b","2b"
2019-10-02 01:00:00,"BAQS",1.19488976538353,0.578485365044284,0.390080644603897,0.268814901944897,0,"3b","3b","3b","3b","2b"
2019-10-02 02:00:00,"BAQS",1.8384518664769,0.236378629727171,0.486712685053837,0.324032634107571,0,"3b","3b","3b","3b","2b"
2019-10-02 03:00:00,"BAQS",1.93050065992735,0.148527060138716,0.63209618391879,0.454426104836146,0.0247954774887408,"3b","3b","3b","3b","2b"
2019-10-02 04:00:00,"BAQS",2.30359129734472,0.119326543674792,0.42328301943825,0.48604501804852,0.0361935505368363,"3b","3b","3b","3b","2b"
2019-10-02 05:00:00,"BAQS",1.50967628821529,0.098452431248676,0.481256692580778,0.520286444140676,0.0812689475026255,"3b","3b","3b","3b","2b"
2019-10-02 06:00:00,"BAQS",2.40773366917424,0.397594150197209,0.341802700374791,0.419217771848458,0.160692329837209,"3b","3b","3b","3b","2b"
2019-10-02 07:00:00,"BAQS",0.969868828462158,0.764020383375694,0.180077772255751,0.778080912412337,0.119320150525697,"3b","3b","3b","3b","2b"
2019-10-02 08:00:00,"BAQS",2.88300677968932,0.343856205644752,0.308533980810655,0.880881075265668,0.116595985983815,"3b","3b","3b","3b","2b"
2019-10-02 09:00:00,"BAQS",2.03888211113888,0.312046035199551,0.53875453988656,0.623857997630009,0.0992851946991803,"3b","3b","3b","3b","2b"
2019-10-02 10:00:00,"BAQS",2.45685504292822,0,0.169793429870789,0.442032966550144,0.0476566361663799,"3b","3b","3b","3b","2b"
2019-10-02 11:00:00,"BAQS",1.80310219644765,0.611736557189837,0.947807368817954,0.379690423979385,0.0146101740245856,"3b","3b","3b","3b","2b"
2019-10-02 12:00:00,"BAQS",1.5985002117808,0.675442866448252,2.09631625926331,0.615229070971021,0.0225278940188351,"3b","3b","3b","3b","2b"
2019-10-02 13:00:00,"BAQS",2.12615304333964,0.965320452830389,2.09422882092002,0.571776320485337,0.0340407145323726,"3b","3b","3b","3b","2b"
2019-10-02 14:00:00,"BAQS",2.39183538237049,1.26668322422317,2.33104952055615,0.610643175209532,0.0390260803947601,"3b","3b","3b","3b","2b"
2019-10-02 15:00:00,"BAQS",2.27229285994711,0.640698768535757,1.96157970865472,0.453909165211325,0.000372629753046884,"3b","3b","3b","3b","2b"
2019-10-02 16:00:00,"BAQS",5.58750119149511,0.591814411617006,1.27515582691711,0.502985319580724,0.0278567810268407,"3b","3b","3b","3b","2b"
2019-10-02 17:00:00,"BAQS",17.257162728583,1.40609380220653,1.64055006570133,1.02386615108818,0.0982638227339069,"3b","3b","3b","3b","2b"
2019-10-02 18:00:00,"BAQS",99.0627395531009,0.426954984111312,1.10600416338976,3.70718798114404,0.281384284921017,"3b","3b","3b","3b","2b"
2019-10-02 19:00:00,"BAQS",23.8649539692318,1.67222090235847,0.828660361392446,1.60064596688857,0.189733124137154,"3b","3b","3b","3b","2b"
2019-10-02 20:00:00,"BAQS",9.57876579000015,1.13599202056498,0.50454739879246,1.20651178122294,0.172008948753691,"3b","3b","3b","3b","2b"
2019-10-02 21:00:00,"BAQS",6.52212666018635,0.836317190800901,0.311723880186284,0.865534048262084,0.106697698184886,"3b","3b","3b","3b","2b"
2019-10-02 22:00:00,"BAQS",5.88866646791365,0.713680471578341,0.478657222048509,0.80801350618621,0.0740462991243537,"3b","3b","3b","3b","2b"
2019-10-02 23:00:00,"BAQS",6.24232305675032,0.273459723531476,0.495607824065952,0.648409625384269,0.127494615740124,"3b","3b","3b","3b","2b"
2019-10-03,"BAQS",4.65590575653231,0.235942234095476,0.285905262574452,0.590892713152145,0.0896579329806672,"3b","3b","3b","3b","2b"
2019-10-03 01:00:00,"BAQS",2.81069048224823,0.447085362865724,0.263291104742941,0.436943593277124,0.0543947908649478,"3b","3b","3b","3b","2b"
2019-10-03 02:00:00,"BAQS",3.63385796933103,0.947758872755242,0.192242900172784,0.593515676032722,0.0334976197509325,"3b","3b","3b","3b","2b"
2019-10-03 03:00:00,"BAQS",3.32976154203731,0.410200087861669,0.530155713847447,0.616370353132644,0.033851798328873,"3b","3b","3b","3b","2b"
2019-10-03 04:00:00,"BAQS",2.43598296627185,0.381745536303628,0.673266938661573,0.532523111618405,0.0457724880818835,"3b","3b","3b","3b","2b"
2019-10-03 05:00:00,"BAQS",2.66390978890726,0.280542945993385,0,0.552461434876893,0.050233530222465,"3b","3b","3b","3b","2b"
2019-10-03 06:00:00,"BAQS",3.18906381079187,0.326950341790587,0,0.715594782705113,0.0264008776708487,"3b","3b","3b","3b","2b"
2019-10-03 07:00:00,"BAQS",3.54805998105135,0.719251678830505,0,1.72837048122623,0.066208184893698,"3b","3b","3b","3b","2b"
2019-10-03 08:00:00,"BAQS",3.32642168865658,1.27926281889286,0.407439176343712,2.92984803451027,0.0301702874001897,"3b","3b","3b","3b","2b"
2019-10-03 09:00:00,"BAQS",4.06745210121606,2.19393142254058,0.771067536466827,3.38716591162482,0.0908638605994965,"3b","3b","3b","3b","2b"
2019-10-03 10:00:00,"BAQS",3.46851042980963,1.38375149862623,1.42098154990082,2.81180429851493,0.051084321638381,"3b","3b","3b","3b","2b"
2019-10-03 11:00:00,"BAQS",3.94326134560931,1.49833469397474,1.84777196709519,1.87880563398734,0.0434268311706593,"3b","3b","3b","3b","2b"
2019-10-03 12:00:00,"BAQS",4.16086076422282,1.47376674300254,1.57829330410624,2.11587212360113,0.0792045701991563,"3b","3b","3b","3b","2b"
2019-10-03 13:00:00,"BAQS",4.34643827635857,1.16378129167596,0.974215932162357,1.52165951499804,0.0152439889655176,"3b","3b","3b","3b","2b"
2019-10-03 14:00:00,"BAQS",6.88445030681635,0.968397468870465,0.956359796040495,1.62444869082026,0.0627722751872134,"3b","3b","3b","3b","2b"
2019-10-03 15:00:00,"BAQS",5.18124681822383,0.68213437215269,1.19100674686108,1.08545041879156,0.0704770533840149,"3b","3b","3b","3b","2b"
2019-10-03 16:00:00,"BAQS",5.5948388217346,0.469132427887722,0.813814838846647,1.13684007340475,0.0206542139401085,"3b","3b","3b","3b","2b"
2019-10-03 17:00:00,"BAQS",2.95983573293147,0.637987063670772,0.568286018332649,0.319216511568761,0.00410856416028869,"3b","3b","3b","3b","2b"
2019-10-03 18:00:00,"BAQS",3.15290583923731,0.668940202644983,0.808224426072182,0.36444488573854,0.0379283265803555,"3b","3b","3b","3b","2b"
2019-10-03 19:00:00,"BAQS",2.73679540508327,0.410010638376132,0.621843303028886,0.554352805340629,0.0110586145883053,"3b","3b","3b","3b","2b"
2019-10-03 20:00:00,"BAQS",1.68085663161489,0.362476765762148,0.513082717553305,0.75956327461883,0.0100720653716171,"3b","3b","3b","3b","2b"
2019-10-03 21:00:00,"BAQS",1.88090462017331,0.467141314696819,0.723814541035416,0.690063338597177,0.0326115446937213,"3b","3b","3b","3b","2b"
2019-10-03 22:00:00,"BAQS",1.66585871664303,0.210529653228554,0.148123691701515,0.625489539524843,0,"3b","3b","3b","3b","2b"
2019-10-03 23:00:00,"BAQS",0.898702027702225,0.311199962399188,0,0.468549435145181,0,"3b","3b","3b","3b","2b"
2019-10-04,"BAQS",0.749233637725901,0.00639637870402745,0.123477054314349,0.135299575805859,0.0246768425672764,"3b","3b","3b","3b","2b"
2019-10-04 01:00:00,"BAQS",0.298000098086485,0.05161281176149,0.146726892898024,0.106111366148777,0.0882289981856468,"3b","3b","3b","3b","2b"
2019-10-04 02:00:00,"BAQS",0.228199163837181,0,0.138786792534752,0.0581659129469922,0.0711127683505686,"3b","3b","3b","3b","2b"
2019-10-04 03:00:00,"BAQS",0.300463182007981,0.085473167706352,0.197831807088732,0.0182879368153225,0.0550943146261032,"3b","3b","3b","3b","2b"
2019-10-04 04:00:00,"BAQS",1.25959828990144,0,0,0.0273961506633804,0.0669508478299237,"3b","3b","3b","3b","2b"
2019-10-04 05:00:00,"BAQS",0,0,0.3798986405691,0.0620356253784872,0.0800540370311549,"3b","3b","3b","3b","2b"
2019-10-04 06:00:00,"BAQS",1.036888238329,0.0160135878931866,0.0284027515418912,0.0761100549800587,0.0972398429585243,"3b","3b","3b","3b","2b"
2019-10-04 07:00:00,"BAQS",0.0884087254975035,0.377163119953979,0.266674687349639,0.104238151367877,0.156186376847206,"3b","3b","3b","3b","2b"
2019-10-04 08:00:00,"BAQS",0.270410464429482,0.316375066631633,0.438252975020099,0.0413423123891662,0.135352441454093,"3b","3b","3b","3b","2b"
2019-10-04 09:00:00,"BAQS",0.924583345197878,0.137766890988658,0.0394000462730979,0.0845699852204396,0.159811979636246,"3b","3b","3b","3b","2b"
2019-10-04 10:00:00,"BAQS",0.828762659599491,0,0,0.113542811781132,0.179835257989707,"3b","3b","3b","3b","2b"
2019-10-04 11:00:00,"BAQS",0.2284855479333,0.340703355832162,0,0.149530321912478,0.152309089428157,"3b","3b","3b","3b","2b"
2019-10-04 12:00:00,"BAQS",0.634555753084279,0.0235863117052726,0.0833047708416612,0.0650439198002935,0.129029333678351,"3b","3b","3b","3b","2b"
2019-10-04 13:00:00,"BAQS",0.226916480663549,0.00112953807826278,0.000266016869684903,0.19183395944355,0.0496355556461911,"3b","3b","3b","3b","2b"
2019-10-04 14:00:00,"BAQS",2.73118053344576,0,0,0.348722666703119,0.0725426051764387,"3b","3b","3b","3b","2b"
2019-10-04 15:00:00,"BAQS",1.93675899123336,0.0183245011214951,0,0.213025818938514,0.0656938699109926,"3b","3b","3b","3b","2b"
2019-10-04 16:00:00,"BAQS",1.04096275266735,0.397000515884573,0.40799792240405,0.0803567650664017,0.0459926932241726,"3b","3b","3b","3b","2b"
2019-10-04 17:00:00,"BAQS",2.78957809198277,0.4340304947068,0,0.229856138426313,0.0244219118706305,"3b","3b","3b","3b","2b"
2019-10-04 18:00:00,"BAQS",4.46405679130504,0.256238910590461,0.0124621376055888,0.262086979852079,0.0630976265104007,"3b","3b","3b","3b","2b"
2019-10-04 19:00:00,"BAQS",3.74050401395286,0.343531191555982,0.202924797413047,0.634817068182695,0.025809147812714,"3b","3b","3b","3b","2b"
2019-10-04 20:00:00,"BAQS",4.88191230229375,1.02262087461149,0.166282455691373,1.66660514527822,0.075863024385378,"3b","3b","3b","3b","2b"
2019-10-04 21:00:00,"BAQS",3.58150909619623,1.37862074862522,0.589052858540892,2.16346087064047,0.109369639159973,"3b","3b","3b","3b","2b"
2019-10-04 22:00:00,"BAQS",2.18846827794965,1.04122877055237,0.0458865583409826,1.72343748936671,0.0770966702788203,"3b","3b","3b","3b","2b"
2019-10-04 23:00:00,"BAQS",2.27625673779013,0.687876518854295,0.763296639779207,0.957177948538478,0.0388114050378721,"3b","3b","3b","3b","2b"
2019-10-05,"BAQS",3.10787384238452,1.2700637182908,0.587502515887874,1.32211974273676,0.152716722202889,"3b","3b","3b","3b","2b"
2019-10-05 01:00:00,"BAQS",2.42451266794198,0.871072617294826,0.753015843412562,1.08214264489313,0.142483119471283,"3b","3b","3b","3b","2b"
2019-10-05 02:00:00,"BAQS",2.75028809338234,1.19090954296165,0.728512720081206,1.26001424803866,0,"3b","3b","3b","3b","2b"
2019-10-05 03:00:00,"BAQS",3.29382427881578,1.22093229264284,0.589631389677659,1.60907912683297,0.0323791127724773,"3b","3b","3b","3b","2b"
2019-10-05 04:00:00,"BAQS",3.91034798228825,1.18957654087144,0.573614682052522,1.60345794609458,0.0373977986932006,"3b","3b","3b","3b","2b"
2019-10-05 05:00:00,"BAQS",3.45370007462174,1.15542143398542,0.708867837412952,2.00920361544856,0.00330241316001714,"3b","3b","3b","3b","2b"
2019-10-05 06:00:00,"BAQS",3.43062080327434,0.941093506979006,0.044140009208933,2.20360205713593,0.0216252091131935,"3b","3b","3b","3b","2b"
2019-10-05 07:00:00,"BAQS",3.51421460772698,1.03177675522761,0.949873247839189,1.95202117443513,0.186262157157907,"3b","3b","3b","3b","2b"
2019-10-05 08:00:00,"BAQS",3.82461954754455,1.22694111718167,0.70025669323817,1.55737080078881,0.143688272077786,"3b","3b","3b","3b","2b"
2019-10-05 09:00:00,"BAQS",2.93018161745419,0.417795026122441,1.12401622065268,1.20520004134147,0.10828689959369,"3b","3b","3b","3b","2b"
2019-10-05 10:00:00,"BAQS",1.98410520831493,0.733256902879179,0.370050662494089,0.846117215915095,0.0860085370256836,"3b","3b","3b","3b","2b"
2019-10-05 11:00:00,"BAQS",2.36181088624349,0.585442648795932,0.608764947660261,0.679600215376906,0.0674577889548177,"3b","3b","3b","3b","2b"
2019-10-05 12:00:00,"BAQS",2.26128200344223,0.260392479671812,0.620102066535301,0.664782632491232,0.0326897402006155,"3b","3b","3b","3b","2b"
2019-10-05 13:00:00,"BAQS",2.02286854418989,0.536493993418951,1.22155459810826,0.601940045684844,0.000797899603307339,"3b","3b","3b","3b","2b"
2019-10-05 14:00:00,"BAQS",3.64460102814086,0.386443353400508,0.93617030508772,0.726888490966632,0.0365918799820811,"3b","3b","3b","3b","2b"
2019-10-05 15:00:00,"BAQS",3.22072278953257,0.968454531313291,0.670860461795648,0.595665874300703,0,"3b","3b","3b","3b","2b"
2019-10-05 16:00:00,"BAQS",4.14932614692919,0.166084506210266,0.933821139054613,0.834463941008222,0.0827720549491274,"3b","3b","3b","3b","2b"
2019-10-05 17:00:00,"BAQS",4.89491037350525,0.506819492626293,0.838451173807721,0.688890750101684,0,"3b","3b","3b","3b","2b"
2019-10-05 18:00:00,"BAQS",7.57380810556732,0.816430968812407,0.553637870151548,1.06098558919067,0.0210735983458079,"3b","3b","3b","3b","2b"
2019-10-05 19:00:00,"BAQS",7.74085294034411,0.785319980701681,0.381473087129762,1.62007307641075,0.0800423439044506,"3b","3b","3b","3b","2b"
2019-10-05 20:00:00,"BAQS",6.31857721768643,0.527856681240892,0.493584352978216,1.79714515779523,0.0707908377655936,"3b","3b","3b","3b","2b"
2019-10-05 21:00:00,"BAQS",5.63426124999271,0.984937069776045,0.49010713886388,1.96749798971661,0.0532184045395465,"3b","3b","3b","3b","2b"
2019-10-05 22:00:00,"BAQS",4.40069465290465,1.12159798500629,0.0671907704900655,2.09390273050828,0.0710741923546303,"3b","3b","3b","3b","2b"
2019-10-05 23:00:00,"BAQS",1.73188136577003,0.648235540164858,0.479569479789545,1.42374087693741,0.0757555863358633,"3b","3b","3b","3b","2b"
2019-10-06,"BAQS",4.12089415016288,0.383980700380521,0,1.89087724948427,0.0792975209236313,"3b","3b","3b","3b","2b"
2019-10-06 01:00:00,"BAQS",2.77019646889769,1.26444196859359,0.239573676176816,1.63157206019681,0.00242409545945626,"3b","3b","3b","3b","2b"
2019-10-06 02:00:00,"BAQS",2.15450838353437,1.40556940965315,0,0.856080984932701,0.0641110898460451,"3b","3b","3b","3b","2b"
2019-10-06 03:00:00,"BAQS",1.79557532467883,0.0523867427573168,0.161381077818765,0.604916313263065,0,"3b","3b","3b","3b","2b"
2019-10-06 04:00:00,"BAQS",0.959792802177512,0,1.20893700832403,0.321815228953664,0.0199568894455836,"3b","3b","3b","3b","2b"
2019-10-06 05:00:00,"BAQS",2.18353929802367,0,0.946258085929803,0.089986899379858,0,"3b","3b","3b","3b","2b"
2019-10-06 06:00:00,"BAQS",0,0.233689419312555,0.157820432950785,0.117415153899639,0.0294081426470713,"3b","3b","3b","3b","2b"
2019-10-06 07:00:00,"BAQS",1.69375793085343,0.956542468526347,0.585793371780266,0.176597401833844,0.0256897114702724,"3b","3b","3b","3b","2b"
2019-10-06 08:00:00,"BAQS",0.977268538264464,0.0558467227408198,0.977333488794391,0.128468576726346,0.0547654057844173,"3b","3b","3b","3b","2b"
2019-10-06 09:00:00,"BAQS",0.505360653027927,0.0702744463774867,0,0.0327345527435944,0.105332696749609,"3b","3b","3b","3b","2b"
2019-10-06 10:00:00,"BAQS",0.0735674429954265,0.506370085813364,0.654712635974464,0.13180163269328,0.0611546883990471,"3b","3b","3b","3b","2b"
2019-10-06 11:00:00,"BAQS",0.97476615148379,0.719293021226207,0.477803179380788,0.159107996604935,0,"3b","3b","3b","3b","2b"
2019-10-06 12:00:00,"BAQS",2.36720729557939,0.187017321150681,0.157706803340722,0.121828855602472,0.0140248075260969,"3b","3b","3b","3b","2b"
2019-10-06 13:00:00,"BAQS",0,0.389846033603141,0.491104842056074,0.138601082777263,0,"3b","3b","3b","3b","2b"
2019-10-06 14:00:00,"BAQS",1.65168295565652,0.383672274633086,0.417723575819568,0.139692374739711,0.00381318874873232,"3b","3b","3b","3b","2b"
2019-10-06 15:00:00,"BAQS",0.69475610884334,0,1.17687725524026,0.0558054675203691,0.137743164932808,"3b","3b","3b","3b","2b"
2019-10-06 16:00:00,"BAQS",1.33126297342309,0.50079633739289,0,0.154645753886631,0,"3b","3b","3b","3b","2b"
2019-10-06 17:00:00,"BAQS",0.566962957702618,0,0.30580052027563,0.235935956058352,0.0462244876823285,"3b","3b","3b","3b","2b"
2019-10-06 18:00:00,"BAQS",2.49638944141678,0.135914466677075,0.726368014130264,0.134418758023721,0.0333171803266073,"3b","3b","3b","3b","2b"
2019-10-06 19:00:00,"BAQS",2.96149677834762,0.419750265193308,0,0.206112595702845,0.0395995343642371,"3b","3b","3b","3b","2b"
2019-10-06 20:00:00,"BAQS",1.87675722344076,0.115615157296244,1.03504768846747,0.204578675511817,0.0277607482482193,"3b","3b","3b","3b","2b"
2019-10-06 21:00:00,"BAQS",2.15384428436577,0.0289752354692833,0.822625437666319,0.262475545418084,0.0593366959868585,"3b","3b","3b","3b","2b"
2019-10-06 22:00:00,"BAQS",2.64815264393994,0.610388526774216,0.14091460866035,0.204646723577347,0.0118113436969617,"3b","3b","3b","3b","2b"
2019-10-06 23:00:00,"BAQS",4.08058915026177,0,0,0.280874623884216,0,"3b","3b","3b","3b","2b"
2019-10-07,"BAQS",2.36139621223635,0,0.052440347955717,0.326773662933137,0.0165999996808396,"3b","3b","3b","3b","2b"
2019-10-07 01:00:00,"BAQS",5.11914623837167,0,0.220436905267214,0.733374262140969,0.0642924529548078,"3b","3b","3b","3b","2b"
2019-10-07 02:00:00,"BAQS",3.87120878211115,0.048998643549221,0.145683452428518,1.11274455696505,0.0922946828123022,"3b","3b","3b","3b","2b"
2019-10-07 03:00:00,"BAQS",3.67472996193582,0.529432809580149,0.666477874458839,1.21290753955006,0.0489530488568627,"3b","3b","3b","3b","2b"
2019-10-07 04:00:00,"BAQS",4.32338166184111,0.648789588148272,0.314975502154547,0.906881030942328,0.0680965558422054,"3b","3b","3b","3b","2b"
2019-10-07 05:00:00,"BAQS",4.64249931062023,0.402185556740679,1.03440878604977,0.487007842032123,0,"3b","3b","3b","3b","2b"
2019-10-07 06:00:00,"BAQS",1.95423949688852,0.330429107286036,0.611140035108344,0.545621803904319,0.0840464844394134,"3b","3b","3b","3b","2b"
2019-10-07 07:00:00,"BAQS",3.39284635621556,0,0.314384680255569,0.60616725195536,0.11466691157352,"3b","3b","3b","3b","2b"
2019-10-07 08:00:00,"BAQS",1.32277674182106,0.944441988367028,0.674298369216435,0.470777713470688,0.0486129468759498,"3b","3b","3b","3b","2b"
2019-10-07 09:00:00,"BAQS",1.83526152879969,0.737539749669593,0.451113681811283,0.192312603754309,0.0249510222185088,"3b","3b","3b","3b","2b"
2019-10-07 10:00:00,"BAQS",2.22625463706708,0.127751379621118,0.584967881179618,0.193773790681229,0.00449234448805311,"3b","3b","3b","3b","2b"
2019-10-07 11:00:00,"BAQS",2.03566082443352,0,0.353576043944037,0.176852679157716,0.0674640821412458,"3b","3b","3b","3b","2b"
2019-10-07 12:00:00,"BAQS",1.38892900026698,0.202352146440404,0.555942916121634,0.265125512586804,0,"3b","3b","3b","3b","2b"
2019-10-07 13:00:00,"BAQS",2.69128997212492,0.374046065512913,0.386346037766083,0.49147101444791,0,"3b","3b","3b","3b","2b"
2019-10-07 14:00:00,"BAQS",2.60910517697195,0,0.797874977579597,0.496188009210476,0,"3b","3b","3b","3b","2b"
2019-10-07 15:00:00,"BAQS",2.41234820088533,0.404123906691266,0.541583368273069,0.998803943234311,0.0641434705298118,"3b","3b","3b","3b","2b"
2019-10-07 16:00:00,"BAQS",1.95992477202237,0.644305946330659,0.380431654653735,0.963534590134052,0.11660207815284,"3b","3b","3b","3b","2b"
2019-10-07 17:00:00,"BAQS",2.59411637471392,0.976535849749466,0.700094896546303,0.737194077802416,0.135162175913938,"3b","3b","3b","3b","2b"
2019-10-07 18:00:00,"BAQS",3.46744652808728,0.633547047247881,1.57845540556141,0.638906372132783,0.0842261439019235,"3b","3b","3b","3b","2b"
2019-10-07 19:00:00,"BAQS",1.5389427087545,0.123822750438028,0.578653596463153,0.266434207809043,0.205114004498016,"3b","3b","3b","3b","2b"
2019-10-07 20:00:00,"BAQS",2.27745616819579,0.412763030811139,0.73782786574806,0.324577669878312,0.266243356749015,"3b","3b","3b","3b","2b"
2019-10-07 21:00:00,"BAQS",1.34521374598694,0.27362317735634,0.676498915715185,0.27336397913972,0.23712440634201,"3b","3b","3b","3b","2b"
2019-10-07 22:00:00,"BAQS",1.3701006482294,0.317770629555138,0.665540901918969,0.213493441791425,0.167645628050773,"3b","3b","3b","3b","2b"
2019-10-07 23:00:00,"BAQS",0.714830489315325,0.697942527497436,0.693578262987277,0.087394503909909,0.255977476847705,"3b","3b","3b","3b","2b"
2019-10-08,"BAQS",1.53043760542771,1.84214222073918,2.16381731458789,0.561136472855765,0.495399587079469,"3b","3b","3b","3b","2b"
2019-10-08 01:00:00,"BAQS",0,0.724256299927537,2.26478541082393,0.273403315534632,0.39348346277457,"3b","3b","3b","3b","2b"
2019-10-08 02:00:00,"BAQS",2.17307248662861,1.27713151477521,0.853929006382307,0.336243169386617,0.322798034275171,"3b","3b","3b","3b","2b"
2019-10-08 03:00:00,"BAQS",1.84515559904478,0.121959849109399,0,0.452175563780167,0.424963275793759,"3b","3b","3b","3b","2b"
2019-10-08 04:00:00,"BAQS",0,2.19583668004679,0,0.285008562996112,0.205946882764068,"3b","3b","3b","3b","2b"
2019-10-08 05:00:00,"BAQS",2.61117702401905,0.793376720903801,2.69752454657726,0.27770575403682,0.406429224650884,"3b","3b","3b","3b","2b"
2019-10-08 06:00:00,"BAQS",8.19810583884785,0.00556782855429647,0.641989463595684,0.475946106409552,0.492462231233134,"3b","3b","3b","3b","2b"
2019-10-08 07:00:00,"BAQS",6.32946361877231,1.19772580593913,1.06193413447451,0.459721176505383,0.568417893227837,"3b","3b","3b","3b","2b"
2019-10-08 08:00:00,"BAQS",5.7459491022326,0.319279460309729,0.621676114186245,0.793359130406236,0.34302185395911,"3b","3b","3b","3b","2b"
2019-10-08 09:00:00,"BAQS",4.79261779029371,0,2.37730832563696,0.527778970660299,0.60363984674236,"3b","3b","3b","3b","2b"
2019-10-08 10:00:00,"BAQS",3.50018375986334,1.23106525296247,1.12975295434025,0.819712455781776,0.496579588740309,"3b","3b","3b","3b","2b"
2019-10-08 11:00:00,"BAQS",1.8362446941369,0.0106044603564754,2.45334698866909,0.385655550057614,0.219040475707613,"3b","3b","3b","3b","2b"
2019-10-08 12:00:00,"BAQS",5.27771119699505,0,0,0.504636113863,0.138336530013603,"3b","3b","3b","3b","2b"
2019-10-08 13:00:00,"BAQS",1.92720864128414,1.16016010421678,0.970374840931758,0.385866462232376,0.325772551184159,"3b","3b","3b","3b","2b"
2019-10-08 14:00:00,"BAQS",3.34043874692672,0,1.95856611729254,0.910248953441386,0.275132499422061,"3b","3b","3b","3b","2b"
2019-10-08 15:00:00,"BAQS",4.81959740145976,0.598522810349568,0.479973154489529,0.374998284518353,0.307035629753983,"3b","3b","3b","3b","2b"
2019-10-08 16:00:00,"BAQS",2.62256641817143,0.538245133813231,0,0.123765372889877,0.29192332496095,"3b","3b","3b","3b","2b"
2019-10-08 17:00:00,"BAQS",5.49031363998355,0.334613818002391,2.49117722907987,0.212986039172263,0.286831910619067,"3b","3b","3b","3b","2b"
2019-10-08 18:00:00,"BAQS",0.0912780423242825,1.15846878586696,0.474386837821124,0.59366001224547,0.0734870486935762,"3b","3b","3b","3b","2b"
2019-10-08 19:00:00,"BAQS",2.93973149906167,1.55763577344515,2.60334124092409,0.382068110567601,0.222490314790385,"3b","3b","3b","3b","2b"
2019-10-08 20:00:00,"BAQS",0,1.23615800941156,3.16777702326384,0.114898461769,0.512296281917437,"3b","3b","3b","3b","2b"
2019-10-08 21:00:00,"BAQS",2.28489850676923,2.03376144041151,1.48528518554417,0.251947119142225,0.371025867802359,"3b","3b","3b","3b","2b"
2019-10-08 22:00:00,"BAQS",0,0.362905907211396,0,0.216343387604066,0.360314221412473,"3b","3b","3b","3b","2b"
2019-10-08 23:00:00,"BAQS",2.97023759867814,0.56031370895027,1.63264626433984,0.602483432110307,0.46299184535221,"3b","3b","3b","3b","2b"
2019-10-09,"BAQS",1.30934758918566,0.203641359526942,0.270732347509949,0.0825913463905289,0.0357409729946934,"3b","3b","3b","3b","2b"
2019-10-09 01:00:00,"BAQS",0.0406451172226025,0,0.317791454641825,0.0820656377866189,0.157525521304593,"3b","3b","3b","3b","2b"
2019-10-09 02:00:00,"BAQS",1.20299864035917,0.494412227726602,0,0.248487633257599,0.0734124996558261,"3b","3b","3b","3b","2b"
2019-10-09 03:00:00,"BAQS",0.471682258749204,0.967541102721136,0,0.226623437993145,0.121329151986865,"3b","3b","3b","3b","2b"
2019-10-09 04:00:00,"BAQS",1.48278363383985,0.224289741937412,0.65831302792131,0.124974011541226,0.105569258455821,"3b","3b","3b","3b","2b"
2019-10-09 05:00:00,"BAQS",0.252366312750522,0.674550892146842,0.606207995093799,0.366040694248069,0.126221006462057,"3b","3b","3b","3b","2b"
2019-10-09 06:00:00,"BAQS",1.36094424871508,0.251886527761509,1.48822484374468,0.306979587815552,0.036082123107212,"3b","3b","3b","3b","2b"
2019-10-09 07:00:00,"BAQS",1.74628845108969,0,0.984988631422909,0.35928018455068,0.0553570693826923,"3b","3b","3b","3b","2b"
2019-10-09 08:00:00,"BAQS",1.90772900374931,0,0.874143788185198,0.148286267903274,0.049744966637997,"3b","3b","3b","3b","2b"
2019-10-09 09:00:00,"BAQS",0.869179017265579,0.189411149355778,0,0.114239575347543,0.113086692176065,"3b","3b","3b","3b","2b"
2019-10-09 10:00:00,"BAQS",0.0683306253041578,0.867555170475439,0.143987597143498,0.367141449050032,0.0592308371613863,"3b","3b","3b","3b","2b"
2019-10-09 11:00:00,"BAQS",1.66310332192606,0.0781988503630697,0,0.145649251214417,0.185596121318088,"3b","3b","3b","3b","2b"
2019-10-09 12:00:00,"BAQS",1.07811211702111,0.103638803366708,0.0822767814360517,0.261999575494977,0.0957093219309614,"3b","3b","3b","3b","2b"
2019-10-09 13:00:00,"BAQS",8.55992516225924,0.727821536568834,0.85577160296239,0.247001107430012,0.0666081867258082,"3b","3b","3b","3b","2b"
2019-10-09 14:00:00,"BAQS",8.42996948200593,0.307648208919531,0.20185202144877,0.308697357051303,0.17636198693652,"3b","3b","3b","3b","2b"
2019-10-09 15:00:00,"BAQS",8.92442067025792,0.0121136151844263,0.0649481732080292,0.427283463166409,0.0558518334633059,"3b","3b","3b","3b","2b"
2019-10-09 16:00:00,"BAQS",15.8456148328949,0.412934073452481,0.487754141340497,0.445348807282596,0.0296831182547586,"3b","3b","3b","3b","2b"
2019-10-09 17:00:00,"BAQS",11.4850422030908,0.0170552202325249,0.559256649812764,0.315842355807678,0.0774355124035902,"3b","3b","3b","3b","2b"
2019-10-09 18:00:00,"BAQS",6.00259002788722,0.479545454128171,0.363878642970884,0.25602259969946,0.0942228158360568,"3b","3b","3b","3b","2b"
2019-10-09 19:00:00,"BAQS",1.8444576359402,0.173842010905701,0.252322833081882,0.0234343274895271,0.0226304241753819,"3b","3b","3b","3b","2b"
2019-10-09 20:00:00,"BAQS",2.14104697415129,0.832898915657128,0,0.101091378263839,0.00941059862898693,"3b","3b","3b","3b","2b"
2019-10-09 21:00:00,"BAQS",1.85880708393676,0.1393495562603,0.210181435035035,0.0754105324595317,0.114476795171903,"3b","3b","3b","3b","2b"
2019-10-09 22:00:00,"BAQS",0.978199863463126,0.211602873208948,0,0.195310744133271,0,"3b","3b","3b","3b","2b"
2019-10-09 23:00:00,"BAQS",1.81717320338618,0.323912574787285,0,0.174273994134595,0.0890874776919396,"3b","3b","3b","3b","2b"
2019-10-10,"BAQS",4.39499782427348,0.0481332586260981,0.100900637729533,0.13912334764442,0.0939357180056806,"3b","3b","3b","3b","2b"
2019-10-10 01:00:00,"BAQS",4.29778133482873,0.4317625872769,0.558549245856506,0.0606835179866465,0.108337550729933,"3b","3b","3b","3b","2b"
2019-10-10 02:00:00,"BAQS",2.13118859917754,0.829867583190577,0.0573482057974717,0.298603344331729,0.158722260527081,"3b","3b","3b","3b","2b"
2019-10-10 03:00:00,"BAQS",0.364794950712968,0.718162107369065,0.233655652575031,0.0186786424207679,0,"3b","3b","3b","3b","2b"
2019-10-10 04:00:00,"BAQS",3.65845673416317,0,0.0668783056258478,0.0991594825802806,0.0578340092532391,"3b","3b","3b","3b","2b"
2019-10-10 05:00:00,"BAQS",1.38212272224278,1.10437309411816,1.13654642623506,0.165115626365774,0.0368320884629732,"3b","3b","3b","3b","2b"
2019-10-10 06:00:00,"BAQS",2.70243563599215,0.696217495174842,0.116647627257224,0.135328488578855,0.114033794542203,"3b","3b","3b","3b","2b"
2019-10-10 07:00:00,"BAQS",7.06702950450909,0,0,0.216973455142077,0.290588877564703,"3b","3b","3b","3b","2b"
2019-10-10 08:00:00,"BAQS",1.64648561467904,0,0.858133739965842,0.228484614372604,0.0778171620087627,"3b","3b","3b","3b","2b"
2019-10-10 09:00:00,"BAQS",3.25330684377177,0.937003857335513,0,0.172887404811086,0.136020336263329,"3b","3b","3b","3b","2b"
2019-10-10 10:00:00,"BAQS",4.39049507436688,0,0.299367857070375,0.241112235822112,0.18929465395737,"3b","3b","3b","3b","2b"
2019-10-10 11:00:00,"BAQS",2.28621033801803,0.122266890893949,1.04809024904216,0.27362158624316,0.310886483104318,"3b","3b","3b","3b","2b"
2019-10-10 12:00:00,"BAQS",3.93231136809674,1.06173570682301,0.510646646513936,0.551387400624181,0.210853815628845,"3b","3b","3b","3b","2b"
2019-10-10 13:00:00,"BAQS",4.14144449387747,1.37051145302293,0.852482599744015,0.440670417971395,0.144116095273301,"3b","3b","3b","3b","2b"
2019-10-10 14:00:00,"BAQS",5.08621376745105,1.3928951384458,1.28700409204763,0.737526254622871,0.190347742410449,"3b","3b","3b","3b","2b"
2019-10-10 15:00:00,"BAQS",2.87889816811187,0.157044711986364,0.937146262531561,0.417351987645871,0.157826588807978,"3b","3b","3b","3b","2b"
2019-10-10 16:00:00,"BAQS",4.06307405427824,0.0554104622771722,0,0.409060158201661,0.218325699792907,"3b","3b","3b","3b","2b"
2019-10-10 17:00:00,"BAQS",2.59574402890761,0,0.918286513843772,0.729982156230854,0.0386283343510927,"3b","3b","3b","3b","2b"
2019-10-10 18:00:00,"BAQS",3.2719217724161,0.0355012890319658,1.11907728324683,0.235544311205436,0.105428787833346,"3b","3b","3b","3b","2b"
2019-10-10 19:00:00,"BAQS",1.64360731964447,0.411126577221665,0.838225086895716,0.630331028253075,0.0138954946200789,"3b","3b","3b","3b","2b"
2019-10-10 20:00:00,"BAQS",2.67741742425212,0.73259050621016,0.515198102389819,0.477926690459537,0.063529068425696,"3b","3b","3b","3b","2b"
2019-10-10 21:00:00,"BAQS",0.76559142626768,2.04432663559305,1.17492273841409,0.377607568512686,0.137337719416316,"3b","3b","3b","3b","2b"
2019-10-10 22:00:00,"BAQS",0,1.24676368995463,1.44022308409285,0.238179111055389,0.039048798449436,"3b","3b","3b","3b","2b"
2019-10-10 23:00:00,"BAQS",0.0983294971045631,1.15890808892308,1.71038043802511,0.159493595415373,0.103459114247897,"3b","3b","3b","3b","2b"
2019-10-11,"BAQS",0.367608306693283,0,1.55389136663709,0.161137012960525,0.0342248096912852,"3b","3b","3b","3b","2b"
2019-10-11 01:00:00,"BAQS",1.8476059998942,0,0.866782900020342,0.0495535073719865,0.028519684058885,"3b","3b","3b","3b","2b"
2019-10-11 02:00:00,"BAQS",0.640994348660882,0.70139759315926,0.75691614107747,0.125260270458846,0.0863083297905253,"3b","3b","3b","3b","2b"
2019-10-11 03:00:00,"BAQS",0.773748496755424,1.40215607591878,1.75491254935703,0.172468814854083,0.144038438892072,"3b","3b","3b","3b","2b"
2019-10-11 04:00:00,"BAQS",0.877157379332114,1.16496954814977,1.41856876350897,0.134352099448768,0.121795406489096,"3b","3b","3b","3b","2b"
2019-10-11 05:00:00,"BAQS",0,0,0.876163031836423,0.0911874886668703,0.0154806164988538,"3b","3b","3b","3b","2b"
2019-10-11 06:00:00,"BAQS",0.480921710505691,0.348952454706009,0.255199091843701,0.224046018551449,0.0893634408401711,"3b","3b","3b","3b","2b"
2019-10-11 07:00:00,"BAQS",0.723515613000666,0.523432382653471,0.158275576440299,0.121143971787493,0.0669177381122887,"3b","3b","3b","3b","2b"
2019-10-11 08:00:00,"BAQS",1.54175000386642,0.066892778986805,1.43357667194146,0.211576358241514,0.0992484340298972,"3b","3b","3b","3b","2b"
2019-10-11 09:00:00,"BAQS",2.30606263673987,0.0611026275019946,1.48970981455858,0.309026076872637,0.180177739960235,"3b","3b","3b","3b","2b"
2019-10-11 10:00:00,"BAQS",1.06001101912969,0.372242912144834,0.283906589123956,0.236450881440941,0.0754009045909758,"3b","3b","3b","3b","2b"
2019-10-11 11:00:00,"BAQS",1.85716696854875,0.45054267422506,0,0.186683855856436,0.0506398211306033,"3b","3b","3b","3b","2b"
2019-10-11 12:00:00,"BAQS",1.44680686979798,0,1.17905120826176,0.115427367076071,0,"3b","3b","3b","3b","2b"
2019-10-11 13:00:00,"BAQS",0.122998068560269,0,0.340415461874755,0.0406596238589981,0,"3b","3b","3b","3b","2b"
2019-10-11 14:00:00,"BAQS",1.05127678304371,0,0,0.0515437020499795,0,"3b","3b","3b","3b","2b"
2019-10-11 15:00:00,"BAQS",1.22047047737301,0.717852581817913,0.775277322618114,0.156399998162324,0,"3b","3b","3b","3b","2b"
2019-10-11 16:00:00,"BAQS",1.09118671391602,0,0.278904044727522,0.0692750409206697,0.0922371926691392,"3b","3b","3b","3b","2b"
2019-10-11 17:00:00,"BAQS",1.31190915599795,0.637909667319771,0.508852488308886,0.118642755553426,0.0187359872068348,"3b","3b","3b","3b","2b"
2019-10-11 18:00:00,"BAQS",2.10343375915111,0.835220923412791,0.971273346441182,0.127665889905446,0.0426866617844525,"3b","3b","3b","3b","2b"
2019-10-11 19:00:00,"BAQS",2.69336848210858,0,0.150848656737668,0.248571218427897,0,"3b","3b","3b","3b","2b"
2019-10-11 20:00:00,"BAQS",2.34171754436008,0,0.242227362621698,0.183549438085804,0.0623011118816931,"3b","3b","3b","3b","2b"
2019-10-11 21:00:00,"BAQS",4.16033695551823,0.808025997759665,0.0708108774049915,0.358508254203033,0.13773696511964,"3b","3b","3b","3b","2b"
2019-10-11 22:00:00,"BAQS",4.79778266711219,0.0144138258015304,0.90606221304323,0.376640425324313,0.0808849687187401,"3b","3b","3b","3b","2b"
2019-10-11 23:00:00,"BAQS",2.0200528799663,0,0.378330497542473,0.600722261522635,0.0344068803731518,"3b","3b","3b","3b","2b"
2019-10-12,"BAQS",0.848451970145377,0.312874874830123,0.421696786971966,0.201127351568239,0.0619302566393284,"3b","3b","3b","3b","2b"
2019-10-12 01:00:00,"BAQS",1.97795108229497,0.297646127124379,0.434055593145346,0.117434114302977,0.0634376274009663,"3b","3b","3b","3b","2b"
2019-10-12 02:00:00,"BAQS",1.00324276551325,0.472317400288236,0.842594120120439,0.123060693495872,0.0667625473636539,"3b","3b","3b","3b","2b"
2019-10-12 03:00:00,"BAQS",1.10979901965064,0.350516931721076,0.318783371670729,0.133651615966915,0.0806548065006755,"3b","3b","3b","3b","2b"
2019-10-12 04:00:00,"BAQS",1.31432451599324,0,0.291453432502976,0.26047915152444,0.0843519761624125,"3b","3b","3b","3b","2b"
2019-10-12 05:00:00,"BAQS",0.840352404321468,0.195280890778679,0.533700239068999,0.213486619072978,0.0140176737401568,"3b","3b","3b","3b","2b"
2019-10-12 06:00:00,"BAQS",0.928195983251581,0.360640666927938,1.00742290667024,0.478311091705847,0,"3b","3b","3b","3b","2b"
2019-10-12 07:00:00,"BAQS",0.793624431550452,0.689591385172465,0.676265537777549,0.411141280257157,0.0619009370631298,"3b","3b","3b","3b","2b"
2019-10-12 08:00:00,"BAQS",0.581495635583226,0.745075272667057,1.4061865719272,0.375394617912215,0.0375698386031075,"3b","3b","3b","3b","2b"
2019-10-12 09:00:00,"BAQS",0.666299258673995,1.23138997460904,1.09809201346874,0.415153713401333,0.0941455619637684,"3b","3b","3b","3b","2b"
2019-10-12 10:00:00,"BAQS",0.671618041494043,0.253095934525758,1.3665196183858,0.389521387863195,0.0852870236138334,"3b","3b","3b","3b","2b"
2019-10-12 11:00:00,"BAQS",0.878452788708937,0.687438550860985,1.29170364031538,0.151784127876602,0.0566410027774459,"3b","3b","3b","3b","2b"
2019-10-12 12:00:00,"BAQS",1.24795021046495,0.393989357584793,0.786909125460222,0.183076790173869,0.0855888495831543,"3b","3b","3b","3b","2b"
2019-10-12 13:00:00,"BAQS",2.51799883042672,0.409061826451954,1.1133433239411,0.364667452516483,0.0326200826429661,"3b","3b","3b","3b","2b"
2019-10-12 14:00:00,"BAQS",1.81792216597462,0.577735036823577,0.751832745999803,0.301933696575744,0.0547383499644187,"3b","3b","3b","3b","2b"
2019-10-12 15:00:00,"BAQS",1.87949833108891,0.750382897376686,0.463881007156841,0.263571039095375,0.0269804519362461,"3b","3b","3b","3b","2b"
2019-10-12 16:00:00,"BAQS",2.46456506842675,0.490254134292587,0.352874823656046,0.308903796455465,0.0451703244660213,"3b","3b","3b","3b","2b"
2019-10-12 17:00:00,"BAQS",4.37467275722573,0.0074804862825545,0.471604905845146,0.350022662627918,0.0472040642902908,"3b","3b","3b","3b","2b"
2019-10-12 18:00:00,"BAQS",6.45111013650982,0,0.469863630558539,0.598774815916409,0.0419336772201707,"3b","3b","3b","3b","2b"
2019-10-12 19:00:00,"BAQS",5.83980149254251,0.867797798707153,0.582559871311112,0.893063442373886,0.0600827306311175,"3b","3b","3b","3b","2b"
2019-10-12 20:00:00,"BAQS",4.96059544638689,0.584676037540456,0,0.886756939592159,0.0829541931471646,"3b","3b","3b","3b","2b"
2019-10-12 21:00:00,"BAQS",4.36914963117747,0.313213377150302,0.510512434717045,0.960472133127291,0.00260631524916661,"3b","3b","3b","3b","2b"
2019-10-12 22:00:00,"BAQS",4.24690726691234,0.626252816523541,0.540494859861415,1.24961397225439,0.0181907162346041,"3b","3b","3b","3b","2b"
2019-10-12 23:00:00,"BAQS",3.71711497705251,0.714610864403943,0.117165225739054,1.29054063045783,0.0584172956555828,"3b","3b","3b","3b","2b"
2019-10-13,"BAQS",3.35418949710039,0.0104926112500207,0.323164992321027,0.855756903210415,0.0373435147068944,"3b","3b","3b","3b","2b"
2019-10-13 01:00:00,"BAQS",1.75061745461368,0.421137950009656,0.533184804830641,0.414295338239385,0,"3b","3b","3b","3b","2b"
2019-10-13 02:00:00,"BAQS",0.49962702144243,0.526180265941338,0.595305749101993,0.876998540025617,0,"3b","3b","3b","3b","2b"
2019-10-13 03:00:00,"BAQS",1.11690510700714,0.523696834053642,0.205553820875521,0.448056932594319,0,"3b","3b","3b","3b","2b"
2019-10-13 04:00:00,"BAQS",1.28801782356388,0,0,0.347559735544882,0.03967103991646,"3b","3b","3b","3b","2b"
2019-10-13 05:00:00,"BAQS",0.757760399426391,0.369902029236881,0,0.500418672785517,0,"3b","3b","3b","3b","2b"
2019-10-13 06:00:00,"BAQS",0.707445881675526,0,0.337881119336506,0.536024891760953,0,"3b","3b","3b","3b","2b"
2019-10-13 07:00:00,"BAQS",1.22940176347369,0.602051945746457,0.253671024320769,0.57024630525854,0.0148588854124902,"3b","3b","3b","3b","2b"
2019-10-13 08:00:00,"BAQS",0.00414564632769062,0.186905193578793,0.168677843998725,0.363356415890653,0,"3b","3b","3b","3b","2b"
2019-10-13 09:00:00,"BAQS",1.6718964981557,0.647765489852523,0,0.35286315710082,0,"3b","3b","3b","3b","2b"
2019-10-13 10:00:00,"BAQS",0.219275614494255,0.22687719365581,0.51658798689167,0.420756648396393,0,"3b","3b","3b","3b","2b"
2019-10-13 11:00:00,"BAQS",0.779075842933048,0.599155465884556,0.538324439476596,0.401996067197489,0,"3b","3b","3b","3b","2b"
2019-10-13 12:00:00,"BAQS",1.5014277052417,0.336800948002169,0,0.528127442519803,0,"3b","3b","3b","3b","2b"
2019-10-13 13:00:00,"BAQS",2.02081088516526,0.587168741226397,0.497146118985873,0.636691079170262,0.0374711339956989,"3b","3b","3b","3b","2b"
2019-10-13 14:00:00,"BAQS",1.43838502368742,0.43458797802259,0.331579023005334,0.292569525388797,0.00783175836796228,"3b","3b","3b","3b","2b"
2019-10-13 15:00:00,"BAQS",0.402402524948638,0,0.284065664592653,0.0970621412778503,0,"3b","3b","3b","3b","2b"
2019-10-13 16:00:00,"BAQS",0.209864651896181,0,0.556148430665165,0.0479301292358034,0,"3b","3b","3b","3b","2b"
2019-10-13 17:00:00,"BAQS",0.951351558132004,0,0.258566162613413,0.0386615188517172,0.0449525104063463,"3b","3b","3b","3b","2b"
2019-10-13 18:00:00,"BAQS",0.738956498925605,0,0,0.0769308319293202,0.0474842055489288,"3b","3b","3b","3b","2b"
2019-10-13 19:00:00,"BAQS",0.845248027409312,0.131866382724206,0.296841997025366,0.112944788899404,0,"3b","3b","3b","3b","2b"
2019-10-13 20:00:00,"BAQS",2.89645513791922,0,0.763326102678682,0.154484996472261,0.0659885213386884,"3b","3b","3b","3b","2b"
2019-10-13 21:00:00,"BAQS",3.05629614320838,0.341403606627255,0,0.211336729237135,0.00723546061142571,"3b","3b","3b","3b","2b"
2019-10-13 22:00:00,"BAQS",2.17352165837271,0.43466940029896,0,0.277124083360231,0.00199290796809426,"3b","3b","3b","3b","2b"
2019-10-13 23:00:00,"BAQS",2.42577325575494,0.281620536916444,0,0.218533181329251,0,"3b","3b","3b","3b","2b"
2019-10-14,"BAQS",3.43863313515088,0.0537373266877792,0.381841261075887,0.523556431913387,0,"3b","3b","3b","3b","2b"
2019-10-14 01:00:00,"BAQS",2.7813761954787,0.191894278333529,0,0.486565113730388,0.0489167614835764,"3b","3b","3b","3b","2b"
2019-10-14 02:00:00,"BAQS",1.93536992532667,0.903418538430141,0,0.453903263452519,0,"3b","3b","3b","3b","2b"
2019-10-14 03:00:00,"BAQS",3.02095005395133,0,0,0.431704654561757,0.0458642456705824,"3b","3b","3b","3b","2b"
2019-10-14 04:00:00,"BAQS",0.600070445912221,0.0356266331628189,0,0.367876094658118,0.0357125073485626,"3b","3b","3b","3b","2b"
2019-10-14 05:00:00,"BAQS",2.29079249567375,0.134329805455883,0.631067409152102,0.539962652674131,0.00881627268827376,"3b","3b","3b","3b","2b"
2019-10-14 06:00:00,"BAQS",1.29968150527134,0.547795566810422,0.474679230715646,0.497650262842301,0,"3b","3b","3b","3b","2b"
2019-10-14 07:00:00,"BAQS",1.95985772280794,0.771734481413411,0.481417194802959,0.791377218919941,0.0452070082973518,"3b","3b","3b","3b","2b"
2019-10-14 08:00:00,"BAQS",1.16782654409132,0.615971177267829,0.358171533491224,0.89794793084689,0.080137048628667,"3b","3b","3b","3b","2b"
2019-10-14 09:00:00,"BAQS",1.29582851005411,0.717889131809867,0.123259536741419,0.469006631450581,0.0840042816199637,"3b","3b","3b","3b","2b"
2019-10-14 10:00:00,"BAQS",1.24675921218865,0.637544729385542,0.372572911834772,0.398200915942494,0.0681704151130381,"3b","3b","3b","3b","2b"
2019-10-14 11:00:00,"BAQS",2.04167580801578,0.752852506869788,0,0.528097481983062,0.0959693864647045,"3b","3b","3b","3b","2b"
2019-10-14 12:00:00,"BAQS",1.9217280753901,0.0661397134184829,1.32989356397171,0.524455825085785,0.0551569998085987,"3b","3b","3b","3b","2b"
2019-10-14 13:00:00,"BAQS",2.23644297044998,0,0.405764038401061,0.317494850465955,0.00814344533967007,"3b","3b","3b","3b","2b"
2019-10-14 14:00:00,"BAQS",1.68971046403743,0.271175554677576,0.22324922418482,0.228634426198627,0.0352229532351671,"3b","3b","3b","3b","2b"
2019-10-14 15:00:00,"BAQS",2.13499671806032,0.605305792995956,0,0.225797821663664,0.0309317496752058,"3b","3b","3b","3b","2b"
2019-10-14 16:00:00,"BAQS",1.41581020193114,0.319069996500845,0.724807391228199,0.275169332072675,0.00286714835742116,"3b","3b","3b","3b","2b"
2019-10-14 17:00:00,"BAQS",1.13299957607466,0.746626691109013,0,0.573892971424671,0.0402974954936115,"3b","3b","3b","3b","2b"
2019-10-14 18:00:00,"BAQS",2.28362412601975,0.595914480054535,0,1.16863259089797,0.0566747491960603,"3b","3b","3b","3b","2b"
2019-10-14 19:00:00,"BAQS",1.54332896830561,0,0.517330373788843,0.49955123219321,0.00367395855965383,"3b","3b","3b","3b","2b"
2019-10-14 20:00:00,"BAQS",0.957119260330888,0.36460630143008,0.117577672642585,0.499908826549352,0,"3b","3b","3b","3b","2b"
2019-10-14 21:00:00,"BAQS",0.638490535747543,0.347974582984941,0.167938121255475,0.343360022748226,8.85076500290044e-05,"3b","3b","3b","3b","2b"
2019-10-14 22:00:00,"BAQS",1.90401278149531,0.27704263627285,0.0406556864744808,0.465841154111716,0,"3b","3b","3b","3b","2b"
2019-10-14 23:00:00,"BAQS",2.36275695466778,0.187457038027357,0.23552300739059,0.898369388322387,0.00535444214247999,"3b","3b","3b","3b","2b"
2019-10-15,"BAQS",0.495975490081045,0.437535687508009,0.13548593850785,1.34040958102192,0,"3b","3b","3b","3b","2b"
2019-10-15 01:00:00,"BAQS",0.418704258257144,0.923283560160355,1.86163631341465,1.51980895497705,0.0689573690825112,"3b","3b","3b","3b","2b"
2019-10-15 02:00:00,"BAQS",1.34065529322369,0.817545070204386,0.424383642637011,1.11024334710071,0.0977804876149159,"3b","3b","3b","3b","2b"
2019-10-15 03:00:00,"BAQS",1.52611922724781,0.362677576306993,0,0.958303238973126,0.0345245919681705,"3b","3b","3b","3b","2b"
2019-10-15 04:00:00,"BAQS",1.03126289031667,0.54308494628459,0.728083665938322,1.17933149607586,0,"3b","3b","3b","3b","2b"
2019-10-15 05:00:00,"BAQS",1.01748715321176,0.597417751895343,0.516858944745419,1.34723284967662,0.00369746181436087,"3b","3b","3b","3b","2b"
2019-10-15 06:00:00,"BAQS",2.05649608574536,0.7721042675516,0.719021956373188,1.47149915387949,0,"3b","3b","3b","3b","2b"
2019-10-15 07:00:00,"BAQS",1.89001090733768,0.713247503387485,0.488859420507328,2.34019676093922,0.0306758902479481,"3b","3b","3b","3b","2b"
2019-10-15 08:00:00,"BAQS",1.67690169841965,2.71592592915687,1.21201419211821,3.982770209858,0.0133264160748979,"3b","3b","3b","3b","2b"
2019-10-15 09:00:00,"BAQS",1.70810375403463,2.05923381632406,2.04849952617661,4.22597061064403,0.106034298874025,"3b","3b","3b","3b","2b"
2019-10-15 10:00:00,"BAQS",3.71401664715287,1.45929438963374,1.77282111348204,2.87066985844282,0.0242767179374881,"3b","3b","3b","3b","2b"
2019-10-15 11:00:00,"BAQS",3.0935768668328,1.63357953348957,0.615607809473634,2.74018675358923,0.0427136253611988,"3b","3b","3b","3b","2b"
2019-10-15 12:00:00,"BAQS",2.98288713411464,1.26367569205581,0.471422478411107,2.69701549633368,0.0313171042979283,"3b","3b","3b","3b","2b"
2019-10-15 13:00:00,"BAQS",2.2178576657804,1.02896208800782,0.690780553511577,1.81993095894947,0,"3b","3b","3b","3b","2b"
2019-10-15 14:00:00,"BAQS",3.25514809413227,1.82137096151327,0.321114165562175,3.09138818884707,0.026294890299865,"3b","3b","3b","3b","2b"
2019-10-15 15:00:00,"BAQS",5.1676056506298,2.25810850743103,0.621876693149282,2.92332829097893,0.124191708349746,"3b","3b","3b","3b","2b"
2019-10-15 16:00:00,"BAQS",4.61216869384317,1.72651244979125,0.727271772201717,3.21200569084397,0.0434274788560134,"3b","3b","3b","3b","2b"
2019-10-15 17:00:00,"BAQS",6.06436139252896,1.67020490436609,0.0408607929962225,2.78343400786484,0.106219756140088,"3b","3b","3b","3b","2b"
2019-10-15 18:00:00,"BAQS",5.48942104580558,0.703019172470419,0.638983577602104,1.25930729692,0.107326846982922,"3b","3b","3b","3b","2b"
2019-10-15 19:00:00,"BAQS",5.23420346193894,0.779004689966385,0.780424066542177,0.647288817690853,0.0578724306432515,"3b","3b","3b","3b","2b"
2019-10-15 20:00:00,"BAQS",2.25408116809788,0.0330542924695732,1.2510530311817,0.350395430820711,0.0233275779796937,"3b","3b","3b","3b","2b"
2019-10-15 21:00:00,"BAQS",2.33531434602474,0.770815235624784,0.517869484494613,0.287726051551708,0.0453514448599054,"3b","3b","3b","3b","2b"
2019-10-15 22:00:00,"BAQS",3.04288702851747,0.578058741490056,0,0.272074379992481,0,"3b","3b","3b","3b","2b"
2019-10-15 23:00:00,"BAQS",2.54868362106146,0.10348742484958,0.540249708554172,0.286272712420595,0.0885073234010998,"3b","3b","3b","3b","2b"
2019-10-16,"BAQS",1.71187382895232,1.00359627120613,0.344371585890115,0.384463362906447,0.0619410011180111,"3b","3b","3b","3b","2b"
2019-10-16 01:00:00,"BAQS",1.5850736404225,0.28133104729708,0.42162710331096,0.305809850970798,0,"3b","3b","3b","3b","2b"
2019-10-16 02:00:00,"BAQS",1.58643771663959,0.879635475369195,1.21179883459048,0.354274873499031,0.0525193332350407,"3b","3b","3b","3b","2b"
2019-10-16 03:00:00,"BAQS",0.685436917818394,0.908031350382068,0.466690319124546,0.329315993079432,0.00630701549936456,"3b","3b","3b","3b","2b"
2019-10-16 04:00:00,"BAQS",1.02720950889757,0.75587751418771,0.657688705764784,0.567643406989804,0.0461882032060667,"3b","3b","3b","3b","2b"
2019-10-16 05:00:00,"BAQS",0.265332764017343,1.12546059313723,0.00654551463050128,0.277536130176116,0,"3b","3b","3b","3b","2b"
2019-10-16 06:00:00,"BAQS",0,1.01209116894232,0.853207087985362,0.382454669721035,0.0408309089936888,"3b","3b","3b","3b","2b"
2019-10-16 07:00:00,"BAQS",0.178471912635301,0.353903034614743,0,0.264942624056375,0,"3b","3b","3b","3b","2b"
2019-10-16 08:00:00,"BAQS",0,0,0.197417347759375,0.0706002124761718,0.0379254409595408,"3b","3b","3b","3b","2b"
2019-10-16 09:00:00,"BAQS",0,0.436325126047108,0.495465637791146,0.192533629773717,0.00879948553608147,"3b","3b","3b","3b","2b"
2019-10-16 10:00:00,"BAQS",0.83107951146467,0.861258520602123,0,0.0481993891687046,0.0262262646114267,"3b","3b","3b","3b","2b"
2019-10-16 11:00:00,"BAQS",1.12021492337744,0,0.00854157402305608,0.045138917080286,0.0415282657646515,"3b","3b","3b","3b","2b"
2019-10-16 12:00:00,"BAQS",0.681736223319108,0.323548611161116,0.0457860528345869,0.0328600071985068,0.0698931143136763,"3b","3b","3b","3b","2b"
2019-10-16 13:00:00,"BAQS",1.41582113322034,0,0.047219457812481,0.0648083700510799,0.0775267562824068,"3b","3b","3b","3b","2b"
2019-10-16 14:00:00,"BAQS",0.308361615197078,0.275746624254112,0.487849933486063,0.063591800217746,0.062260947026342,"3b","3b","3b","3b","2b"
2019-10-16 15:00:00,"BAQS",0,0.198466817952632,0.21828152867885,0.0425496122023403,0,"3b","3b","3b","3b","2b"
2019-10-16 16:00:00,"BAQS",1.65344360789999,0.370711122117973,0.55849824170355,0.0112220610776245,0.0342012935170975,"3b","3b","3b","3b","2b"
2019-10-16 17:00:00,"BAQS",1.65763864502868,0.248195381489791,0.843972875687279,0.11453408464078,0.0699853589762823,"3b","3b","3b","3b","2b"
2019-10-16 18:00:00,"BAQS",4.15343745556698,0.462971270480851,0.326720629951537,0.234330943270279,0.0912835966127664,"3b","3b","3b","3b","2b"
2019-10-16 19:00:00,"BAQS",8.11467797840436,0,0.289270816061701,0.323632487724294,0.021228027190918,"3b","3b","3b","3b","2b"
2019-10-16 20:00:00,"BAQS",6.09870516595153,0,0.0352476697969964,0.202277094822404,0,"3b","3b","3b","3b","2b"
2019-10-16 21:00:00,"BAQS",4.73715934172468,0,0.351077650202834,0.290739552465611,0.0154429411394947,"3b","3b","3b","3b","2b"
2019-10-16 22:00:00,"BAQS",7.82723291600254,0,0.420413818424295,0.435453687298639,0.0505526670511273,"3b","3b","3b","3b","2b"
2019-10-16 23:00:00,"BAQS",5.66447762335991,0.706278733933167,0.400859276945109,0.75386446835194,0.0579513519518207,"3b","3b","3b","3b","2b"
2019-10-17,"BAQS",5.71045923956542,0.191893985669428,0.734222755804113,0.75957069310569,0.107463156799839,"3b","3b","3b","3b","2b"
2019-10-17 01:00:00,"BAQS",5.76258260651838,0.479413327284783,0.0174539466321347,0.77641427275274,0.037032413478627,"3b","3b","3b","3b","2b"
2019-10-17 02:00:00,"BAQS",4.45858680833867,0.101963826694588,0,0.678531050677979,0.0761760797225636,"3b","3b","3b","3b","2b"
2019-10-17 03:00:00,"BAQS",2.92758761251729,0.428209322051719,0,0.996714119681318,0.0346780021887473,"3b","3b","3b","3b","2b"
2019-10-17 04:00:00,"BAQS",2.78768187961505,0.295789636940673,1.14703620334933,0.93132479122461,0.0412183197214071,"3b","3b","3b","3b","2b"
2019-10-17 05:00:00,"BAQS",2.82788635415626,0.274902102519153,0.443186458409463,0.787551194839432,0.0137711902961098,"3b","3b","3b","3b","2b"
2019-10-17 06:00:00,"BAQS",4.55691090691932,0.305936419891966,0,0.798725831810314,0.0219558591018073,"3b","3b","3b","3b","2b"
2019-10-17 07:00:00,"BAQS",3.75746046401396,0.0949865338406849,0.462719130449926,0.770775643653683,0.0961238273960538,"3b","3b","3b","3b","2b"
2019-10-17 08:00:00,"BAQS",2.62112955709232,0.51576266415291,0.11636981025919,0.310319725404708,0.0535024287599365,"3b","3b","3b","3b","2b"
2019-10-17 09:00:00,"BAQS",1.81245587388545,0.361486542107171,0.779886073588544,0.318871189835233,0.0526209580262159,"3b","3b","3b","3b","2b"
2019-10-17 10:00:00,"BAQS",0.566583737171465,0.475436550548603,0.576201448123492,0.214363405489884,0.0984599302372659,"3b","3b","3b","3b","2b"
2019-10-17 11:00:00,"BAQS",2.63091345143911,0.236097333897249,0.455695342501662,0.16372922666319,0.022333787110252,"3b","3b","3b","3b","2b"
2019-10-17 12:00:00,"BAQS",1.30883041571708,0.577104472890801,0,0.255826110670967,0.0844744790631099,"3b","3b","3b","3b","2b"
2019-10-17 13:00:00,"BAQS",1.7938200893066,0.511933744267961,0.639955275189109,0.14105734037601,0.0390236899829897,"3b","3b","3b","3b","2b"
2019-10-17 14:00:00,"BAQS",2.30002523054156,0.37674578189231,0.538957915998984,0.219480627420705,0.0119063181469643,"3b","3b","3b","3b","2b"
2019-10-17 15:00:00,"BAQS",2.44001537129777,0,0.550149312447829,0.307679497568867,0,"3b","3b","3b","3b","2b"
2019-10-17 16:00:00,"BAQS",1.73661402368868,0.0366338590374766,1.04273756979358,0.256318189528324,0,"3b","3b","3b","3b","2b"
2019-10-17 17:00:00,"BAQS",3.25255239162959,0.0964179852037634,0.731938970495261,0.244086645959995,0,"3b","3b","3b","3b","2b"
2019-10-17 18:00:00,"BAQS",3.3357885487718,0.256580286394529,0.23957473044591,0.193449784799317,0.0150171477502151,"3b","3b","3b","3b","2b"
2019-10-17 19:00:00,"BAQS",3.4841380990522,0,0.402048175744507,0.273809177441439,0.0364803627623711,"3b","3b","3b","3b","2b"
2019-10-17 20:00:00,"BAQS",3.00650992995419,0.0131673468065816,0.749989198896062,0.324371503055124,0.0237999455576898,"3b","3b","3b","3b","2b"
2019-10-17 21:00:00,"BAQS",2.46229590451752,0,0,0.264746359802497,0.0350149684888528,"3b","3b","3b","3b","2b"
2019-10-17 22:00:00,"BAQS",3.0225656064271,0.342095305046238,0.113090224893603,0.192573569120501,0.0448848022607624,"3b","3b","3b","3b","2b"
2019-10-17 23:00:00,"BAQS",0.957413350642863,0.553975433287136,0.279187120433676,0.167874376187435,0.0469367347923351,"3b","3b","3b","3b","2b"
2019-10-18,"BAQS",2.54341667799412,0.798238933612746,0.478574079160303,0.135377393815234,0.00505132783480484,"3b","3b","3b","3b","2b"
2019-10-18 01:00:00,"BAQS",1.9727194789847,0,1.18724380553576,0.0990762304751868,0.0446022470839901,"3b","3b","3b","3b","2b"
2019-10-18 02:00:00,"BAQS",0.129813982963273,0,0,0.09465863237545,0.100966389084016,"3b","3b","3b","3b","2b"
2019-10-18 03:00:00,"BAQS",1.15632200176244,0.559080487870909,0.403252333511712,0.0774468131395382,0.0334862237695796,"3b","3b","3b","3b","2b"
2019-10-18 04:00:00,"BAQS",0.871308213128084,0,0,0.430269733356918,0.0834720010240425,"3b","3b","3b","3b","2b"
2019-10-18 05:00:00,"BAQS",0.300491934294045,0.508593331389008,1.63675630021876,0.439738930890035,0,"3b","3b","3b","3b","2b"
2019-10-18 06:00:00,"BAQS",0.71384999479869,1.03405494025592,0.148509717291792,0.554828467824906,0.0538260177881791,"3b","3b","3b","3b","2b"
2019-10-18 07:00:00,"BAQS",1.94918341163114,0.0717938913239778,1.00209777707631,0.773061543320148,0.0291228736394357,"3b","3b","3b","3b","2b"
2019-10-18 08:00:00,"BAQS",0,0,1.30360670229084,0.321426196151875,0.0544593539779553,"3b","3b","3b","3b","2b"
2019-10-18 09:00:00,"BAQS",0.544836427850952,0,0.254273450673499,0.348216744676945,0.0740091758373786,"3b","3b","3b","3b","2b"
2019-10-18 10:00:00,"BAQS",2.00245260939183,0.810124597713611,0.174525431477139,0.203268967008807,0.130965252958756,"3b","3b","3b","3b","2b"
2019-10-18 11:00:00,"BAQS",1.43955381661308,0.0973352951554233,0,0.183159910323379,0.0595079514786414,"3b","3b","3b","3b","2b"
2019-10-18 12:00:00,"BAQS",1.39707751829713,0.613671285519818,0.0145472515541633,0.101022217361208,0.0551048017493045,"3b","3b","3b","3b","2b"
2019-10-18 13:00:00,"BAQS",1.53581513705982,0.32896440605147,0.586637338558235,0.205905459536528,0.0337823501604603,"3b","3b","3b","3b","2b"
2019-10-18 14:00:00,"BAQS",2.01034780443098,0.0438308361373904,0.394969901721011,0.0966585094820096,0.0812533454877532,"3b","3b","3b","3b","2b"
2019-10-18 15:00:00,"BAQS",2.21549833329494,0,0.423868047429061,0.20507289089974,0.0573568420064207,"3b","3b","3b","3b","2b"
2019-10-18 16:00:00,"BAQS",1.13562697159904,0,0.114113068545865,0.447819582649549,0.156893562315188,"3b","3b","3b","3b","2b"
2019-10-18 17:00:00,"BAQS",3.21768470891187,0.112509511126352,0.352334117776488,0.37999858220161,0.0101362881114458,"3b","3b","3b","3b","2b"
2019-10-18 18:00:00,"BAQS",2.78913487011328,0.107536700322774,1.12813702286361,0.0894545791271906,0.173830945288639,"3b","3b","3b","3b","2b"
2019-10-18 19:00:00,"BAQS",1.65963396949987,0,0.433985470675433,0.145265991066977,0.0125073205260579,"3b","3b","3b","3b","2b"
2019-10-18 20:00:00,"BAQS",2.14921501128086,0.0546454801336592,0,0.121373656518174,0.112467781115251,"3b","3b","3b","3b","2b"
2019-10-18 21:00:00,"BAQS",2.45002556919245,0.614949268793941,0.000784049915196654,0.306359409705643,0.169488820353118,"3b","3b","3b","3b","2b"
2019-10-18 22:00:00,"BAQS",3.34516064420627,0.218882491795188,0.165452363259874,0.40908588794061,0.0248569627980557,"3b","3b","3b","3b","2b"
2019-10-18 23:00:00,"BAQS",2.23567188287459,0.421752764303685,0.457980809963874,0.172372642129148,0.0242655540467085,"3b","3b","3b","3b","2b"
2019-10-19,"BAQS",0.664688061162035,0.129280836451149,0.042965932965608,0.0511784565584736,0,"3b","3b","3b","3b","2b"
2019-10-19 01:00:00,"BAQS",1.18766526985143,0.0252760761614876,0,0.09353303498261,0.0247964745619107,"3b","3b","3b","3b","2b"
2019-10-19 02:00:00,"BAQS",0.116872298123072,0.403329638801992,0.444128569283837,0.0816744341959633,0.0352207972770365,"3b","3b","3b","3b","2b"
2019-10-19 03:00:00,"BAQS",0.418060006075829,0.378593859942923,0.302015027425417,0.145019635864373,0,"3b","3b","3b","3b","2b"
2019-10-19 04:00:00,"BAQS",0,0.379684226717013,0.255469434040999,0.160543925931727,0.0485046836976058,"3b","3b","3b","3b","2b"
2019-10-19 05:00:00,"BAQS",0.887314273152557,0.0163700095371084,0.040733148135968,0.234213413494743,0.0150475344798891,"3b","3b","3b","3b","2b"
2019-10-19 06:00:00,"BAQS",0.586453773801733,0.264065282223356,0.382474475194129,0.348442506174009,0.0132148697240735,"3b","3b","3b","3b","2b"
2019-10-19 07:00:00,"BAQS",0.594198987387474,0.35080370618297,0.354114982154454,0.314094466865579,0.0238005946895205,"3b","3b","3b","3b","2b"
2019-10-19 08:00:00,"BAQS",1.35965371395048,0.362622117089781,0.350750957395595,0.258591464536414,0.0394949710302736,"3b","3b","3b","3b","2b"
2019-10-19 09:00:00,"BAQS",0.720284049703077,0.352923168670177,0.47949351543501,0.0344466489094577,0.0376643248280721,"3b","3b","3b","3b","2b"
2019-10-19 10:00:00,"BAQS",1.01525082560485,0,0,0.0957068702532694,0,"3b","3b","3b","3b","2b"
2019-10-19 11:00:00,"BAQS",0.646954802473445,0.218158950549656,0.526193916631881,0.0711448526806707,0,"3b","3b","3b","3b","2b"
2019-10-19 12:00:00,"BAQS",1.49861010311362,0.0153589314742487,0.253778436390897,0.124910778773025,0.00784061466248874,"3b","3b","3b","3b","2b"
2019-10-19 13:00:00,"BAQS",0.956897924790243,0.00793741456093278,0.431107891008816,0.176188769260203,0.00841143923046257,"3b","3b","3b","3b","2b"
2019-10-19 14:00:00,"BAQS",1.10069963163535,0.219515193740267,0.322405442012403,0.0657326492786518,0,"3b","3b","3b","3b","2b"
2019-10-19 15:00:00,"BAQS",1.37379725353096,0.119837017025605,0.289412477515322,0.0720529134984367,0.0183409117806835,"3b","3b","3b","3b","2b"
2019-10-19 16:00:00,"BAQS",1.8173298011053,0.170194524847296,0.347986279961762,0.0954483554564682,0,"3b","3b","3b","3b","2b"
2019-10-19 17:00:00,"BAQS",2.49690973897697,0,0.375209897157631,0.155151104836618,0.00588287373932818,"3b","3b","3b","3b","2b"
2019-10-19 18:00:00,"BAQS",3.02626974122034,0.503194564545998,0.288594356960139,0.253808895211918,0.0405026025602649,"3b","3b","3b","3b","2b"
2019-10-19 19:00:00,"BAQS",3.09698569635193,0.27826535762818,0.640676044243106,0.307135888791976,0.20173472149515,"3b","3b","3b","3b","2b"
2019-10-19 20:00:00,"BAQS",3.52971735145772,0.446491984041265,0.154316841025972,0.324783639276285,0.10214329032736,"3b","3b","3b","3b","2b"
2019-10-19 21:00:00,"BAQS",2.68097935816185,0.296734451672908,0.346970148192359,0.279187989375228,0.0201255754859389,"3b","3b","3b","3b","2b"
2019-10-19 22:00:00,"BAQS",2.32787621951005,0.888148516612265,0.396941618925725,1.14929434965007,0.0359616804382549,"3b","3b","3b","3b","2b"
2019-10-19 23:00:00,"BAQS",2.66793450916047,0.770806957931217,0.636523276094629,2.2591281398069,0.0413328761568571,"3b","3b","3b","3b","2b"
2019-10-20,"BAQS",3.90418517961157,1.70527363222543,0.197476905627379,3.36693414452997,0.000439042891448482,"3b","3b","3b","3b","2b"
2019-10-20 01:00:00,"BAQS",4.24685435596595,0.987806996974304,0.46596804178854,2.09575229382894,0.115365733668595,"3b","3b","3b","3b","2b"
2019-10-20 02:00:00,"BAQS",3.15581854880998,0.454186232338898,0.643387403952134,1.11781069149324,0.0322836905683301,"3b","3b","3b","3b","2b"
2019-10-20 03:00:00,"BAQS",3.40184365704391,1.00604047994009,0.837147500991097,1.61059866947501,0.0580247810527487,"3b","3b","3b","3b","2b"
2019-10-20 04:00:00,"BAQS",2.84621215203099,0.716827057930707,1.20255332461434,2.10752415791069,0.0480295822853886,"3b","3b","3b","3b","2b"
2019-10-20 05:00:00,"BAQS",2.79335130579056,0.844908800924593,0.80606977322628,3.08968204414077,0.05799068286077,"3b","3b","3b","3b","2b"
2019-10-20 06:00:00,"BAQS",3.37591880120078,0.761286529148942,1.08915076511577,1.25558108831955,0.0954463259126439,"3b","3b","3b","3b","2b"
2019-10-20 07:00:00,"BAQS",2.22085416830465,0,1.43799164341015,0.719269464374848,0.0900750651919668,"3b","3b","3b","3b","2b"
2019-10-20 08:00:00,"BAQS",2.13652076922565,0.451803697468339,1.42299358931274,0.614244855806696,0.0864311087878834,"3b","3b","3b","3b","2b"
2019-10-20 09:00:00,"BAQS",1.98843614535257,0.806047457136433,0.313805789347591,0.455987802561384,0.0570067016595685,"3b","3b","3b","3b","2b"
2019-10-20 10:00:00,"BAQS",1.18056585953625,0,0.649140334762907,0.677183789486865,0.0606859913989313,"3b","3b","3b","3b","2b"
2019-10-20 11:00:00,"BAQS",1.74259533271172,0.125191299917244,1.14215770825777,0.306673281959572,0.0410844170050824,"3b","3b","3b","3b","2b"
2019-10-20 12:00:00,"BAQS",2.17028245328413,0.681643109411735,1.03783630219977,0.419541377676728,0.122423551819594,"3b","3b","3b","3b","2b"
2019-10-20 13:00:00,"BAQS",2.03028870046341,0.791290405481007,0.856367144966793,0.724308293495738,0.0280755834216662,"3b","3b","3b","3b","2b"
2019-10-20 14:00:00,"BAQS",3.26233513357947,0.589950601791221,0.400928879822762,0.386098084525726,0.0410870406989267,"3b","3b","3b","3b","2b"
2019-10-20 15:00:00,"BAQS",3.16787380010688,0.389915111150688,0.561033870115888,0.431872397157432,0.110995267927838,"3b","3b","3b","3b","2b"
2019-10-20 16:00:00,"BAQS",4.60674225781159,0.401541852196656,0.827055947592121,0.683242735770176,0,"3b","3b","3b","3b","2b"
2019-10-20 17:00:00,"BAQS",4.11678085077172,1.39198682695075,0.564584681935132,1.59988678983819,0.182093416338015,"3b","3b","3b","3b","2b"
2019-10-20 18:00:00,"BAQS",4.45774921974234,0.802992147482721,0.805325006301142,1.50936434598741,0.0754618462386578,"3b","3b","3b","3b","2b"
2019-10-20 19:00:00,"BAQS",3.81266627918267,1.11743818981978,1.11254142235574,1.21043389478694,0.226956347188193,"3b","3b","3b","3b","2b"
2019-10-20 20:00:00,"BAQS",3.50928612337126,0.478845849698208,0.417104681672028,0.829599129817256,0.103569972505413,"3b","3b","3b","3b","2b"
2019-10-20 21:00:00,"BAQS",1.95554347881915,0.63138931892235,1.281397033261,0.411308245398933,0.0895361732930141,"3b","3b","3b","3b","2b"
2019-10-20 22:00:00,"BAQS",1.17954875184578,0.0553028411266195,1.24820547263904,0.526738856861853,0.0320723172561854,"3b","3b","3b","3b","2b"
2019-10-20 23:00:00,"BAQS",1.87445549490876,0.54349998849474,0.591590042897374,0.433710671412732,0.078212700305761,"3b","3b","3b","3b","2b"
2019-10-21,"BAQS",1.17464435010412,0.397355501632198,0.706328514906607,0.189669332792096,0.0540570434791139,"3b","3b","3b","3b","2b"
2019-10-21 01:00:00,"BAQS",0.440615314213496,0.108127570431537,0.14002612668977,0.151688921852763,0.0618729140867385,"3b","3b","3b","3b","2b"
2019-10-21 02:00:00,"BAQS",0.897997613700313,0.420378720319337,0.276515608337553,0.368675929623314,0.0571404845408599,"3b","3b","3b","3b","2b"
2019-10-21 03:00:00,"BAQS",0.602256875857848,0.328267915755699,1.21842743438153,0.693311939055105,0.0429065073996507,"3b","3b","3b","3b","2b"
2019-10-21 04:00:00,"BAQS",0.881140648072169,0.508993163913004,0.763989695288216,0.699670721716498,0.0454346390938059,"3b","3b","3b","3b","2b"
2019-10-21 05:00:00,"BAQS",1.67633418541091,0.630055332447558,0.0230668437145176,0.505235017119679,0.0393385139050626,"3b","3b","3b","3b","2b"
2019-10-21 06:00:00,"BAQS",0.965554788826319,0.478507291238092,0.865455651030564,0.15562520442065,0,"3b","3b","3b","3b","2b"
2019-10-21 07:00:00,"BAQS",0.828367741860193,0.476530975207062,1.20204598099337,0.209313306497704,0.0569238352761424,"3b","3b","3b","3b","2b"
2019-10-21 08:00:00,"BAQS",1.21695258454676,0.678846109071142,0.98862072489789,0.138466858518162,0.0154984432543631,"3b","3b","3b","3b","2b"
2019-10-21 09:00:00,"BAQS",1.2969425594265,0.485211946268016,0.823561704682862,0.167576350543988,0.0341402680061339,"3b","3b","3b","3b","2b"
2019-10-21 10:00:00,"BAQS",1.13102685778631,0.678123430394712,0.771751542037577,0.353274203004004,0.0427522471008618,"3b","3b","3b","3b","2b"
2019-10-21 11:00:00,"BAQS",1.04365997480015,0.767640136372659,0.897792146966411,0.158290075722989,0.0304968396064502,"3b","3b","3b","3b","2b"
2019-10-21 12:00:00,"BAQS",0.974312957347405,0.0756243438098855,0.354605623988027,0.112319964097023,0.00394919893718657,"3b","3b","3b","3b","2b"
2019-10-21 13:00:00,"BAQS",1.08063277267487,0,0.366376268194963,0.561938334162256,0.090674308301253,"3b","3b","3b","3b","2b"
2019-10-21 14:00:00,"BAQS",0.924781036123711,0.469402023261023,0.574229402699624,0.285768594684598,0.061639825632807,"3b","3b","3b","3b","2b"
2019-10-21 15:00:00,"BAQS",1.63639166816706,0,0.919981200907931,0.170599016207852,0.0474603682307387,"3b","3b","3b","3b","2b"
2019-10-21 16:00:00,"BAQS",5.87517978312676,0.310742732791186,1.33692959907039,0.51124042300259,0.0456470957731767,"3b","3b","3b","3b","2b"
2019-10-21 17:00:00,"BAQS",11.4756045940472,0.457795275384804,0.0314594028913279,0.619065418856053,0.0760270975069751,"3b","3b","3b","3b","2b"
2019-10-21 18:00:00,"BAQS",6.23161675440097,0.533289567490869,0.530162491001805,0.553314183455848,0.11613589286014,"3b","3b","3b","3b","2b"
2019-10-21 19:00:00,"BAQS",9.02412114860735,0.324543163144603,0.445500432969929,0.679497477135567,0.032618268804086,"3b","3b","3b","3b","2b"
2019-10-21 20:00:00,"BAQS",8.42358233926411,0.371928190517703,0.408673400016172,0.787872147597706,0.205091285550552,"3b","3b","3b","3b","2b"
2019-10-21 21:00:00,"BAQS",9.48741066507072,0.589045031383158,0.507156612650646,1.52310487842437,0.24829617512031,"3b","3b","3b","3b","2b"
2019-10-21 22:00:00,"BAQS",6.30337880824939,0.704598695837087,0.688637646569232,2.01534390107237,0.245729397819346,"3b","3b","3b","3b","2b"
2019-10-21 23:00:00,"BAQS",5.98864581440151,0.623601567087962,0.478175062778696,2.12607882176848,0.0600146992023279,"3b","3b","3b","3b","2b"
2019-10-22,"BAQS",3.60868947380971,0.707849669530317,0.844893081204711,1.72810417772509,0.0852084243014584,"3b","3b","3b","3b","2b"
2019-10-22 01:00:00,"BAQS",4.18667682559192,0.717898215601593,0.229802788898505,1.92610081956004,0.0504172170146206,"3b","3b","3b","3b","2b"
2019-10-22 02:00:00,"BAQS",3.41865252666734,0.589985433741629,0.395466399055114,2.00117324988779,0.06770657928908,"3b","3b","3b","3b","2b"
2019-10-22 03:00:00,"BAQS",3.11167331204712,0.665036176215985,0.119003626164032,1.7153175826792,0.00615140545902401,"3b","3b","3b","3b","2b"
2019-10-22 04:00:00,"BAQS",2.78333612578404,0.974139331789553,0.251583630479281,1.86341185324381,0.0117517434404738,"3b","3b","3b","3b","2b"
2019-10-22 05:00:00,"BAQS",3.33534457598286,1.52629016032273,0.314618823314823,3.65947385425925,0.0731828735800533,"3b","3b","3b","3b","2b"
2019-10-22 06:00:00,"BAQS",3.19239155096833,1.37527971571217,0.271998219615044,2.93928166871711,0.0517366096071596,"3b","3b","3b","3b","2b"
2019-10-22 07:00:00,"BAQS",3.31281697809066,1.43906713452831,1.04267725741792,3.29572964629498,0.0824730526291253,"3b","3b","3b","3b","2b"
2019-10-22 08:00:00,"BAQS",4.1640920601283,1.38833628716233,1.02991629404562,2.23726742598075,0.183816182894173,"3b","3b","3b","3b","2b"
2019-10-22 09:00:00,"BAQS",4.70096012242034,1.91035284144637,0.735737969155363,2.64752300764877,0.212848746161531,"3b","3b","3b","3b","2b"
2019-10-22 10:00:00,"BAQS",3.92265729874823,1.10803659242973,0.363381131205284,1.95130775253117,0.0678406566244351,"3b","3b","3b","3b","2b"
2019-10-22 11:00:00,"BAQS",2.34024009532447,1.05932166100873,0.451918000480637,1.57101679277752,0.0487757014467893,"3b","3b","3b","3b","2b"
2019-10-22 12:00:00,"BAQS",2.96564475195509,0.585558078933253,0.557126251124608,1.2637143823242,0.0196226093264023,"3b","3b","3b","3b","2b"
2019-10-22 13:00:00,"BAQS",2.86120433402793,0.759421187121335,0.775185333211385,1.1760844145107,0.0274924227777649,"3b","3b","3b","3b","2b"
2019-10-22 14:00:00,"BAQS",1.82515582568823,0.81867878584469,1.27307090815288,0.783338790751993,0,"3b","3b","3b","3b","2b"
2019-10-22 15:00:00,"BAQS",2.80955170040719,0.759434978754497,0.99675080186754,0.589337777556048,0,"3b","3b","3b","3b","2b"
2019-10-22 16:00:00,"BAQS",2.28943044883434,0.901026946383165,1.06385984201705,0.490548851439939,0.00289412446801811,"3b","3b","3b","3b","2b"
2019-10-22 17:00:00,"BAQS",3.65264236425874,0.528411899133627,0.908295743931734,0.682827974743885,0.0382703837089327,"3b","3b","3b","3b","2b"
2019-10-22 18:00:00,"BAQS",7.11389735370414,0.721047386595601,0.451128578751025,1.2685865285842,0.168165010506488,"3b","3b","3b","3b","2b"
2019-10-22 19:00:00,"BAQS",6.06874524117941,0.420183160873522,0.617351122881326,0.640557445092044,0.0599958953796817,"3b","3b","3b","3b","2b"
2019-10-22 20:00:00,"BAQS",5.57470866096083,0.994028709817804,0.124387373561548,0.742629198549174,0.0363293293862827,"3b","3b","3b","3b","2b"
2019-10-22 21:00:00,"BAQS",4.57905418267716,0.79768552119254,0.754609276164994,1.0871713982026,0.0584711449472301,"3b","3b","3b","3b","2b"
2019-10-22 22:00:00,"BAQS",4.61273803047284,0.245424488126031,0.0697500454553283,1.19041882854052,0.0340873495455629,"3b","3b","3b","3b","2b"
2019-10-22 23:00:00,"BAQS",4.50677838780123,0.477402679269885,0.352097732034955,1.27427656448272,0,"3b","3b","3b","3b","2b"
2019-10-23,"BAQS",7.94951301071214,0.952635519039258,0,1.99406135723147,0.0672912999931717,"3b","3b","3b","3b","2b"
2019-10-23 01:00:00,"BAQS",6.53187137859316,1.1855850686126,0.446883487607204,1.88723185360603,0.0245663683128977,"3b","3b","3b","3b","2b"
2019-10-23 02:00:00,"BAQS",6.84102455771773,0.609934429105702,0.53374959295817,2.42188559399314,0.039139177391182,"3b","3b","3b","3b","2b"
2019-10-23 03:00:00,"BAQS",6.83959485638185,0.972836973686748,0.971697125229266,2.66271698577633,0.00630573093637123,"3b","3b","3b","3b","2b"
2019-10-23 04:00:00,"BAQS",3.86740573346175,0.545656510310445,1.21836033136449,2.41458451331472,0.00762257603076287,"3b","3b","3b","3b","2b"
2019-10-23 05:00:00,"BAQS",4.34457376879641,0.992435269355534,0.131340739428464,1.98988597436336,0.0331176503704853,"3b","3b","3b","3b","2b"
2019-10-23 06:00:00,"BAQS",3.95478896416627,0.787554697574975,0,1.44441466654439,0.0354721111426541,"3b","3b","3b","3b","2b"
2019-10-23 07:00:00,"BAQS",2.10271189827098,0.204101088463256,0.176146375283669,0.422382817959403,0,"3b","3b","3b","3b","2b"
2019-10-23 08:00:00,"BAQS",3.90639364902715,0.307136222338482,0,0.727711582764882,0.0145304087342473,"3b","3b","3b","3b","2b"
2019-10-23 09:00:00,"BAQS",3.90129492907635,0.902182778956149,0.405554501501288,2.53634372195212,0.0781389469661121,"3b","3b","3b","3b","2b"
2019-10-23 10:00:00,"BAQS",1.79987608965531,1.36827366060222,1.4417753543717,3.60497791246979,0.130393187395422,"3b","3b","3b","3b","2b"
2019-10-23 11:00:00,"BAQS",3.39744902134784,0.883355323405222,1.55210801184193,3.78957388864491,0.148948488093392,"3b","3b","3b","3b","2b"
2019-10-23 12:00:00,"BAQS",4.78329753895713,1.62660423348159,0.686692731296345,3.2843525350605,0.105204563340422,"3b","3b","3b","3b","2b"
2019-10-23 13:00:00,"BAQS",5.68601987259308,2.40128965970133,0.803324770979534,3.85689173104831,0.104404640277332,"3b","3b","3b","3b","2b"
2019-10-23 14:00:00,"BAQS",5.58371728206758,2.68005420141344,1.58470457713732,3.55017104254314,0.0650376991014139,"3b","3b","3b","3b","2b"
2019-10-23 15:00:00,"BAQS",5.67582365008569,2.38611604003059,2.31692502787142,5.22043627177245,0.159882570020569,"3b","3b","3b","3b","2b"
2019-10-23 16:00:00,"BAQS",5.07706353634597,3.19452318414879,3.15985287669576,6.16943547707739,0.159578605421297,"3b","3b","3b","3b","2b"
2019-10-23 17:00:00,"BAQS",7.85953276623205,3.86611827494943,1.45542955189615,6.18984442809515,0.220949234021448,"3b","3b","3b","3b","2b"
2019-10-23 18:00:00,"BAQS",10.8453851918867,2.86161971336848,1.54564483436743,6.28725151323313,0.219444794055402,"3b","3b","3b","3b","2b"
2019-10-23 19:00:00,"BAQS",9.98777861687766,2.9777492964776,1.2226890184535,6.47215319020981,0.197217056134268,"3b","3b","3b","3b","2b"
2019-10-23 20:00:00,"BAQS",9.18087155006542,3.6466725316148,1.30976017052265,6.45570056289011,0.115912662618931,"3b","3b","3b","3b","2b"
2019-10-23 21:00:00,"BAQS",6.38072387764506,3.43985088980011,0.832485026810922,5.44085235748845,0.0580065034009281,"3b","3b","3b","3b","2b"
2019-10-23 22:00:00,"BAQS",4.50389885060876,2.43544944141426,1.24132677827997,3.86917582070954,0.0362484599571377,"3b","3b","3b","3b","2b"
2019-10-23 23:00:00,"BAQS",5.1052485974074,1.68391099826151,0.0309917097450334,4.25484918482005,0,"3b","3b","3b","3b","2b"
2019-10-24,"BAQS",3.22152972622146,2.13894086908503,1.03705904171235,4.71240112031602,0.0885406064819877,"3b","3b","3b","3b","2b"
2019-10-24 01:00:00,"BAQS",5.13613110676988,2.4449904035635,0.381264927651657,5.09771854534825,0,"3b","3b","3b","3b","2b"
2019-10-24 02:00:00,"BAQS",4.58782555099608,2.7162281429204,1.2206049000245,5.73514768084941,0.0160032334105533,"3b","3b","3b","3b","2b"
2019-10-24 03:00:00,"BAQS",4.47755963662777,3.27802969082219,0.23374076180692,4.74428987551379,0,"3b","3b","3b","3b","2b"
2019-10-24 04:00:00,"BAQS",4.69705691723057,2.0231274733822,0.512506697362995,4.54905966569146,0.00559267724605282,"3b","3b","3b","3b","2b"
2019-10-24 05:00:00,"BAQS",5.14597710541682,1.7428349554485,0,4.0017592116825,0,"3b","3b","3b","3b","2b"
2019-10-24 06:00:00,"BAQS",4.59596266468589,2.34892392282115,1.17599114125939,4.29929780297154,0.138597296633829,"3b","3b","3b","3b","2b"
2019-10-24 07:00:00,"BAQS",5.78919620650732,3.01499726742133,1.23489915963957,6.54627485338214,0.0782234483245402,"3b","3b","3b","3b","2b"
2019-10-24 08:00:00,"BAQS",5.73517893076327,4.42972657906088,0.860752057681187,8.59561594883351,0.164477742609191,"3b","3b","3b","3b","2b"
2019-10-24 09:00:00,"BAQS",8.85946798388157,4.36118546166686,1.67187888675434,8.48577447869963,0.23480573181946,"3b","3b","3b","3b","2b"
2019-10-24 10:00:00,"BAQS",4.97258490933198,2.79001156919036,1.81127152213679,5.16444190358573,0.185000632736657,"3b","3b","3b","3b","2b"
2019-10-24 11:00:00,"BAQS",6.89739673282098,3.01355951763216,1.80475113825576,5.09783251327274,0.204682689925535,"3b","3b","3b","3b","2b"
2019-10-24 12:00:00,"BAQS",6.14626948468799,2.24667270914501,2.18517632743094,4.05089480127948,0.271970169614479,"3b","3b","3b","3b","2b"
2019-10-24 13:00:00,"BAQS",8.95870503951732,2.88533399937177,3.4319967110396,3.83295936293486,0.399096272167099,"3b","3b","3b","3b","2b"
2019-10-24 14:00:00,"BAQS",6.57849211016002,2.23283040380376,2.00119592676781,3.19251526199259,0.325869953614205,"3b","3b","3b","3b","2b"
2019-10-24 15:00:00,"BAQS",3.33969032832461,0.577411700026266,1.02472421952358,0.757539803489687,0.0912504517970643,"3b","3b","3b","3b","2b"
2019-10-24 16:00:00,"BAQS",5.11407631669649,0.6605875378483,0.349695597149051,0.387140469238001,0.022496947597748,"3b","3b","3b","3b","2b"
2019-10-24 17:00:00,"BAQS",2.08629082239225,0.258663338350139,0.912991809239801,0.291662392133597,0.0410153389390944,"3b","3b","3b","3b","2b"
2019-10-24 18:00:00,"BAQS",5.77763620281979,0,0.000767597276511698,0.353583862894813,0.00233690253198471,"3b","3b","3b","3b","2b"
2019-10-24 19:00:00,"BAQS",5.4338945864678,0,0.497163543210184,0.399125473756668,0.0726424617900257,"3b","3b","3b","3b","2b"
2019-10-24 20:00:00,"BAQS",1.57059572696664,0.773104482385768,0.366774733489081,0.350526005893029,0.125553218903655,"3b","3b","3b","3b","2b"
2019-10-24 21:00:00,"BAQS",0.723757202267683,0.0654012247673282,1.28517962113651,0.260284978958943,0.0495217348150545,"3b","3b","3b","3b","2b"
2019-10-24 22:00:00,"BAQS",3.19685082736724,0,1.18460596307749,0.302201926833032,0.0757172970167635,"3b","3b","3b","3b","2b"
2019-10-24 23:00:00,"BAQS",2.34632778491862,0.328619266325557,0.681860349994419,0.441731559551054,0.0847930339883659,"3b","3b","3b","3b","2b"
2019-10-25,"BAQS",1.43505392343735,0.404540126451974,0,0.423066040363434,0.0408258181629401,"3b","3b","3b","3b","2b"
2019-10-25 01:00:00,"BAQS",1.96220084916381,0,1.30412870651638,0.469518343366034,0,"3b","3b","3b","3b","2b"
2019-10-25 02:00:00,"BAQS",2.4307932376348,0.424051157301429,1.01258110201019,0.72984984878496,0.125905578532612,"3b","3b","3b","3b","2b"
2019-10-25 03:00:00,"BAQS",1.90139341765103,0.947608248604855,1.5325094225212,0.829244893783334,0.0611118488814376,"3b","3b","3b","3b","2b"
2019-10-25 04:00:00,"BAQS",0.626298587620671,0.366154621441273,0.660026367393307,0.456306838635529,0.10334891715908,"3b","3b","3b","3b","2b"
2019-10-25 05:00:00,"BAQS",2.22797612554571,0.628175310938192,0.967033420178057,0.548844963098841,0.0804874653899501,"3b","3b","3b","3b","2b"
2019-10-25 06:00:00,"BAQS",0,1.55389470824412,1.54226338312974,0.707556784436868,0,"3b","3b","3b","3b","2b"
2019-10-25 07:00:00,"BAQS",11.9727411099347,0.492627951456586,1.16230408949552,1.45489660746295,0.154234107736666,"3b","3b","3b","3b","2b"
2019-10-25 08:00:00,"BAQS",4.19199262686382,0.727550752544991,1.00612075812224,0.416836082954711,0.132288657752426,"3b","3b","3b","3b","2b"
2019-10-25 09:00:00,"BAQS",1.79275826954306,0.633390097619613,1.02933541028714,0.218074990413879,0.00315772803451823,"3b","3b","3b","3b","2b"
2019-10-25 10:00:00,"BAQS",1.45876316333351,0.246419379623438,0.560211194473061,0.411532805411517,0.0488603622572658,"3b","3b","3b","3b","2b"
2019-10-25 11:00:00,"BAQS",2.86472005697463,0.569411634770441,0,0.207580482984207,0.0261668350924759,"3b","3b","3b","3b","2b"
2019-10-25 12:00:00,"BAQS",0.867072084803326,0.352811533984505,0.19962182461162,0.152053416777123,0.0258703157340464,"3b","3b","3b","3b","2b"
2019-10-25 13:00:00,"BAQS",1.25746216620431,0.360927619010093,0.182918357161299,0.200541552777014,0.061778825958494,"3b","3b","3b","3b","2b"
2019-10-25 14:00:00,"BAQS",1.28901083945878,0.064578716935501,1.27404829353658,0.255848150658541,0.0411299492036491,"3b","3b","3b","3b","2b"
2019-10-25 15:00:00,"BAQS",1.26121745658397,0.649985165866525,0.653854302375488,0.191164428121331,0.0245267050648588,"3b","3b","3b","3b","2b"
2019-10-25 16:00:00,"BAQS",1.35821647109109,0.654919581059966,0.358885941171488,0.109473034688496,0.067947460300801,"3b","3b","3b","3b","2b"
2019-10-25 17:00:00,"BAQS",1.63380669036975,0.359411311113491,1.69026200491371,0.241675231078992,0.0289853458573898,"3b","3b","3b","3b","2b"
2019-10-25 18:00:00,"BAQS",1.56831474809584,0,1.1454162946748,0.378164676984622,0.0238472547161084,"3b","3b","3b","3b","2b"
2019-10-25 19:00:00,"BAQS",1.89313397898807,0,0.618177299360222,0.18408583261094,0.0410839202356256,"3b","3b","3b","3b","2b"
2019-10-25 20:00:00,"BAQS",1.09813025671845,0,0.0991216910074869,0.215707295941144,0,"3b","3b","3b","3b","2b"
2019-10-25 21:00:00,"BAQS",0.916623991265839,0,0.461452680515131,0.145273146539536,0.0932352189865124,"3b","3b","3b","3b","2b"
2019-10-25 22:00:00,"BAQS",0,0.174587952822195,0,0.412896915505362,0.0427618078369895,"3b","3b","3b","3b","2b"
2019-10-25 23:00:00,"BAQS",1.35326091418,0.286919327718485,0.346699591146733,0.747364994022994,0.026479475838303,"3b","3b","3b","3b","2b"
2019-10-26,"BAQS",0.445093297068968,0.15742074576052,0,0.402591212589125,0.0137082406730979,"3b","3b","3b","3b","2b"
2019-10-26 01:00:00,"BAQS",0.673411576220867,0.198005367884085,0.384469194672862,0.430195509541972,0.0049534683468838,"3b","3b","3b","3b","2b"
2019-10-26 02:00:00,"BAQS",2.02626649355532,0.579387106438679,0,0.939724958677125,0.0305751814233596,"3b","3b","3b","3b","2b"
2019-10-26 03:00:00,"BAQS",1.54649276171802,0.697901501795004,0,0.910410976532361,0.0604508689792227,"3b","3b","3b","3b","2b"
2019-10-26 04:00:00,"BAQS",0.503030069029351,0.520269242297104,0,0.479521615067698,0.0164583655710381,"3b","3b","3b","3b","2b"
2019-10-26 05:00:00,"BAQS",1.10636329004481,0.150613865190646,0.316475932641006,0.229347069916115,0,"3b","3b","3b","3b","2b"
2019-10-26 06:00:00,"BAQS",0.981924990561656,0,0.322861421171766,0.220524335027261,0.0509448258038111,"3b","3b","3b","3b","2b"
2019-10-26 07:00:00,"BAQS",0,0,0,0.250182998717305,0,"3b","3b","3b","3b","2b"
2019-10-26 08:00:00,"BAQS",0.151471128496881,0,0,0.171482391926493,0,"3b","3b","3b","3b","2b"
2019-10-26 09:00:00,"BAQS",0.815880909907714,0.510288904152625,0.541342563009704,0.255580429307481,0.0338758012639679,"3b","3b","3b","3b","2b"
2019-10-26 10:00:00,"BAQS",1.29655788891945,0.424272322773553,0.0552115817575297,0.212593380653593,0.0180221471808476,"3b","3b","3b","3b","2b"
2019-10-26 11:00:00,"BAQS",2.57279098425977,0.680352618704443,0.557892188862071,0.221762129187002,0.340513205610354,"3b","3b","3b","3b","2b"
2019-10-26 12:00:00,"BAQS",1.47075379292456,0.350410490750934,0.515565945972632,0.265665143374704,0.211113639807181,"3b","3b","3b","3b","2b"
2019-10-26 13:00:00,"BAQS",1.15141983097104,0,0.60791841419178,0.213980427588197,0,"3b","3b","3b","3b","2b"
2019-10-26 14:00:00,"BAQS",1.48370472732847,0.00825112057839154,1.02773259814253,0.31696096634346,0.0610052058767911,"3b","3b","3b","3b","2b"
2019-10-26 15:00:00,"BAQS",2.14037197667187,0.405002127211772,0.595103650271236,0.584726738309907,0.0078589130027037,"3b","3b","3b","3b","2b"
2019-10-26 16:00:00,"BAQS",2.07946628617666,0.512204092214848,0.767417804479331,0.993607147512588,0.038846652462622,"3b","3b","3b","3b","2b"
2019-10-26 17:00:00,"BAQS",2.52162742227343,0.378430839152231,0.611713239029019,1.19986978239076,0.0226943066217967,"3b","3b","3b","3b","2b"
2019-10-26 18:00:00,"BAQS",3.53682292642168,0.967380233838341,0.746647141553818,1.14465297499629,0.0726748526007888,"3b","3b","3b","3b","2b"
2019-10-26 19:00:00,"BAQS",4.35262759507741,0.250096618675297,0.576392659121077,1.08204645103308,0,"3b","3b","3b","3b","2b"
2019-10-26 20:00:00,"BAQS",4.26704947404042,0.456420051275208,0.818237734987818,0.629550075840813,0.0988853842159004,"3b","3b","3b","3b","2b"
2019-10-26 21:00:00,"BAQS",2.35084619075284,0.223284326024564,0.347896561406099,0.250141214264818,0.0447578675659306,"3b","3b","3b","3b","2b"
2019-10-26 22:00:00,"BAQS",1.46865931279074,0,0.503285236580757,0.161708206030478,0.0232224563403889,"3b","3b","3b","3b","2b"
2019-10-26 23:00:00,"BAQS",1.50243449898226,0.425460628310468,0.352142021783541,0.101562596989981,0.0103871523187309,"3b","3b","3b","3b","2b"
2019-10-27,"BAQS",1.93830765285155,0.610766867040053,1.3483716111715,0.0715510420347528,0.0476764310544868,"3b","3b","3b","3b","2b"
2019-10-27 01:00:00,"BAQS",2.12701796778215,0,0.749735128077738,0.169761626407548,0.044342026643544,"3b","3b","3b","3b","2b"
2019-10-27 02:00:00,"BAQS",0.879031518196901,0.799123554841326,0,0.142069359149023,0,"3b","3b","3b","3b","2b"
2019-10-27 03:00:00,"BAQS",0,1.0186043327874,2.09489900242797,0.0518697848166086,0.120235246797249,"3b","3b","3b","3b","2b"
2019-10-27 04:00:00,"BAQS",0,0.259128696219428,0,0.170576020949473,0,"3b","3b","3b","3b","2b"
2019-10-27 05:00:00,"BAQS",0.994607169073611,0,2.0193146961864,0.0306479443607809,0.00745232147850738,"3b","3b","3b","3b","2b"
2019-10-27 06:00:00,"BAQS",2.14864695738713,0.1438987531328,0.39110371734585,0.197384058120668,0,"3b","3b","3b","3b","2b"
2019-10-27 07:00:00,"BAQS",1.7208973416205,0,0.606882880567075,0.110357938569319,0.0182167021140406,"3b","3b","3b","3b","2b"
2019-10-27 08:00:00,"BAQS",1.40192562459653,0.135384392381109,0.635471361028937,0.143547118640749,0.0679061463761758,"3b","3b","3b","3b","2b"
2019-10-27 09:00:00,"BAQS",2.54355106168399,0.18218369837083,0.367190000796352,0.279938993593742,0.00130861222175705,"3b","3b","3b","3b","2b"
2019-10-27 10:00:00,"BAQS",1.710266364903,0.47794583995035,1.37950514307975,0.208380441603994,0.0872662887427926,"3b","3b","3b","3b","2b"
2019-10-27 11:00:00,"BAQS",1.66651073045056,0.511505866374514,0.0657519081002956,0.249631916904148,0.0375128350148532,"3b","3b","3b","3b","2b"
2019-10-27 12:00:00,"BAQS",0.613984508860146,0,0.618511634090875,0.411554462819053,0.139597065153445,"3b","3b","3b","3b","2b"
2019-10-27 13:00:00,"BAQS",0,0.91458482102939,1.01008946089785,0.202980954000728,0.0434270271716683,"3b","3b","3b","3b","2b"
2019-10-27 14:00:00,"BAQS",2.91043828803851,1.02924666262264,0.555438905157771,0.146196871301391,0.0883062637601621,"3b","3b","3b","3b","2b"
2019-10-27 15:00:00,"BAQS",1.3444362732737,0,1.05147778893325,0.202851946100018,0.0095198290872227,"3b","3b","3b","3b","2b"
2019-10-27 16:00:00,"BAQS",4.77522016265077,0.228528607712284,0.16237608972893,0.592036911710182,0.184887471712676,"3b","3b","3b","3b","2b"
2019-10-27 17:00:00,"BAQS",9.66140068287494,0.394861366934707,0.783716060511557,0.66845018230987,0.133865398491804,"3b","3b","3b","3b","2b"
2019-10-27 18:00:00,"BAQS",19.1217629345764,1.0869656094157,0.56920948633224,2.25156069349108,1.57770983601227,"3b","3b","3b","3b","2b"
2019-10-27 19:00:00,"BAQS",16.7934317751956,0.590483819339481,2.51849612466495,2.59874638406512,2.09456430457456,"3b","3b","3b","3b","2b"
2019-10-27 20:00:00,"BAQS",20.5477295487102,1.9513420729135,5.38665782145477,3.11911339978585,3.55429917977419,"3b","3b","3b","3b","2b"
2019-10-27 21:00:00,"BAQS",24.0293237978421,0.78604897683275,4.10775614551167,2.64764570787096,3.5887315241396,"3b","3b","3b","3b","2b"
2019-10-27 22:00:00,"BAQS",19.0352218353772,0.965096165223471,1.28157463831867,2.41996533076622,1.36170284694921,"3b","3b","3b","3b","2b"
2019-10-27 23:00:00,"BAQS",12.6523049164835,1.05162773275526,0,1.81963664956399,0.527888180599831,"3b","3b","3b","3b","2b"
2019-10-28,"BAQS",5.57768788509386,0.801046732361346,0.723119895349533,0.975977511795093,0.129497902944982,"3b","3b","3b","3b","2b"
2019-10-28 01:00:00,"BAQS",4.85939378741856,0.522501435601965,0,0.740939325089838,0.0457768640082387,"3b","3b","3b","3b","2b"
2019-10-28 02:00:00,"BAQS",5.68946038162352,0.55517017201725,0.0661957144169783,0.88400839056451,0.0856533585210154,"3b","3b","3b","3b","2b"
2019-10-28 03:00:00,"BAQS",4.32020097041464,0.478434255174503,0.761205338192335,0.978111551360715,0.0210270674343084,"3b","3b","3b","3b","2b"
2019-10-28 04:00:00,"BAQS",3.36090944242372,0.845253061565445,0.326709516415139,1.50596603371387,0.0483973583581451,"3b","3b","3b","3b","2b"
2019-10-28 05:00:00,"BAQS",3.60808016752125,0.734501072801904,0.158170746779753,1.64631550594403,0,"3b","3b","3b","3b","2b"
2019-10-28 06:00:00,"BAQS",4.03340154781714,0.931907757750226,0.0345982103954387,2.32299667717253,0.0916094867409788,"3b","3b","3b","3b","2b"
2019-10-28 07:00:00,"BAQS",4.55636266114611,1.31605753082229,0.914472221799732,2.676022975498,0.0558579108855715,"3b","3b","3b","3b","2b"
2019-10-28 08:00:00,"BAQS",8.38606452453965,1.54348984303755,0.561822851887421,2.8570523183393,0.207176448850165,"3b","3b","3b","3b","2b"
2019-10-28 09:00:00,"BAQS",3.57820077864712,0.746461133007658,0.68891606567359,2.01286381617567,0.0865990284697108,"3b","3b","3b","3b","2b"
2019-10-28 10:00:00,"BAQS",2.86890784627817,0.381551371124168,0.232528469129665,1.04588491284732,0.122169429283541,"3b","3b","3b","3b","2b"
2019-10-28 11:00:00,"BAQS",3.73138413861424,1.39133525604296,1.14427323767635,2.25075892998676,0.318453730910635,"3b","3b","3b","3b","2b"
2019-10-28 12:00:00,"BAQS",3.2647323805434,1.30903421548601,0.622133990211636,1.95415320383992,0.19038596214793,"3b","3b","3b","3b","2b"
2019-10-28 13:00:00,"BAQS",2.90316014080481,0.96103041101041,0.730728551878589,1.4886510618129,0.199639886341718,"3b","3b","3b","3b","2b"
2019-10-28 14:00:00,"BAQS",2.91780852687162,0.733982611039811,0.979350819905164,1.18944307455368,0.106802484296401,"3b","3b","3b","3b","2b"
2019-10-28 15:00:00,"BAQS",2.34269676224755,0.606040834939943,1.02954465635348,1.4523481999549,0.147811817951106,"3b","3b","3b","3b","2b"
2019-10-28 16:00:00,"BAQS",4.56744424026364,0.915456770589424,1.06584402991076,0.976276645894061,0.190110396465748,"3b","3b","3b","3b","2b"
2019-10-28 17:00:00,"BAQS",3.70411580785528,1.17843858415631,0.723857592433908,0.603005681437777,0.188620883226975,"3b","3b","3b","3b","2b"
2019-10-28 18:00:00,"BAQS",4.83387396611038,1.15129242752573,0.517469929081973,0.901858109408248,0.199415095663728,"3b","3b","3b","3b","2b"
2019-10-28 19:00:00,"BAQS",8.39991663201741,0.691398879430236,0.643185619625047,1.74007140570523,0.205467315702938,"3b","3b","3b","3b","2b"
2019-10-28 20:00:00,"BAQS",6.08654954570906,1.20320153956546,0.757940516989697,2.39245111713682,0.137582220886467,"3b","3b","3b","3b","2b"
2019-10-28 21:00:00,"BAQS",4.56993243196273,0.912752035268504,0.75398738296073,1.42243041175792,0.115053470547389,"3b","3b","3b","3b","2b"
2019-10-28 22:00:00,"BAQS",3.19126730322086,0.74801507835065,0.728224275035353,1.51154157385458,0.0800022327373507,"3b","3b","3b","3b","2b"
2019-10-28 23:00:00,"BAQS",4.90308400965187,1.14255788189413,0.234389115111664,1.62543544148908,0.0559510030996178,"3b","3b","3b","3b","2b"
2019-10-29,"BAQS",5.43484599465604,0.778039633216503,0.47177715652374,1.8446867020726,0.0305639033616212,"3b","3b","3b","3b","2b"
2019-10-29 01:00:00,"BAQS",6.9630754018812,0.845734499785576,0.324872741359971,2.05516328356945,0.0581507966953209,"3b","3b","3b","3b","2b"
2019-10-29 02:00:00,"BAQS",7.68660313858154,0.935671725586056,0.757499788074605,2.82241083541881,0.085822390952528,"3b","3b","3b","3b","2b"
2019-10-29 03:00:00,"BAQS",5.85791793025846,1.46600737001442,0.417543654223712,3.58995143960417,0.0774550890166967,"3b","3b","3b","3b","2b"
2019-10-29 04:00:00,"BAQS",5.2821197021204,2.16323805457695,0.398083724446838,4.28994985137858,0.029379820545758,"3b","3b","3b","3b","2b"
2019-10-29 05:00:00,"BAQS",5.36963857208558,2.09556842613589,0,4.71827567135203,0.0470631084256706,"3b","3b","3b","3b","2b"
2019-10-29 06:00:00,"BAQS",3.50389950961053,1.43955023513112,1.01779394735649,3.68781246368418,0.0311778174048206,"3b","3b","3b","3b","2b"
2019-10-29 07:00:00,"BAQS",3.74242370297103,2.20381353236869,0.639620405308747,4.51290465717616,0.0576464031568385,"3b","3b","3b","3b","2b"
2019-10-29 08:00:00,"BAQS",5.55270893526122,3.01634569040504,0.859683180838022,5.76401405593129,0.349297722590215,"3b","3b","3b","3b","2b"
2019-10-29 09:00:00,"BAQS",5.60497880718467,2.98199192296674,0.398272145783094,5.22343736701608,0.41469888798425,"3b","3b","3b","3b","2b"
2019-10-29 10:00:00,"BAQS",4.80218360411209,2.31533014678296,1.22961501380393,4.00681193917637,0.26299764490967,"3b","3b","3b","3b","2b"
2019-10-29 11:00:00,"BAQS",2.23159206686698,0.948463300347867,1.00236223826624,1.8180903517552,0.120706782076073,"3b","3b","3b","3b","2b"
2019-10-29 12:00:00,"BAQS",0,0.482203758667763,0.731140470582367,0.640256409897344,0.0656908040248689,"3b","3b","3b","3b","2b"
2019-10-29 13:00:00,"BAQS",2.19685805449089,0.284287129232559,0.720769931913174,0.76812166147162,0.0662659168130531,"3b","3b","3b","3b","2b"
2019-10-29 14:00:00,"BAQS",2.10741785642718,0.440218959707702,1.1382144469522,0.455622419327668,0.0717452596064804,"3b","3b","3b","3b","2b"
2019-10-29 15:00:00,"BAQS",3.35384308193347,0.178990710178065,0.13151008052131,0.254616972849163,0.0540862105635789,"3b","3b","3b","3b","2b"
2019-10-29 16:00:00,"BAQS",2.55668596933764,0.225212456782905,0.836164385039931,0.272085494503875,0.0403411198551751,"3b","3b","3b","3b","2b"
2019-10-29 17:00:00,"BAQS",5.82384678995926,0.743972888747409,0,0.877206434701263,0.178115806651035,"3b","3b","3b","3b","2b"
2019-10-29 18:00:00,"BAQS",5.83081593578617,0.395642797715158,0.380371915109878,1.04792271441132,0.40998389749676,"3b","3b","3b","3b","2b"
2019-10-29 19:00:00,"BAQS",5.92672960361977,1.59551303799456,0,1.39870258175776,0.318344837584131,"3b","3b","3b","3b","2b"
2019-10-29 20:00:00,"BAQS",6.31990115353334,1.00237473445551,0.498638849875349,1.74940954574291,0.230587078820381,"3b","3b","3b","3b","2b"
2019-10-29 21:00:00,"BAQS",7.30214015734022,1.39414223809568,0.0733251123248647,1.41311805932726,0.349987202136599,"3b","3b","3b","3b","2b"
2019-10-29 22:00:00,"BAQS",4.3930025694513,0.870778701471366,0.10648365769437,1.13566045457641,0.0988823106654946,"3b","3b","3b","3b","2b"
2019-10-29 23:00:00,"BAQS",3.80794469327587,0.543558690413241,0,1.09006496349748,0.149860243330323,"3b","3b","3b","3b","2b"
2019-10-30,"BAQS",2.4285141839991,0.798188402267238,0,1.07529257535997,0.0879324502493552,"3b","3b","3b","3b","2b"
2019-10-30 01:00:00,"BAQS",2.00024138188923,0.563714266287268,0.178371036433546,1.06763372297536,0.045195396123849,"3b","3b","3b","3b","2b"
2019-10-30 02:00:00,"BAQS",2.57416181803494,0.0466417452602734,0,0.776774421224258,0.0556614382196377,"3b","3b","3b","3b","2b"
2019-10-30 03:00:00,"BAQS",0.43451049038963,0.526700695662385,0.0610245800746516,0.558967543282776,0.0350885584563697,"3b","3b","3b","3b","2b"
2019-10-30 04:00:00,"BAQS",2.46304791891536,0.208058555690328,0.248955603853356,0.657792858056301,0.00430265888390903,"3b","3b","3b","3b","2b"
2019-10-30 05:00:00,"BAQS",1.5712446822639,0.676388229892808,0.519182061249783,0.762478178065027,0,"3b","3b","3b","3b","2b"
2019-10-30 06:00:00,"BAQS",1.44054871727675,0.151573473797607,0.651158573101092,0.908297660497449,0.0607207518748667,"3b","3b","3b","3b","2b"
2019-10-30 07:00:00,"BAQS",2.246875816911,0.881312740181604,0.629105409705377,1.37739160689968,0.178022250726918,"3b","3b","3b","3b","2b"
2019-10-30 08:00:00,"BAQS",3.15837892748978,1.30512952648733,0.360174689201446,1.88156814523621,0.133438773922869,"3b","3b","3b","3b","2b"
2019-10-30 09:00:00,"BAQS",3.50408377314593,2.37274808090666,1.73485261963604,4.37493754537069,0.247356588535374,"3b","3b","3b","3b","2b"
2019-10-30 10:00:00,"BAQS",2.65179702164975,3.04968097080413,2.26432471187892,5.19471760662239,0.186323308100104,"3b","3b","3b","3b","2b"
2019-10-30 11:00:00,"BAQS",4.62395909342142,3.23819980952827,3.14259967669989,5.62406049030992,0.288931481643414,"3b","3b","3b","3b","2b"
2019-10-30 12:00:00,"BAQS",4.42911622335211,4.46214659645091,2.86496478468109,5.54111889597367,0.130528048251358,"3b","3b","3b","3b","2b"
2019-10-30 13:00:00,"BAQS",3.04510484059576,3.57147324507172,2.80906842536934,4.71671178552203,0.176470435509119,"3b","3b","3b","3b","2b"
2019-10-30 14:00:00,"BAQS",4.14611511287916,3.20148363273732,2.89644635293451,4.84563449951949,0.156820642309377,"3b","3b","3b","3b","2b"
2019-10-30 15:00:00,"BAQS",4.43166593237585,2.81887569193187,2.81564654225486,4.46529044522395,0.214897899962144,"3b","3b","3b","3b","2b"
2019-10-30 16:00:00,"BAQS",5.00087876951628,3.82886361709236,2.33379908291186,4.70939078173018,0.496151901532122,"3b","3b","3b","3b","2b"
2019-10-30 17:00:00,"BAQS",4.4510484198183,3.11043760521436,3.17869639579847,4.0028367648376,0.301155865563666,"3b","3b","3b","3b","2b"
2019-10-30 18:00:00,"BAQS",6.40646807624797,3.02411182417049,2.1603792772182,3.62810762203743,0.531133830977464,"3b","3b","3b","3b","2b"
2019-10-30 19:00:00,"BAQS",6.35604431535801,2.22661266156698,1.46676195537476,3.58795140515556,0.425303184732244,"3b","3b","3b","3b","2b"
2019-10-30 20:00:00,"BAQS",6.4992033965438,2.13247848294579,1.55988026844537,3.51966000178497,0.35204084374013,"3b","3b","3b","3b","2b"
2019-10-30 21:00:00,"BAQS",4.74988430435226,1.81882652633759,1.72603220317322,3.92599016132443,0.190288088145805,"3b","3b","3b","3b","2b"
2019-10-30 22:00:00,"BAQS",6.66328203251492,2.17715605419124,1.225509264822,4.45623453793104,0.220301395769843,"3b","3b","3b","3b","2b"
2019-10-30 23:00:00,"BAQS",6.39166338120596,2.56514334245022,0.927802205895077,4.60241426976297,0.226188374036367,"3b","3b","3b","3b","2b"
2019-10-31,"BAQS",NA,NA,NA,NA,NA,"0b","0b","0b","0b","0b"
2019-10-31 01:00:00,"BAQS",NA,NA,NA,NA,NA,"0b","0b","0b","0b","0b"
2019-10-31 02:00:00,"BAQS",NA,NA,NA,NA,NA,"0b","0b","0b","0b","0b"
2019-10-31 03:00:00,"BAQS",NA,NA,NA,NA,NA,"0b","0b","0b","0b","0b"
2019-10-31 04:00:00,"BAQS",NA,NA,NA,NA,NA,"0b","0b","0b","0b","0b"
2019-10-31 05:00:00,"BAQS",NA,NA,NA,NA,NA,"0b","0b","0b","0b","0b"
2019-10-31 06:00:00,"BAQS",NA,NA,NA,NA,NA,"0b","0b","0b","0b","0b"
2019-10-31 07:00:00,"BAQS",NA,NA,NA,NA,NA,"0b","0b","0b","0b","0b"
2019-10-31 08:00:00,"BAQS",NA,NA,NA,NA,NA,"0b","0b","0b","0b","0b"
2019-10-31 09:00:00,"BAQS",NA,NA,NA,NA,NA,"0b","0b","0b","0b","0b"
2019-10-31 10:00:00,"BAQS",NA,NA,NA,NA,NA,"0b","0b","0b","0b","0b"
2019-10-31 11:00:00,"BAQS",NA,NA,NA,NA,NA,"0b","0b","0b","0b","0b"
2019-10-31 12:00:00,"BAQS",NA,NA,NA,NA,NA,"0b","0b","0b","0b","0b"
2019-10-31 13:00:00,"BAQS",NA,NA,NA,NA,NA,"0b","0b","0b","0b","0b"
2019-10-31 14:00:00,"BAQS",NA,NA,NA,NA,NA,"0b","0b","0b","0b","0b"
2019-10-31 15:00:00,"BAQS",NA,NA,NA,NA,NA,"0b","0b","0b","0b","0b"
2019-10-31 16:00:00,"BAQS",NA,NA,NA,NA,NA,"0b","0b","0b","0b","0b"
2019-10-31 17:00:00,"BAQS",NA,NA,NA,NA,NA,"0b","0b","0b","0b","0b"
2019-10-31 18:00:00,"BAQS",NA,NA,NA,NA,NA,"0b","0b","0b","0b","0b"
2019-10-31 19:00:00,"BAQS",NA,NA,NA,NA,NA,"0b","0b","0b","0b","0b"
2019-10-31 20:00:00,"BAQS",NA,NA,NA,NA,NA,"0b","0b","0b","0b","0b"
2019-10-31 21:00:00,"BAQS",NA,NA,NA,NA,NA,"0b","0b","0b","0b","0b"
2019-10-31 22:00:00,"BAQS",NA,NA,NA,NA,NA,"0b","0b","0b","0b","0b"
2019-10-31 23:00:00,"BAQS",20.886912648329,0,2.45597603943448,7.71776197649451,0.18545821072462,"3b","3b","3b","3b","2b"
