"datetime","O3","qc_flag_O3"
"2020-05-01 00:00:00",21.8997,"1b"
"2020-05-01 01:00:00",21.0815909090909,"1b"
"2020-05-01 02:00:00",19.6935166666667,"1b"
"2020-05-01 03:00:00",19.3167166666667,"1b"
"2020-05-01 04:00:00",15.04575,"1b"
"2020-05-01 05:00:00",11.86475,"1b"
"2020-05-01 06:00:00",17.3401833333333,"1b"
"2020-05-01 07:00:00",18.8416833333333,"1b"
"2020-05-01 08:00:00",18.13255,"1b"
"2020-05-01 09:00:00",22.01175,"1b"
"2020-05-01 10:00:00",23.69805,"1b"
"2020-05-01 11:00:00",24.7665166666667,"1b"
"2020-05-01 12:00:00",26.9010666666667,"1b"
"2020-05-01 13:00:00",28.7272,"1b"
"2020-05-01 14:00:00",28.8004666666667,"1b"
"2020-05-01 15:00:00",27.8112833333333,"1b"
"2020-05-01 16:00:00",29.06395,"1b"
"2020-05-01 17:00:00",29.5415833333333,"1b"
"2020-05-01 18:00:00",30.3750166666667,"1b"
"2020-05-01 19:00:00",27.2514166666667,"1b"
"2020-05-01 20:00:00",25.4736166666667,"1b"
"2020-05-01 21:00:00",21.7416,"1b"
"2020-05-01 22:00:00",25.5099333333333,"1b"
"2020-05-01 23:00:00",25.4842166666667,"1b"
"2020-05-02 00:00:00",26.50335,"1b"
"2020-05-02 01:00:00",24.0359772727273,"1b"
"2020-05-02 02:00:00",22.2693,"1b"
"2020-05-02 03:00:00",22.1541,"1b"
"2020-05-02 04:00:00",22.1526333333333,"1b"
"2020-05-02 05:00:00",17.4432,"1b"
"2020-05-02 06:00:00",24.5797,"1b"
"2020-05-02 07:00:00",26.54695,"1b"
"2020-05-02 08:00:00",29.0261833333333,"1b"
"2020-05-02 09:00:00",30.3034333333333,"1b"
"2020-05-02 10:00:00",29.4874333333333,"1b"
"2020-05-02 11:00:00",30.4845166666667,"1b"
"2020-05-02 12:00:00",30.0784,"1b"
"2020-05-02 13:00:00",29.1744666666667,"1b"
"2020-05-02 14:00:00",28.51585,"1b"
"2020-05-02 15:00:00",29.44975,"1b"
"2020-05-02 16:00:00",29.0983333333333,"1b"
"2020-05-02 17:00:00",28.0681333333333,"1b"
"2020-05-02 18:00:00",27.6052,"1b"
"2020-05-02 19:00:00",26.4620666666667,"1b"
"2020-05-02 20:00:00",18.52435,"1b"
"2020-05-02 21:00:00",14.1614,"1b"
"2020-05-02 22:00:00",12.37945,"1b"
"2020-05-02 23:00:00",12.0155,"1b"
"2020-05-03 00:00:00",10.778575,"1b"
"2020-05-03 01:00:00",8.61911363636364,"1b"
"2020-05-03 02:00:00",9.58373333333333,"1b"
"2020-05-03 03:00:00",12.3189666666667,"1b"
"2020-05-03 04:00:00",13.7231333333333,"1b"
"2020-05-03 05:00:00",13.57825,"1b"
"2020-05-03 06:00:00",14.74795,"1b"
"2020-05-03 07:00:00",16.3441833333333,"1b"
"2020-05-03 08:00:00",15.6423833333333,"1b"
"2020-05-03 09:00:00",25.2546166666667,"1b"
"2020-05-03 10:00:00",30.8398833333333,"1b"
"2020-05-03 11:00:00",31.1793,"1b"
"2020-05-03 12:00:00",31.05855,"1b"
"2020-05-03 13:00:00",31.5552166666667,"1b"
"2020-05-03 14:00:00",33.59325,"1b"
"2020-05-03 15:00:00",35.2023333333333,"1b"
"2020-05-03 16:00:00",34.2448,"1b"
"2020-05-03 17:00:00",28.52395,"1b"
"2020-05-03 18:00:00",27.63465,"1b"
"2020-05-03 19:00:00",26.5193,"1b"
"2020-05-03 20:00:00",20.58895,"1b"
"2020-05-03 21:00:00",12.6635833333333,"1b"
"2020-05-03 22:00:00",8.5395,"1b"
"2020-05-03 23:00:00",13.5868166666667,"1b"
"2020-05-04 00:00:00",13.80055,"1b"
"2020-05-04 01:00:00",11.91,"1b"
"2020-05-04 02:00:00",12.3391833333333,"1b"
"2020-05-04 03:00:00",13.0437,"1b"
"2020-05-04 04:00:00",8.29268333333333,"1b"
"2020-05-04 05:00:00",8.2292,"1b"
"2020-05-04 06:00:00",11.0648666666667,"1b"
"2020-05-04 07:00:00",12.2843333333333,"1b"
"2020-05-04 08:00:00",17.56615,"1b"
"2020-05-04 09:00:00",20.5025666666667,"1b"
"2020-05-04 10:00:00",24.0411333333333,"1b"
"2020-05-04 11:00:00",25.9907666666667,"1b"
"2020-05-04 12:00:00",27.7172666666667,"1b"
"2020-05-04 13:00:00",31.25595,"1b"
"2020-05-04 14:00:00",32.9988,"1b"
"2020-05-04 15:00:00",32.8998833333333,"1b"
"2020-05-04 16:00:00",35.5875333333333,"1b"
"2020-05-04 17:00:00",35.1712166666667,"1b"
"2020-05-04 18:00:00",33.9917833333333,"1b"
"2020-05-04 19:00:00",31.4051833333333,"1b"
"2020-05-04 20:00:00",30.65125,"1b"
"2020-05-04 21:00:00",29.4940333333333,"1b"
"2020-05-04 22:00:00",27.99485,"1b"
"2020-05-04 23:00:00",27.5703166666667,"1b"
"2020-05-05 00:00:00",28.964025,"1b"
"2020-05-05 01:00:00",28.5256590909091,"1b"
"2020-05-05 02:00:00",28.1939333333333,"1b"
"2020-05-05 03:00:00",25.79725,"1b"
"2020-05-05 04:00:00",25.8493166666667,"1b"
"2020-05-05 05:00:00",25.9929333333333,"1b"
"2020-05-05 06:00:00",26.9554666666667,"1b"
"2020-05-05 07:00:00",29.39975,"1b"
"2020-05-05 08:00:00",29.7327833333333,"1b"
"2020-05-05 09:00:00",29.18255,"1b"
"2020-05-05 10:00:00",29.6337166666667,"1b"
"2020-05-05 11:00:00",30.2189666666667,"1b"
"2020-05-05 12:00:00",31.58215,"1b"
"2020-05-05 13:00:00",33.6376166666667,"1b"
"2020-05-05 14:00:00",35.4517333333333,"1b"
"2020-05-05 15:00:00",35.0538666666667,"1b"
"2020-05-05 16:00:00",34.8418,"1b"
"2020-05-05 17:00:00",36.0459666666667,"1b"
"2020-05-05 18:00:00",35.7596,"1b"
"2020-05-05 19:00:00",33.29825,"1b"
"2020-05-05 20:00:00",30.25705,"1b"
"2020-05-05 21:00:00",27.959,"1b"
"2020-05-05 22:00:00",26.8332833333333,"1b"
"2020-05-05 23:00:00",25.4110333333333,"1b"
"2020-05-06 00:00:00",23.380125,"1b"
"2020-05-06 01:00:00",21.3112727272727,"1b"
"2020-05-06 02:00:00",21.10255,"1b"
"2020-05-06 03:00:00",20.3226,"1b"
"2020-05-06 04:00:00",15.11185,"1b"
"2020-05-06 05:00:00",16.9008333333333,"1b"
"2020-05-06 06:00:00",21.5878,"1b"
"2020-05-06 07:00:00",25.9397833333333,"1b"
"2020-05-06 08:00:00",29.2024666666667,"1b"
"2020-05-06 09:00:00",31.3915333333333,"1b"
"2020-05-06 10:00:00",32.9542666666667,"1b"
"2020-05-06 11:00:00",33.08075,"1b"
"2020-05-06 12:00:00",33.8244333333333,"1b"
"2020-05-06 13:00:00",36.69125,"1b"
"2020-05-06 14:00:00",39.87045,"1b"
"2020-05-06 15:00:00",39.8752,"1b"
"2020-05-06 16:00:00",40.8427333333333,"1b"
"2020-05-06 17:00:00",41.18205,"1b"
"2020-05-06 18:00:00",40.39095,"1b"
"2020-05-06 19:00:00",36.34335,"1b"
"2020-05-06 20:00:00",28.8864666666667,"1b"
"2020-05-06 21:00:00",22.6507833333333,"1b"
"2020-05-06 22:00:00",21.0069333333333,"1b"
"2020-05-06 23:00:00",22.5502,"1b"
"2020-05-07 00:00:00",20.629275,"1b"
"2020-05-07 01:00:00",20.2036818181818,"1b"
"2020-05-07 02:00:00",17.7443666666667,"1b"
"2020-05-07 03:00:00",18.76315,"1b"
"2020-05-07 04:00:00",15.5329166666667,"1b"
"2020-05-07 05:00:00",13.8301166666667,"1b"
"2020-05-07 06:00:00",22.0467,"1b"
"2020-05-07 07:00:00",25.4652,"1b"
"2020-05-07 08:00:00",30.12265,"1b"
"2020-05-07 09:00:00",37.0547833333333,"1b"
"2020-05-07 10:00:00",40.1221333333333,"1b"
"2020-05-07 11:00:00",43.27355,"1b"
"2020-05-07 12:00:00",43.7306,"1b"
"2020-05-07 13:00:00",43.60795,"1b"
"2020-05-07 14:00:00",42.5484333333333,"1b"
"2020-05-07 15:00:00",42.3477166666667,"1b"
"2020-05-07 16:00:00",40.3201,"1b"
"2020-05-07 17:00:00",39.0205166666667,"1b"
"2020-05-07 18:00:00",38.61195,"1b"
"2020-05-07 19:00:00",30.6224,"1b"
"2020-05-07 20:00:00",24.2329166666667,"1b"
"2020-05-07 21:00:00",12.44055,"1b"
"2020-05-07 22:00:00",16.7101833333333,"1b"
"2020-05-07 23:00:00",21.4131333333333,"1b"
"2020-05-08 00:00:00",24.861,"1b"
"2020-05-08 01:00:00",21.6220454545455,"1b"
"2020-05-08 02:00:00",20.4148333333333,"1b"
"2020-05-08 03:00:00",16.1253833333333,"1b"
"2020-05-08 04:00:00",10.4923,"1b"
"2020-05-08 05:00:00",7.49193333333333,"1b"
"2020-05-08 06:00:00",6.45768333333333,"1b"
"2020-05-08 07:00:00",25.8279333333333,"1b"
"2020-05-08 08:00:00",29.5982333333333,"1b"
"2020-05-08 09:00:00",32.1791333333333,"1b"
"2020-05-08 10:00:00",35.2568333333333,"1b"
"2020-05-08 11:00:00",35.8913333333333,"1b"
"2020-05-08 12:00:00",35.7803666666667,"1b"
"2020-05-08 13:00:00",34.6008333333333,"1b"
"2020-05-08 14:00:00",34.8367666666667,"1b"
"2020-05-08 15:00:00",35.3564,"1b"
"2020-05-08 16:00:00",33.8577666666667,"1b"
"2020-05-08 17:00:00",32.6218833333333,"1b"
"2020-05-08 18:00:00",29.7757666666667,"1b"
"2020-05-08 19:00:00",31.1260833333333,"1b"
"2020-05-08 20:00:00",27.8751833333333,"1b"
"2020-05-08 21:00:00",20.9269666666667,"1b"
"2020-05-08 22:00:00",21.1697,"1b"
"2020-05-08 23:00:00",20.8740666666667,"1b"
"2020-05-09 00:00:00",20.119975,"1b"
"2020-05-09 01:00:00",19.2240454545455,"1b"
"2020-05-09 02:00:00",18.1013666666667,"1b"
"2020-05-09 03:00:00",15.8752833333333,"1b"
"2020-05-09 04:00:00",16.4264333333333,"1b"
"2020-05-09 05:00:00",16.2073166666667,"1b"
"2020-05-09 06:00:00",18.0893666666667,"1b"
"2020-05-09 07:00:00",21.3548,"1b"
"2020-05-09 08:00:00",22.3765666666667,"1b"
"2020-05-09 09:00:00",25.943,"1b"
"2020-05-09 10:00:00",36.2422166666667,"1b"
"2020-05-09 11:00:00",39.9969166666667,"1b"
"2020-05-09 12:00:00",40.0982,"1b"
"2020-05-09 13:00:00",39.6877,"1b"
"2020-05-09 14:00:00",40.0193333333333,"1b"
"2020-05-09 15:00:00",31.1136833333333,"1b"
"2020-05-09 16:00:00",27.4859333333333,"1b"
"2020-05-09 17:00:00",26.7471333333333,"1b"
"2020-05-09 18:00:00",30.3867,"1b"
"2020-05-09 19:00:00",25.5413166666667,"1b"
"2020-05-09 20:00:00",26.8587333333333,"1b"
"2020-05-09 21:00:00",29.8764333333333,"1b"
"2020-05-09 22:00:00",29.9853666666667,"1b"
"2020-05-09 23:00:00",28.0165166666667,"1b"
"2020-05-10 00:00:00",25.187325,"1b"
"2020-05-10 01:00:00",24.1052727272727,"1b"
"2020-05-10 02:00:00",24.5230833333333,"1b"
"2020-05-10 03:00:00",24.3785333333333,"1b"
"2020-05-10 04:00:00",21.2733,"1b"
"2020-05-10 05:00:00",19.6263166666667,"1b"
"2020-05-10 06:00:00",24.9345,"1b"
"2020-05-10 07:00:00",24.4199666666667,"1b"
"2020-05-10 08:00:00",24.6471,"1b"
"2020-05-10 09:00:00",27.7127,"1b"
"2020-05-10 10:00:00",29.1107833333333,"1b"
"2020-05-10 11:00:00",29.092,"1b"
"2020-05-10 12:00:00",28.4472333333333,"1b"
"2020-05-10 13:00:00",27.1608,"1b"
"2020-05-10 14:00:00",26.5167666666667,"1b"
"2020-05-10 15:00:00",27.5146333333333,"1b"
"2020-05-10 16:00:00",27.73555,"1b"
"2020-05-10 17:00:00",27.8837166666667,"1b"
"2020-05-10 18:00:00",26.8588166666667,"1b"
"2020-05-10 19:00:00",28.1571666666667,"1b"
"2020-05-10 20:00:00",29.6667,"1b"
"2020-05-10 21:00:00",28.09675,"1b"
"2020-05-10 22:00:00",25.46405,"1b"
"2020-05-10 23:00:00",24.51725,"1b"
"2020-05-11 00:00:00",23.53035,"1b"
"2020-05-11 01:00:00",20.6795909090909,"1b"
"2020-05-11 02:00:00",21.56055,"1b"
"2020-05-11 03:00:00",22.4882333333333,"1b"
"2020-05-11 04:00:00",21.2139666666667,"1b"
"2020-05-11 05:00:00",21.0758333333333,"1b"
"2020-05-11 06:00:00",22.6450833333333,"1b"
"2020-05-11 07:00:00",23.8608333333333,"1b"
"2020-05-11 08:00:00",23.4508833333333,"1b"
"2020-05-11 09:00:00",23.4595333333333,"1b"
"2020-05-11 10:00:00",24.9542833333333,"1b"
"2020-05-11 11:00:00",25.9313333333333,"1b"
"2020-05-11 12:00:00",27.0830333333333,"1b"
"2020-05-11 13:00:00",27.5684166666667,"1b"
"2020-05-11 14:00:00",28.0085,"1b"
"2020-05-11 15:00:00",28.4459,"1b"
"2020-05-11 16:00:00",28.14865,"1b"
"2020-05-11 17:00:00",28.2086166666667,"1b"
"2020-05-11 18:00:00",27.3150166666667,"1b"
"2020-05-11 19:00:00",26.4873166666667,"1b"
"2020-05-11 20:00:00",24.6740666666667,"1b"
"2020-05-11 21:00:00",21.76545,"1b"
"2020-05-11 22:00:00",17.1154166666667,"1b"
"2020-05-11 23:00:00",15.2643,"1b"
"2020-05-12 00:00:00",12.895625,"1b"
"2020-05-12 01:00:00",10.0441818181818,"1b"
"2020-05-12 02:00:00",9.31231666666667,"1b"
"2020-05-12 03:00:00",12.8228333333333,"1b"
"2020-05-12 04:00:00",12.50975,"1b"
"2020-05-12 05:00:00",12.3013333333333,"1b"
"2020-05-12 06:00:00",23.1780333333333,"1b"
"2020-05-12 07:00:00",25.7437333333333,"1b"
"2020-05-12 08:00:00",27.1778166666667,"1b"
"2020-05-12 09:00:00",30.1296,"1b"
"2020-05-12 10:00:00",31.7612,"1b"
"2020-05-12 11:00:00",32.2121833333333,"1b"
"2020-05-12 12:00:00",29.766,"1b"
"2020-05-12 13:00:00",29.8660833333333,"1b"
"2020-05-12 14:00:00",31.7368833333333,"1b"
"2020-05-12 15:00:00",32.3734833333333,"1b"
"2020-05-12 16:00:00",31.33385,"1b"
"2020-05-12 17:00:00",30.8084333333333,"1b"
"2020-05-12 18:00:00",30.2842833333333,"1b"
"2020-05-12 19:00:00",30.1038833333333,"1b"
"2020-05-12 20:00:00",28.2495,"1b"
"2020-05-12 21:00:00",25.74795,"1b"
"2020-05-12 22:00:00",26.5372833333333,"1b"
"2020-05-12 23:00:00",24.9795833333333,"1b"
"2020-05-13 00:00:00",23.42535,"1b"
"2020-05-13 01:00:00",22.7656363636364,"1b"
"2020-05-13 02:00:00",22.4799666666667,"1b"
"2020-05-13 03:00:00",26.30185,"1b"
"2020-05-13 04:00:00",23.24155,"1b"
"2020-05-13 05:00:00",20.8116666666667,"1b"
"2020-05-13 06:00:00",21.1050166666667,"1b"
"2020-05-13 07:00:00",22.1941,"1b"
"2020-05-13 08:00:00",24.1117166666667,"1b"
"2020-05-13 09:00:00",24.99455,"1b"
"2020-05-13 10:00:00",27.07945,"1b"
"2020-05-13 11:00:00",28.5191,"1b"
"2020-05-13 12:00:00",29.8009333333333,"1b"
"2020-05-13 13:00:00",31.0218666666667,"1b"
"2020-05-13 14:00:00",29.73585,"1b"
"2020-05-13 15:00:00",29.6793333333333,"1b"
"2020-05-13 16:00:00",29.7931166666667,"1b"
"2020-05-13 17:00:00",29.9545833333333,"1b"
"2020-05-13 18:00:00",29.1624,"1b"
"2020-05-13 19:00:00",27.5658666666667,"1b"
"2020-05-13 20:00:00",25.2772,"1b"
"2020-05-13 21:00:00",22.2391833333333,"1b"
"2020-05-13 22:00:00",18.8270166666667,"1b"
"2020-05-13 23:00:00",14.57475,"1b"
"2020-05-14 00:00:00",15.27395,"1b"
"2020-05-14 01:00:00",14.1555227272727,"1b"
"2020-05-14 02:00:00",14.2958,"1b"
"2020-05-14 03:00:00",16.0691166666667,"1b"
"2020-05-14 04:00:00",16.2829833333333,"1b"
"2020-05-14 05:00:00",17.5574166666667,"1b"
"2020-05-14 06:00:00",19.1874,"1b"
"2020-05-14 07:00:00",24.9086166666667,"1b"
"2020-05-14 08:00:00",26.9306833333333,"1b"
"2020-05-14 09:00:00",27.9323333333333,"1b"
"2020-05-14 10:00:00",29.9606333333333,"1b"
"2020-05-14 11:00:00",30.1911166666667,"1b"
"2020-05-14 12:00:00",30.9182166666667,"1b"
"2020-05-14 13:00:00",32.5404,"1b"
"2020-05-14 14:00:00",34.7258333333333,"1b"
"2020-05-14 15:00:00",34.4798833333333,"1b"
"2020-05-14 16:00:00",34.1978833333333,"1b"
"2020-05-14 17:00:00",33.45485,"1b"
"2020-05-14 18:00:00",32.8138833333333,"1b"
"2020-05-14 19:00:00",30.9622666666667,"1b"
"2020-05-14 20:00:00",28.8146,"1b"
"2020-05-14 21:00:00",26.7104166666667,"1b"
"2020-05-14 22:00:00",24.48555,"1b"
"2020-05-14 23:00:00",23.8913,"1b"
"2020-05-15 00:00:00",21.741375,"1b"
"2020-05-15 01:00:00",20.4014772727273,"1b"
"2020-05-15 02:00:00",21.16315,"1b"
"2020-05-15 03:00:00",22.3091,"1b"
"2020-05-15 04:00:00",21.3873666666667,"1b"
"2020-05-15 05:00:00",22.1943666666667,"1b"
"2020-05-15 06:00:00",23.0738166666667,"1b"
"2020-05-15 07:00:00",25.4308833333333,"1b"
"2020-05-15 08:00:00",28.8140666666667,"1b"
"2020-05-15 09:00:00",28.3326833333333,"1b"
"2020-05-15 10:00:00",27.8067,"1b"
"2020-05-15 11:00:00",29.4345833333333,"1b"
"2020-05-15 12:00:00",30.9853333333333,"1b"
"2020-05-15 13:00:00",31.2307333333333,"1b"
"2020-05-15 14:00:00",31.91825,"1b"
"2020-05-15 15:00:00",32.4680333333333,"1b"
"2020-05-15 16:00:00",33.2656833333333,"1b"
"2020-05-15 17:00:00",33.3898333333333,"1b"
"2020-05-15 18:00:00",33.3017,"1b"
"2020-05-15 19:00:00",32.98325,"1b"
"2020-05-15 20:00:00",31.56305,"1b"
"2020-05-15 21:00:00",25.8183,"1b"
"2020-05-15 22:00:00",25.1829833333333,"1b"
"2020-05-15 23:00:00",21.5267666666667,"1b"
"2020-05-16 00:00:00",19.783675,"1b"
"2020-05-16 01:00:00",23.3455681818182,"1b"
"2020-05-16 02:00:00",24.7166833333333,"1b"
"2020-05-16 03:00:00",23.0645166666667,"1b"
"2020-05-16 04:00:00",25.7909,"1b"
"2020-05-16 05:00:00",24.64495,"1b"
"2020-05-16 06:00:00",24.9781666666667,"1b"
"2020-05-16 07:00:00",24.8104833333333,"1b"
"2020-05-16 08:00:00",27.53465,"1b"
"2020-05-16 09:00:00",31.4448166666667,"1b"
"2020-05-16 10:00:00",32.6630833333333,"1b"
"2020-05-16 11:00:00",32.1131333333333,"1b"
"2020-05-16 12:00:00",32.1694333333333,"1b"
"2020-05-16 13:00:00",32.5371333333333,"1b"
"2020-05-16 14:00:00",33.3312166666667,"1b"
"2020-05-16 15:00:00",32.7266,"1b"
"2020-05-16 16:00:00",32.0160333333333,"1b"
"2020-05-16 17:00:00",30.9618833333333,"1b"
"2020-05-16 18:00:00",29.7048666666667,"1b"
"2020-05-16 19:00:00",25.8098,"1b"
"2020-05-16 20:00:00",26.4126333333333,"1b"
"2020-05-16 21:00:00",20.2330166666667,"1b"
"2020-05-16 22:00:00",17.6407333333333,"1b"
"2020-05-16 23:00:00",14.99495,"1b"
"2020-05-17 00:00:00",15.6,"1b"
"2020-05-17 01:00:00",14.4399545454545,"1b"
"2020-05-17 02:00:00",15.7795166666667,"1b"
"2020-05-17 03:00:00",16.1406666666667,"1b"
"2020-05-17 04:00:00",16.88515,"1b"
"2020-05-17 05:00:00",19.65645,"1b"
"2020-05-17 06:00:00",24.7467333333333,"1b"
"2020-05-17 07:00:00",25.2036666666667,"1b"
"2020-05-17 08:00:00",26.3697666666667,"1b"
"2020-05-17 09:00:00",27.4880166666667,"1b"
"2020-05-17 10:00:00",28.7797,"1b"
"2020-05-17 11:00:00",28.7570666666667,"1b"
"2020-05-17 12:00:00",29.5185333333333,"1b"
"2020-05-17 13:00:00",28.6077333333333,"1b"
"2020-05-17 14:00:00",28.3887333333333,"1b"
"2020-05-17 15:00:00",28.7121666666667,"1b"
"2020-05-17 16:00:00",29.6571833333333,"1b"
"2020-05-17 17:00:00",28.3161833333333,"1b"
"2020-05-17 18:00:00",27.2268833333333,"1b"
"2020-05-17 19:00:00",26.0969666666667,"1b"
"2020-05-17 20:00:00",25.3773,"1b"
"2020-05-17 21:00:00",26.8951833333333,"1b"
"2020-05-17 22:00:00",27.0864166666667,"1b"
"2020-05-17 23:00:00",28.3090166666667,"1b"
"2020-05-18 00:00:00",28.84765,"1b"
"2020-05-18 01:00:00",27.8786590909091,"1b"
"2020-05-18 02:00:00",28.1895666666667,"1b"
"2020-05-18 03:00:00",28.2359833333333,"1b"
"2020-05-18 04:00:00",27.1728,"1b"
"2020-05-18 05:00:00",26.4417666666667,"1b"
"2020-05-18 06:00:00",27.5448166666667,"1b"
"2020-05-18 07:00:00",27.4706333333333,"1b"
"2020-05-18 08:00:00",27.67055,"1b"
"2020-05-18 09:00:00",30.5802,"1b"
"2020-05-18 10:00:00",31.6564,"1b"
"2020-05-18 11:00:00",32.4438166666667,"1b"
"2020-05-18 12:00:00",31.6435833333333,"1b"
"2020-05-18 13:00:00",30.1112,"1b"
"2020-05-18 14:00:00",29.768,"1b"
"2020-05-18 15:00:00",29.4701833333333,"1b"
"2020-05-18 16:00:00",27.6772166666667,"1b"
"2020-05-18 17:00:00",24.3717,"1b"
"2020-05-18 18:00:00",22.3014333333333,"1b"
"2020-05-18 19:00:00",22.1156,"1b"
"2020-05-18 20:00:00",20.0944333333333,"1b"
"2020-05-18 21:00:00",22.6236333333333,"1b"
"2020-05-18 22:00:00",24.1185333333333,"1b"
"2020-05-18 23:00:00",23.8330166666667,"1b"
"2020-05-19 00:00:00",23.99605,"1b"
"2020-05-19 01:00:00",21.3921590909091,"1b"
"2020-05-19 02:00:00",21.40595,"1b"
"2020-05-19 03:00:00",20.1715333333333,"1b"
"2020-05-19 04:00:00",19.0863166666667,"1b"
"2020-05-19 05:00:00",17.4590666666667,"1b"
"2020-05-19 06:00:00",18.8878833333333,"1b"
"2020-05-19 07:00:00",20.0193666666667,"1b"
"2020-05-19 08:00:00",21.6005666666667,"1b"
"2020-05-19 09:00:00",23.5347666666667,"1b"
"2020-05-19 10:00:00",25.9643833333333,"1b"
"2020-05-19 11:00:00",27.2879333333333,"1b"
"2020-05-19 12:00:00",29.3792833333333,"1b"
"2020-05-19 13:00:00",30.2481666666667,"1b"
"2020-05-19 14:00:00",31.1483,"1b"
"2020-05-19 15:00:00",31.4278666666667,"1b"
"2020-05-19 16:00:00",31.2278,"1b"
"2020-05-19 17:00:00",29.9133166666667,"1b"
"2020-05-19 18:00:00",28.0390666666667,"1b"
"2020-05-19 19:00:00",27.0512666666667,"1b"
"2020-05-19 20:00:00",24.34005,"1b"
"2020-05-19 21:00:00",15.51145,"1b"
"2020-05-19 22:00:00",10.39785,"1b"
"2020-05-19 23:00:00",11.14425,"1b"
"2020-05-20 00:00:00",8.147225,"1b"
"2020-05-20 01:00:00",10.7250681818182,"1b"
"2020-05-20 02:00:00",10.85335,"1b"
"2020-05-20 03:00:00",11.1443833333333,"1b"
"2020-05-20 04:00:00",7.98675,"1b"
"2020-05-20 05:00:00",9.02928333333333,"1b"
"2020-05-20 06:00:00",11.45525,"1b"
"2020-05-20 07:00:00",15.5022333333333,"1b"
"2020-05-20 08:00:00",21.97185,"1b"
"2020-05-20 09:00:00",25.89655,"1b"
"2020-05-20 10:00:00",32.1969,"1b"
"2020-05-20 11:00:00",33.0056666666667,"1b"
"2020-05-20 12:00:00",33.9821833333333,"1b"
"2020-05-20 13:00:00",34.9380333333333,"1b"
"2020-05-20 14:00:00",33.8455166666667,"1b"
"2020-05-20 15:00:00",33.8872,"1b"
"2020-05-20 16:00:00",37.8363833333333,"1b"
"2020-05-20 17:00:00",37.3068666666667,"1b"
"2020-05-20 18:00:00",36.5648333333333,"1b"
"2020-05-20 19:00:00",34.2580833333333,"1b"
"2020-05-20 20:00:00",20.8875166666667,"1b"
"2020-05-20 21:00:00",20.8491666666667,"1b"
"2020-05-20 22:00:00",16.2210666666667,"1b"
"2020-05-20 23:00:00",17.77685,"1b"
"2020-05-21 00:00:00",21.68325,"1b"
"2020-05-21 01:00:00",25.5716363636364,"1b"
"2020-05-21 02:00:00",26.4924833333333,"1b"
"2020-05-21 03:00:00",26.5645333333333,"1b"
"2020-05-21 04:00:00",26.1658166666667,"1b"
"2020-05-21 05:00:00",25.2367333333333,"1b"
"2020-05-21 06:00:00",25.9929,"1b"
"2020-05-21 07:00:00",30.19515,"1b"
"2020-05-21 08:00:00",35.6005333333333,"1b"
"2020-05-21 09:00:00",35.0711833333333,"1b"
"2020-05-21 10:00:00",36.41945,"1b"
"2020-05-21 11:00:00",37.2784666666667,"1b"
"2020-05-21 12:00:00",38.1420666666667,"1b"
"2020-05-21 13:00:00",38.8819833333333,"1b"
"2020-05-21 14:00:00",39.7229,"1b"
"2020-05-21 15:00:00",40.39535,"1b"
"2020-05-21 16:00:00",40.8693,"1b"
"2020-05-21 17:00:00",39.5243166666667,"1b"
"2020-05-21 18:00:00",37.9638666666667,"1b"
"2020-05-21 19:00:00",34.7977833333333,"1b"
"2020-05-21 20:00:00",32.0912666666667,"1b"
"2020-05-21 21:00:00",30.7976333333333,"1b"
"2020-05-21 22:00:00",31.9181833333333,"1b"
"2020-05-21 23:00:00",31.5234833333333,"1b"
"2020-05-22 00:00:00",32.544975,"1b"
"2020-05-22 01:00:00",38.7227727272727,"1b"
"2020-05-22 02:00:00",39.4890833333333,"1b"
"2020-05-22 03:00:00",35.4714333333333,"1b"
"2020-05-22 04:00:00",31.7616166666667,"1b"
"2020-05-22 05:00:00",28.6362166666667,"1b"
"2020-05-22 06:00:00",24.4638333333333,"1b"
"2020-05-22 07:00:00",24.1850333333333,"1b"
"2020-05-22 08:00:00",26.2079333333333,"1b"
"2020-05-22 09:00:00",28.1008666666667,"1b"
"2020-05-22 10:00:00",28.5999666666667,"1b"
"2020-05-22 11:00:00",27.6721,"1b"
"2020-05-22 12:00:00",27.28865,"1b"
"2020-05-22 13:00:00",26.8477333333333,"1b"
"2020-05-22 14:00:00",27.0899333333333,"1b"
"2020-05-22 15:00:00",26.7812666666667,"1b"
"2020-05-22 16:00:00",26.8272666666667,"1b"
"2020-05-22 17:00:00",26.4862333333333,"1b"
"2020-05-22 18:00:00",25.95765,"1b"
"2020-05-22 19:00:00",25.5950166666667,"1b"
"2020-05-22 20:00:00",25.3449333333333,"1b"
"2020-05-22 21:00:00",24.8839833333333,"1b"
"2020-05-22 22:00:00",24.6530833333333,"1b"
"2020-05-22 23:00:00",24.4022,"1b"
"2020-05-23 00:00:00",24.33925,"1b"
"2020-05-23 01:00:00",24.7805454545455,"1b"
"2020-05-23 02:00:00",25.0516666666667,"1b"
"2020-05-23 03:00:00",25.3206,"1b"
"2020-05-23 04:00:00",25.1450333333333,"1b"
"2020-05-23 05:00:00",25.1441833333333,"1b"
"2020-05-23 06:00:00",25.2045166666667,"1b"
"2020-05-23 07:00:00",25.5403833333333,"1b"
"2020-05-23 08:00:00",24.7183,"1b"
"2020-05-23 09:00:00",26.2819666666667,"1b"
"2020-05-23 10:00:00",26.7494833333333,"1b"
"2020-05-23 11:00:00",26.7035666666667,"1b"
"2020-05-23 12:00:00",26.3242,"1b"
"2020-05-23 13:00:00",26.56865,"1b"
"2020-05-23 14:00:00",26.53685,"1b"
"2020-05-23 15:00:00",25.1441833333333,"1b"
"2020-05-23 16:00:00",27.6985166666667,"1b"
"2020-05-23 17:00:00",26.9624166666667,"1b"
"2020-05-23 18:00:00",26.2183666666667,"1b"
"2020-05-23 19:00:00",26.7953166666667,"1b"
"2020-05-23 20:00:00",25.4844166666667,"1b"
"2020-05-23 21:00:00",24.1360166666667,"1b"
"2020-05-23 22:00:00",25.4571,"1b"
"2020-05-23 23:00:00",24.8422666666667,"1b"
"2020-05-24 00:00:00",25.4441,"1b"
"2020-05-24 01:00:00",24.4030909090909,"1b"
"2020-05-24 02:00:00",24.1712166666667,"1b"
"2020-05-24 03:00:00",24.45125,"1b"
"2020-05-24 04:00:00",24.9075333333333,"1b"
"2020-05-24 05:00:00",24.6694333333333,"1b"
"2020-05-24 06:00:00",24.8154,"1b"
"2020-05-24 07:00:00",24.87635,"1b"
"2020-05-24 08:00:00",25.1274666666667,"1b"
"2020-05-24 09:00:00",26.4697833333333,"1b"
"2020-05-24 10:00:00",26.9634666666667,"1b"
"2020-05-24 11:00:00",26.5323833333333,"1b"
"2020-05-24 12:00:00",27.2761,"1b"
"2020-05-24 13:00:00",27.8104666666667,"1b"
"2020-05-24 14:00:00",27.8498833333333,"1b"
"2020-05-24 15:00:00",28.45455,"1b"
"2020-05-24 16:00:00",28.6903166666667,"1b"
"2020-05-24 17:00:00",29.0419166666667,"1b"
"2020-05-24 18:00:00",28.2565166666667,"1b"
"2020-05-24 19:00:00",23.1413333333333,"1b"
"2020-05-24 20:00:00",21.5419166666667,"1b"
"2020-05-24 21:00:00",21.5424833333333,"1b"
"2020-05-24 22:00:00",22.2726333333333,"1b"
"2020-05-24 23:00:00",20.2617666666667,"1b"
"2020-05-25 00:00:00",23.2008,"1b"
"2020-05-25 01:00:00",18.1808181818182,"1b"
"2020-05-25 02:00:00",13.20315,"1b"
"2020-05-25 03:00:00",10.4195,"1b"
"2020-05-25 04:00:00",8.10756666666667,"1b"
"2020-05-25 05:00:00",12.9447166666667,"1b"
"2020-05-25 06:00:00",18.4287333333333,"1b"
"2020-05-25 07:00:00",22.9350166666667,"1b"
"2020-05-25 08:00:00",26.596,"1b"
"2020-05-25 09:00:00",28.5053166666667,"1b"
"2020-05-25 10:00:00",29.9872833333333,"1b"
"2020-05-25 11:00:00",32.8533833333333,"1b"
"2020-05-25 12:00:00",34.12075,"1b"
"2020-05-25 13:00:00",33.3456833333333,"1b"
"2020-05-25 14:00:00",34.9469333333333,"1b"
"2020-05-25 15:00:00",34.6279,"1b"
"2020-05-25 16:00:00",32.86335,"1b"
"2020-05-25 17:00:00",30.5322666666667,"1b"
"2020-05-25 18:00:00",29.2367666666667,"1b"
"2020-05-25 19:00:00",26.6122333333333,"1b"
"2020-05-25 20:00:00",21.6559166666667,"1b"
"2020-05-25 21:00:00",19.5887833333333,"1b"
"2020-05-25 22:00:00",26.09885,"1b"
"2020-05-25 23:00:00",26.63215,"1b"
"2020-05-26 00:00:00",24.6953,"1b"
"2020-05-26 01:00:00",20.6153181818182,"1b"
"2020-05-26 02:00:00",20.5861333333333,"1b"
"2020-05-26 03:00:00",21.2481666666667,"1b"
"2020-05-26 04:00:00",21.3598666666667,"1b"
"2020-05-26 05:00:00",21.5646666666667,"1b"
"2020-05-26 06:00:00",21.1826333333333,"1b"
"2020-05-26 07:00:00",22.86035,"1b"
"2020-05-26 08:00:00",23.7607,"1b"
"2020-05-26 09:00:00",24.0449333333333,"1b"
"2020-05-26 10:00:00",24.1597666666667,"1b"
"2020-05-26 11:00:00",24.9606833333333,"1b"
"2020-05-26 12:00:00",24.47115,"1b"
"2020-05-26 13:00:00",28.8032166666667,"1b"
"2020-05-26 14:00:00",30.8944,"1b"
"2020-05-26 15:00:00",28.89845,"1b"
"2020-05-26 16:00:00",29.3213166666667,"1b"
"2020-05-26 17:00:00",27.8395333333333,"1b"
"2020-05-26 18:00:00",26.2076166666667,"1b"
"2020-05-26 19:00:00",24.1292833333333,"1b"
"2020-05-26 20:00:00",22.03985,"1b"
"2020-05-26 21:00:00",22.5913166666667,"1b"
"2020-05-26 22:00:00",21.8548166666667,"1b"
"2020-05-26 23:00:00",21.82595,"1b"
"2020-05-27 00:00:00",20.486975,"1b"
"2020-05-27 01:00:00",18.0842954545455,"1b"
"2020-05-27 02:00:00",17.6920847457627,"1b"
"2020-05-27 03:00:00",16.8158833333333,"1b"
"2020-05-27 04:00:00",14.4496166666667,"1b"
"2020-05-27 05:00:00",15.3730333333333,"1b"
"2020-05-27 06:00:00",15.0517666666667,"1b"
"2020-05-27 07:00:00",17.3768,"1b"
"2020-05-27 08:00:00",19.8343,"1b"
"2020-05-27 09:00:00",24.67405,"1b"
"2020-05-27 10:00:00",27.42935,"1b"
"2020-05-27 11:00:00",30.1402833333333,"1b"
"2020-05-27 12:00:00",32.5521333333333,"1b"
"2020-05-27 13:00:00",35.3238166666667,"1b"
"2020-05-27 14:00:00",38.0438,"1b"
"2020-05-27 15:00:00",39.6957833333333,"1b"
"2020-05-27 16:00:00",39.08615,"1b"
"2020-05-27 17:00:00",38.49755,"1b"
"2020-05-27 18:00:00",41.7855666666667,"1b"
"2020-05-27 19:00:00",38.3385833333333,"1b"
"2020-05-27 20:00:00",32.66885,"1b"
"2020-05-27 21:00:00",29.0273,"1b"
"2020-05-27 22:00:00",25.83565,"1b"
"2020-05-27 23:00:00",24.9815833333333,"1b"
"2020-05-28 00:00:00",22.7737,"1b"
"2020-05-28 01:00:00",21.1793636363636,"1b"
"2020-05-28 02:00:00",19.9190666666667,"1b"
"2020-05-28 03:00:00",18.4266666666667,"1b"
"2020-05-28 04:00:00",16.9696833333333,"1b"
"2020-05-28 05:00:00",15.3461333333333,"1b"
"2020-05-28 06:00:00",18.3473333333333,"1b"
"2020-05-28 07:00:00",21.5027833333333,"1b"
"2020-05-28 08:00:00",24.0868333333333,"1b"
"2020-05-28 09:00:00",26.1054166666667,"1b"
"2020-05-28 10:00:00",29.0610666666667,"1b"
"2020-05-28 11:00:00",31.7167833333333,"1b"
"2020-05-28 12:00:00",35.3049333333333,"1b"
"2020-05-28 13:00:00",36.5226666666667,"1b"
"2020-05-28 14:00:00",38.0842833333333,"1b"
"2020-05-28 15:00:00",39.3554833333333,"1b"
"2020-05-28 16:00:00",39.6903833333333,"1b"
"2020-05-28 17:00:00",39.6338666666667,"1b"
"2020-05-28 18:00:00",38.8887333333333,"1b"
"2020-05-28 19:00:00",37.44485,"1b"
"2020-05-28 20:00:00",34.61905,"1b"
"2020-05-28 21:00:00",31.58755,"1b"
"2020-05-28 22:00:00",29.1628,"1b"
"2020-05-28 23:00:00",27.5820666666667,"1b"
"2020-05-29 00:00:00",27.109925,"1b"
"2020-05-29 01:00:00",24.5262954545455,"1b"
"2020-05-29 02:00:00",22.542,"1b"
"2020-05-29 03:00:00",20.04845,"1b"
"2020-05-29 04:00:00",19.2244833333333,"1b"
"2020-05-29 05:00:00",20.4565333333333,"1b"
"2020-05-29 06:00:00",22.6469833333333,"1b"
"2020-05-29 07:00:00",25.0710166666667,"1b"
"2020-05-29 08:00:00",28.79435,"1b"
"2020-05-29 09:00:00",31.5091333333333,"1b"
"2020-05-29 10:00:00",32.2780333333333,"1b"
"2020-05-29 11:00:00",34.46495,"1b"
"2020-05-29 12:00:00",36.9940333333333,"1b"
"2020-05-29 13:00:00",38.1538333333333,"1b"
"2020-05-29 14:00:00",37.85255,"1b"
"2020-05-29 15:00:00",37.758,"1b"
"2020-05-29 16:00:00",37.3121333333333,"1b"
"2020-05-29 17:00:00",35.9554,"1b"
"2020-05-29 18:00:00",35.0445833333333,"1b"
"2020-05-29 19:00:00",33.5390333333333,"1b"
"2020-05-29 20:00:00",29.1169666666667,"1b"
"2020-05-29 21:00:00",25.7509666666667,"1b"
"2020-05-29 22:00:00",23.1811666666667,"1b"
"2020-05-29 23:00:00",22.90975,"1b"
"2020-05-30 00:00:00",21.979975,"1b"
"2020-05-30 01:00:00",21.7253181818182,"1b"
"2020-05-30 02:00:00",21.8287333333333,"1b"
"2020-05-30 03:00:00",22.879,"1b"
"2020-05-30 04:00:00",21.4916166666667,"1b"
"2020-05-30 05:00:00",21.676,"1b"
"2020-05-30 06:00:00",21.1166166666667,"1b"
"2020-05-30 07:00:00",23.3306166666667,"1b"
"2020-05-30 08:00:00",27.00425,"1b"
"2020-05-30 09:00:00",31.2537833333333,"1b"
"2020-05-30 10:00:00",37.6445833333333,"1b"
"2020-05-30 11:00:00",43.9390333333333,"1b"
"2020-05-30 12:00:00",45.7672333333333,"1b"
"2020-05-30 13:00:00",47.7471333333333,"1b"
"2020-05-30 14:00:00",48.1605833333333,"1b"
"2020-05-30 15:00:00",48.7343333333333,"1b"
"2020-05-30 16:00:00",48.3745166666667,"1b"
"2020-05-30 17:00:00",46.15,"1b"
"2020-05-30 18:00:00",44.2200333333333,"1b"
"2020-05-30 19:00:00",40.6071666666667,"1b"
"2020-05-30 20:00:00",36.6366,"1b"
"2020-05-30 21:00:00",34.0768333333333,"1b"
"2020-05-30 22:00:00",32.4368833333333,"1b"
"2020-05-30 23:00:00",32.0910333333333,"1b"
"2020-05-31 00:00:00",31.63905,"1b"
"2020-05-31 01:00:00",30.6241363636364,"1b"
"2020-05-31 02:00:00",27.96205,"1b"
"2020-05-31 03:00:00",27.7022166666667,"1b"
"2020-05-31 04:00:00",27.79795,"1b"
"2020-05-31 05:00:00",27.4136166666667,"1b"
"2020-05-31 06:00:00",29.7013333333333,"1b"
"2020-05-31 07:00:00",31.65025,"1b"
"2020-05-31 08:00:00",33.72855,"1b"
"2020-05-31 09:00:00",35.8895,"1b"
"2020-05-31 10:00:00",39.08445,"1b"
"2020-05-31 11:00:00",42.5462,"1b"
"2020-05-31 12:00:00",45.7043666666667,"1b"
"2020-05-31 13:00:00",45.72265,"1b"
"2020-05-31 14:00:00",44.9624833333333,"1b"
"2020-05-31 15:00:00",44.04,"1b"
"2020-05-31 16:00:00",43.4073,"1b"
"2020-05-31 17:00:00",44.0585166666667,"1b"
"2020-05-31 18:00:00",41.8459666666667,"1b"
"2020-05-31 19:00:00",35.12515,"1b"
"2020-05-31 20:00:00",32.52455,"1b"
"2020-05-31 21:00:00",30.6350833333333,"1b"
"2020-05-31 22:00:00",27.8845,"1b"
"2020-05-31 23:00:00",25.5229333333333,"1b"
