"datetime","Org","NH4","SO4","NO3","Chl","qc_flag_Org","qc_flag_NH4","qc_flag_SO4","qc_flag_NO3","qc_flag_Chl"
"2026-06-01 00:00:00",0.59935263020498,0.0879478760206531,0.42024002904931,0.110233904209404,NA,"1a","1a","1a","1a","0a"
"2026-06-01 01:00:00",0.304677138254582,NA,0.265448536615814,0.107847902361141,NA,"1a","0a","1a","1a","0a"
"2026-06-01 02:00:00",0.352880855869629,0.195116610266411,0.309346517579639,0.0933587540568773,NA,"1a","1a","1a","1a","0a"
"2026-06-01 03:00:00",0.569306468823495,0.154762745977903,0.263289636826878,0.148877784541331,NA,"1a","1a","1a","1a","0a"
"2026-06-01 04:00:00",0.581005830861186,0.0711276667101337,0.336270587562137,0.105538183794606,NA,"1a","1a","1a","1a","0a"
"2026-06-01 05:00:00",0.453261899241969,0.104936788860818,0.395234236502945,0.116605313905079,NA,"1a","1a","1a","1a","0a"
"2026-06-01 06:00:00",0.179894875183407,0.241790768763772,0.380079771369684,0.109285104765982,NA,"1a","1a","1a","1a","0a"
"2026-06-01 07:00:00",0.313571058851475,0.352035898109099,0.44723101211821,0.143862294939376,NA,"1a","1a","1a","1a","0a"
"2026-06-01 08:00:00",0.504619461000808,0.263007253638398,0.421293322447189,0.147236554842986,NA,"1a","1a","1a","1a","0a"
"2026-06-01 09:00:00",0.590531660513665,0.223303882322092,0.457356783336855,0.108062259556078,NA,"1a","1a","1a","1a","0a"
"2026-06-01 10:00:00",0.245491848539574,0.337935904801133,0.381491895452019,0.118146445996037,NA,"1a","1a","1a","1a","0a"
"2026-06-01 11:00:00",0.376264740619397,0.200291999887481,0.217620203071397,0.0412878736253741,NA,"1a","1a","1a","1a","0a"
"2026-06-01 12:00:00",0.911088701755427,0.182144271871127,0.365690011646773,0.129605901886983,NA,"1a","1a","1a","1a","0a"
"2026-06-01 13:00:00",1.12482627216026,0.296101763830292,0.311393565110221,0.0882521578006327,NA,"1a","1a","1a","1a","0a"
"2026-06-01 14:00:00",0.947835766211741,0.070960110268784,0.340593916938449,0.12395931369009,NA,"1a","1a","1a","1a","0a"
"2026-06-01 15:00:00",1.00743379898903,0.296813512299501,0.396748785701725,0.140822538935751,NA,"1a","1a","1a","1a","0a"
"2026-06-01 16:00:00",1.47326463901773,0.41213082953525,0.45563735897551,0.245936192113986,NA,"1a","1a","1a","1a","0a"
"2026-06-01 17:00:00",1.10139415527232,0.308402452338951,0.299847378612133,0.194300614646107,0.0119226424096531,"1a","1a","1a","1a","3a"
"2026-06-01 18:00:00",0.896846978611592,0.739166747047841,0.285939683426148,0.174978699284499,0.00393330483983275,"1a","1a","1a","1a","3a"
"2026-06-01 19:00:00",0.507655023110036,0.169940726304624,0.0598103736382926,0.0619098178607365,NA,"1a","1a","1a","1a","0a"
"2026-06-01 20:00:00",0.411982847432859,NA,0.0108327717670145,0.0427245679799012,0.00253833958424793,"1a","0a","1a","1a","3a"
"2026-06-01 21:00:00",0.350209565107646,0.0343247968576439,0.091801929444871,0.0544242368009881,0.00400333570288992,"1a","1a","1a","1a","3a"
"2026-06-01 22:00:00",0.363179295327093,0.281674046822785,0.0825618463230416,0.151631516650313,0.0111139185341511,"1a","1a","1a","1a","3a"
"2026-06-01 23:00:00",0.638800082763949,0.00944500708151214,0.0238434453979404,0.0755372547305456,NA,"1a","1a","1a","1a","0a"
"2026-06-02 00:00:00",0.425717423114969,0.062381162628759,0.0717272235719993,0.0472483052997746,0.00964172482503004,"1a","1a","1a","1a","3a"
"2026-06-02 01:00:00",1.75881742975058,0.530640999945218,0.210036337766992,0.161850721668081,0.037398768874159,"1a","1a","1a","1a","3a"
"2026-06-02 02:00:00",1.03638453553037,0.310185150698003,0.230692025695345,0.145529566062311,0.0274614477444674,"1a","1a","1a","1a","3a"
"2026-06-02 03:00:00",0.646448253835243,0.34873533392776,0.241797117045468,0.125860647011511,0.00764016754885761,"1a","1a","1a","1a","3a"
"2026-06-02 04:00:00",0.936514978578325,0.25137383023851,0.281904725708984,0.111027086617376,0.0212811009772584,"1a","1a","1a","1a","3a"
"2026-06-02 05:00:00",0.497480735203688,0.146438607504488,0.0572016059590598,0.0535906687980472,NA,"1a","1a","1a","1a","0a"
"2026-06-02 06:00:00",0.145347006541108,0.108838846338875,0.149311568756534,0.0459026710105445,NA,"1a","1a","1a","1a","0a"
"2026-06-02 07:00:00",0.290798947151253,0.139179770893987,0.198562581838761,0.0176973786864579,NA,"1a","1a","1a","1a","0a"
"2026-06-02 08:00:00",0.579443448122339,NA,0.157162082842393,0.0498612194518117,NA,"1a","0a","1a","1a","0a"
"2026-06-02 09:00:00",0.359105236517928,0.00378627145553704,0.117944451557761,0.0387164179171212,NA,"1a","1a","1a","1a","0a"
"2026-06-02 10:00:00",0.108112727939791,0.126575754004044,0.0659123446729348,0.0520835550698959,NA,"1a","1a","1a","1a","0a"
"2026-06-02 11:00:00",0.338667359444525,0.139228839732698,0.0986701489124849,0.0337693200818539,NA,"1a","1a","1a","1a","0a"
"2026-06-02 12:00:00",0.0135268913003239,0.0233035994072104,0.0847982137601509,0.0213619499340209,NA,"1a","1a","1a","1a","0a"
"2026-06-02 13:00:00",0.452762540805387,0.0100808911874784,0.162824915924083,0.0538662182372899,NA,"1a","1a","1a","1a","0a"
"2026-06-02 14:00:00",0.54273670317596,0.00454474725203333,0.0897713136360355,0.0145890617284366,NA,"1a","1a","1a","1a","0a"
"2026-06-02 15:00:00",0.377665474169989,NA,0.095892139804955,0.0744891433004351,NA,"1a","0a","1a","1a","0a"
"2026-06-02 16:00:00",0.696433456965179,0.0872229188678034,0.0487839965426345,0.0366767733166782,0.00511201171851447,"1a","1a","1a","1a","3a"
"2026-06-02 17:00:00",0.872936075913552,0.253102252542543,0.390933423558292,0.0965660505423085,NA,"1a","1a","1a","1a","0a"
"2026-06-02 18:00:00",0.621017801767852,0.303629149088208,0.242599106328607,0.0748080766352021,NA,"1a","1a","1a","1a","0a"
"2026-06-02 19:00:00",0.536829432309381,0.261510115532447,0.21765227499138,0.121690519004352,0.0136644257259542,"1a","1a","1a","1a","3a"
"2026-06-02 20:00:00",0.741879171305755,0.137545348222483,0.216912294857304,0.0800820406596047,NA,"1a","1a","1a","1a","0a"
"2026-06-02 21:00:00",0.458434455082825,0.13706294025515,0.199910819681762,0.0845029831541892,NA,"1a","1a","1a","1a","0a"
"2026-06-02 22:00:00",0.831214194563074,0.26509741716906,0.132824753449021,0.127320983828785,NA,"1a","1a","1a","1a","0a"
"2026-06-02 23:00:00",0.993629893890388,0.186983459294672,0.140477030621258,0.108492125669768,NA,"1a","1a","1a","1a","0a"
"2026-06-03 00:00:00",0.503921278904871,0.457284997672183,0.17185510305136,0.108864928095543,NA,"1a","1a","1a","1a","0a"
"2026-06-03 01:00:00",0.906478770653306,0.270455607404483,0.136964262139172,0.182601725637435,NA,"1a","1a","1a","1a","0a"
"2026-06-03 02:00:00",0.788315602203226,0.234039714184746,0.159695209223428,0.164217490930492,NA,"1a","1a","1a","1a","0a"
"2026-06-03 03:00:00",0.880008101431135,0.333752061690274,0.156108791464337,0.194146181853697,NA,"1a","1a","1a","1a","0a"
"2026-06-03 04:00:00",0.957534455656506,0.649586939224491,0.29294513865086,0.326239313833442,NA,"1a","1a","1a","1a","0a"
"2026-06-03 05:00:00",0.725936926150657,0.62688297676022,0.581330781489113,0.309690786373292,NA,"1a","1a","1a","1a","0a"
"2026-06-03 06:00:00",0.409102731225627,0.465801600909067,0.427247045470373,0.198947155677305,NA,"1a","1a","1a","1a","0a"
"2026-06-03 07:00:00",0.40283640079616,NA,0.191537972934103,0.0980052533228762,NA,"1a","0a","1a","1a","0a"
"2026-06-03 08:00:00",0.412175936268152,0.208602410983767,0.229360792660748,0.130416010440488,NA,"1a","1a","1a","1a","0a"
"2026-06-03 09:00:00",0.325790842060829,0.132348054593778,0.122258119946445,0.102711128500307,NA,"1a","1a","1a","1a","0a"
"2026-06-03 10:00:00",0.489049119420015,0.309490249289447,0.0681186194208507,0.0877325247733253,0.00250569310073079,"1a","1a","1a","1a","3a"
"2026-06-03 11:00:00",0.758079706151916,0.0503367879682227,0.0886867038670185,0.142308048654522,0.00223381536282727,"1a","1a","1a","1a","3a"
"2026-06-03 12:00:00",0.667276520935315,0.113837178084749,0.179471407112852,0.129565661644664,NA,"1a","1a","1a","1a","0a"
"2026-06-03 13:00:00",0.555829799208635,0.46536819875026,0.169292086480653,0.0653423367217497,NA,"1a","1a","1a","1a","0a"
"2026-06-03 14:00:00",0.193753947276994,0.179985369967129,0.137223794901769,0.113476470789785,NA,"1a","1a","1a","1a","0a"
"2026-06-03 15:00:00",0.16523707104517,0.222188903583656,0.181836841444201,0.0694490875090157,NA,"1a","1a","1a","1a","0a"
"2026-06-03 16:00:00",0.274625172991462,0.0997322424423607,0.180493341997805,0.0991900413255781,NA,"1a","1a","1a","1a","0a"
"2026-06-03 17:00:00",0.101682216343484,0.141049339704395,0.114973803608376,0.0679619251812855,NA,"1a","1a","1a","1a","0a"
"2026-06-03 18:00:00",0.222879873809735,0.0184709278494073,0.128644456042801,0.0508246838434262,NA,"1a","1a","1a","1a","0a"
"2026-06-03 19:00:00",0.136820602992882,0.10695882040532,0.118552278872869,0.0384445479536664,NA,"1a","1a","1a","1a","0a"
"2026-06-03 20:00:00",0.195667329807275,0.387475612015751,0.180698915938863,0.0335674760131968,NA,"1a","1a","1a","1a","0a"
"2026-06-03 21:00:00",0.159249276046676,0.445597642351458,0.175229807899605,0.0491655885610252,NA,"1a","1a","1a","1a","0a"
"2026-06-03 22:00:00",0.320185148995499,0.167548031106902,0.168036726106615,0.0816255377112508,NA,"1a","1a","1a","1a","0a"
"2026-06-03 23:00:00",0.43691009140926,0.127325653414289,0.152570289818535,0.0591277698690307,NA,"1a","1a","1a","1a","0a"
"2026-06-04 00:00:00",0.49244518972899,0.289982289078782,0.188616504590039,0.0378575892887447,NA,"1a","1a","1a","1a","0a"
"2026-06-04 01:00:00",0.121463232666134,0.267998495587593,0.148325730593249,0.0494429643544694,NA,"1a","1a","1a","1a","0a"
"2026-06-04 02:00:00",0.313643086979324,0.0871696973113766,0.117789759590995,0.0620409878692151,NA,"1a","1a","1a","1a","0a"
"2026-06-04 03:00:00",0.276255990817424,0.145873942847831,0.156663027675316,0.0673064254058287,NA,"1a","1a","1a","1a","0a"
"2026-06-04 04:00:00",0.274038875568493,0.0341088319107431,0.0935209798434584,0.0533862258691429,NA,"1a","1a","1a","1a","0a"
"2026-06-04 05:00:00",0.11589400872378,NA,0.15607284455933,0.0763791364831416,NA,"1a","0a","1a","1a","0a"
"2026-06-04 06:00:00",0.462648027837473,0.0925434303530083,0.0563100840006053,0.0463093672938061,NA,"1a","1a","1a","1a","0a"
"2026-06-04 07:00:00",0.250426043834619,0.0910055967025762,0.0781272629314625,0.0463791967960323,NA,"1a","1a","1a","1a","0a"
"2026-06-04 08:00:00",0.181981842712491,0.0838679724251069,0.0316612252453221,0.054007626111619,NA,"1a","1a","1a","1a","0a"
"2026-06-04 09:00:00",0.153892858088734,0.0425821176147871,0.0518326338762286,0.0477945828533123,NA,"1a","1a","1a","1a","0a"
"2026-06-04 10:00:00",0.563394743607801,0.168617157008652,0.0403309767414795,0.0762537340596401,NA,"1a","1a","1a","1a","0a"
"2026-06-04 11:00:00",0.0943381168896739,0.232426715530197,0.0561976336757387,0.0430759528686328,NA,"1a","1a","1a","1a","0a"
"2026-06-04 12:00:00",0.246916485577953,0.107672488666295,0.0692483230379622,0.0626392953409415,NA,"1a","1a","1a","1a","0a"
"2026-06-04 13:00:00",0.319718873335557,0.102165334146406,0.061389793323931,0.0342588645888204,NA,"1a","1a","1a","1a","0a"
"2026-06-04 14:00:00",0.291970190142002,0.535608593525125,0.127389304773101,0.0206357716909347,NA,"1a","1a","1a","1a","0a"
"2026-06-04 15:00:00",0.427798313660061,0.221965354215874,0.09840267389181,0.0205426365688411,NA,"1a","1a","1a","1a","0a"
"2026-06-04 16:00:00",0.264619212635694,0.132047573781808,0.144888729847576,0.0575351270183465,NA,"1a","1a","1a","1a","0a"
"2026-06-04 17:00:00",0.329143834149688,0.133749904244194,0.129155761956368,0.0308533009786602,NA,"1a","1a","1a","1a","0a"
"2026-06-04 18:00:00",0.43499602404712,0.446660200572876,0.213165483100917,0.0873184433628121,NA,"1a","1a","1a","1a","0a"
"2026-06-04 19:00:00",0.572841152890139,0.151063501060178,0.146183766794026,0.0727861169587704,NA,"1a","1a","1a","1a","0a"
"2026-06-04 20:00:00",0.341063048961897,0.109365154565531,0.144657396534485,0.0498448327500024,NA,"1a","1a","1a","1a","0a"
"2026-06-04 21:00:00",0.119629005958336,0.0410707962013634,0.0882620484264009,0.0678036834655266,NA,"1a","1a","1a","1a","0a"
"2026-06-04 22:00:00",0.153164316022598,0.0809669551232998,0.0691698200336652,0.0470171273860425,NA,"1a","1a","1a","1a","0a"
"2026-06-04 23:00:00",0.264057536959876,0.20223335345341,0.108745627538873,0.0816831404073063,NA,"1a","1a","1a","1a","0a"
"2026-06-05 00:00:00",0.434804168950237,0.194737604317892,0.193856958710584,0.116334518951902,NA,"1a","1a","1a","1a","0a"
"2026-06-05 01:00:00",0.536586432135229,0.101997627225419,0.160670743907072,0.0937534554196547,NA,"1a","1a","1a","1a","0a"
"2026-06-05 02:00:00",0.501957048505155,0.0982495809121798,0.0788439159941692,0.105944999154141,NA,"1a","1a","1a","1a","0a"
"2026-06-05 03:00:00",0.583951614436729,0.163699350652546,0.0881477028094058,0.118552413289188,NA,"1a","1a","1a","1a","0a"
"2026-06-05 04:00:00",0.355683117725753,0.191813020705618,0.128428580953981,0.0990234290832587,NA,"1a","1a","1a","1a","0a"
"2026-06-05 05:00:00",0.266712851840097,0.135541262864724,0.133189617829069,0.137353855242756,NA,"1a","1a","1a","1a","0a"
"2026-06-05 06:00:00",0.581834095917205,0.205667739769475,0.217649188669446,0.144656295478646,NA,"1a","1a","1a","1a","0a"
"2026-06-05 07:00:00",0.707388121743028,0.0977724185362967,0.149819162015321,0.195775244695582,NA,"1a","1a","1a","1a","0a"
"2026-06-05 08:00:00",0.578548854512367,NA,0.202231609869394,0.193767965918259,NA,"1a","0a","1a","1a","0a"
"2026-06-05 09:00:00",0.453111360070495,0.254921580591755,0.183763948970768,0.211913469189106,NA,"1a","1a","1a","1a","0a"
"2026-06-05 10:00:00",0.374134572402617,0.0426097647958127,0.158238426509034,0.207156678154524,NA,"1a","1a","1a","1a","0a"
"2026-06-05 11:00:00",0.292908599199897,0.159064588677368,0.165227080428687,0.158651681265517,NA,"1a","1a","1a","1a","0a"
"2026-06-05 12:00:00",0.538320584055439,0.243571358766725,0.259126650760582,0.235566544348311,NA,"1a","1a","1a","1a","0a"
"2026-06-05 13:00:00",0.860158396685881,0.155141901098781,0.250216926508656,0.261392442251469,NA,"1a","1a","1a","1a","0a"
"2026-06-05 14:00:00",0.771704976380674,0.249503379899818,0.363552731736622,0.176970726162197,NA,"1a","1a","1a","1a","0a"
"2026-06-05 15:00:00",1.131156852554,0.475148962609099,0.310366456758512,0.149112316341877,NA,"1a","1a","1a","1a","0a"
"2026-06-05 16:00:00",0.810103500296328,0.06451173918863,0.240280353983971,0.0909613011429403,NA,"1a","1a","1a","1a","0a"
"2026-06-05 17:00:00",0.975661644394575,0.336217517094247,0.192029854442733,0.153109462790658,NA,"1a","1a","1a","1a","0a"
"2026-06-05 18:00:00",1.01933272425443,0.0910807564711696,0.245934924066771,0.203766814650654,NA,"1a","1a","1a","1a","0a"
"2026-06-05 19:00:00",0.979762628912324,1.28030494359977,0.18601231589427,0.249618847464106,NA,"1a","1a","1a","1a","0a"
"2026-06-05 20:00:00",1.4004387743209,0.332670773884817,0.203509277023704,0.260891176810855,NA,"1a","1a","1a","1a","0a"
"2026-06-05 21:00:00",1.30896596591276,0.191353146018478,0.210050594475486,0.3617701033041,NA,"1a","1a","1a","1a","0a"
"2026-06-05 22:00:00",1.00605586521246,0.00486392055061646,0.230139036484622,0.253093005293075,NA,"1a","1a","1a","1a","0a"
"2026-06-05 23:00:00",0.603314230304926,0.267882922768422,0.189632394320375,0.248572329336886,NA,"1a","1a","1a","1a","0a"
"2026-06-06 00:00:00",0.604149325669631,0.330465355320591,0.160560143740577,0.220697247566123,NA,"1a","1a","1a","1a","0a"
"2026-06-06 01:00:00",0.799540379187137,1.09238246957106,0.22888274103326,0.171740408051048,NA,"1a","1a","1a","1a","0a"
"2026-06-06 02:00:00",0.703856815609696,0.381074345605245,0.208549967857227,0.265954016903462,NA,"1a","1a","1a","1a","0a"
"2026-06-06 03:00:00",0.664264765783275,0.25303153048936,0.200375400641396,0.27980987335249,NA,"1a","1a","1a","1a","0a"
"2026-06-06 04:00:00",0.688558329307818,0.330650490560763,0.163741415079177,0.363024650603559,0.00694459653383434,"1a","1a","1a","1a","3a"
"2026-06-06 05:00:00",0.566944831047971,0.260339720565862,0.222751749138375,0.311836682354903,NA,"1a","1a","1a","1a","0a"
"2026-06-06 06:00:00",0.304258225785702,0.240566360116702,0.207425673773064,0.132764460671249,0.00502371501173392,"1a","1a","1a","1a","3a"
"2026-06-06 07:00:00",0.652944185571284,NA,0.160371086987857,0.118580908916878,NA,"1a","0a","1a","1a","0a"
"2026-06-06 08:00:00",0.440148865313014,0.346389839459794,0.206539081117712,0.100747546613777,NA,"1a","1a","1a","1a","0a"
"2026-06-06 09:00:00",0.327690287889034,0.184135980966276,0.0934878960871162,0.0605378721082072,NA,"1a","1a","1a","1a","0a"
"2026-06-06 10:00:00",0.476883569223221,0.154807155130134,0.0235870807223757,0.0737014556043315,NA,"1a","1a","1a","1a","0a"
"2026-06-06 11:00:00",0.390338747903463,0.0492006258903929,0.139869945675185,0.108868601407134,NA,"1a","1a","1a","1a","0a"
"2026-06-06 12:00:00",0.189989604107868,0.255718042891102,0.08474271150596,0.150576931751072,NA,"1a","1a","1a","1a","0a"
"2026-06-06 13:00:00",0.316412936312227,0.0909364468237517,0.075604396169087,0.102867177274524,NA,"1a","1a","1a","1a","0a"
"2026-06-06 14:00:00",0.413224206664322,0.18144104499681,0.10078640606763,0.0700749654291549,NA,"1a","1a","1a","1a","0a"
"2026-06-06 15:00:00",0.302768292967385,0.0389732725286722,0.034778909750065,0.058980496480564,NA,"1a","1a","1a","1a","0a"
"2026-06-06 16:00:00",0.597779321532817,0.165393814216943,0.138932960178514,0.0658758303538711,NA,"1a","1a","1a","1a","0a"
"2026-06-06 17:00:00",0.547915648686198,0.180719650149881,0.143520999559831,0.0692769144472542,0.00755407818895373,"1a","1a","1a","1a","3a"
"2026-06-06 18:00:00",0.814152118670553,NA,0.0863003770586942,0.073873321514716,0.0040436214383685,"1a","0a","1a","1a","3a"
"2026-06-06 19:00:00",0.542667097641523,0.139477019347016,0.111821349621616,0.0586607465345276,NA,"1a","1a","1a","1a","0a"
"2026-06-06 20:00:00",0.210250834696233,NA,0.150677629362066,0.0527164969200131,NA,"1a","0a","1a","1a","0a"
"2026-06-06 21:00:00",0.314609025351689,0.13020480879299,0.0733632748216601,0.058544599955052,0.000265291188084853,"1a","1a","1a","1a","3a"
"2026-06-06 22:00:00",0.442606649798787,0.0573417957505805,0.0259954106950176,0.173537272716833,NA,"1a","1a","1a","1a","0a"
"2026-06-06 23:00:00",0.632463524756517,0.136750581240752,0.148645118064505,0.111851420583231,NA,"1a","1a","1a","1a","0a"
"2026-06-07 00:00:00",0.625080833041494,0.279590282726229,0.175946921422589,0.0912250651390779,NA,"1a","1a","1a","1a","0a"
"2026-06-07 01:00:00",0.623291969026872,0.132902423619689,0.140065357815588,0.138811377699012,NA,"1a","1a","1a","1a","0a"
"2026-06-07 02:00:00",0.680093454377274,0.0979452787769017,0.162965675095863,0.205149625022282,NA,"1a","1a","1a","1a","0a"
"2026-06-07 03:00:00",0.638975685284148,0.18223921657713,0.242914197728729,0.221899828306492,NA,"1a","1a","1a","1a","0a"
"2026-06-07 04:00:00",0.801894474435811,0.296991807141977,0.408889526722688,0.322755904186403,NA,"1a","1a","1a","1a","0a"
"2026-06-07 05:00:00",0.772250146744687,0.165385193078717,0.254198743405942,0.183416448718195,NA,"1a","1a","1a","1a","0a"
"2026-06-07 06:00:00",0.920973030305547,0.303135078396044,0.136306823038419,0.152034899017511,NA,"1a","1a","1a","1a","0a"
"2026-06-07 07:00:00",0.827571770076178,0.250306378576052,0.226430950551754,0.195962640946188,NA,"1a","1a","1a","1a","0a"
"2026-06-07 08:00:00",0.935502661202821,0.28053410747484,0.262710325045577,0.236046880645202,NA,"1a","1a","1a","1a","0a"
"2026-06-07 09:00:00",1.36600996719111,0.426776194231567,0.321601487947567,0.249904748484764,NA,"1a","1a","1a","1a","0a"
"2026-06-07 10:00:00",1.68831432873178,0.258886075323363,0.331534106264905,0.402622982397243,NA,"1a","1a","1a","1a","0a"
"2026-06-07 11:00:00",1.67636663564066,0.488484303356495,0.312504191520195,0.32176647268319,NA,"1a","1a","1a","1a","0a"
"2026-06-07 12:00:00",1.35893511513492,0.410432243647668,0.315976173592353,0.366327744676962,NA,"1a","1a","1a","1a","0a"
"2026-06-07 13:00:00",1.48999871957549,0.463183970327333,0.319982969176238,0.400913368164676,NA,"1a","1a","1a","1a","0a"
"2026-06-07 14:00:00",1.36282703674476,0.79033121861551,0.329156624113,0.550283179212151,NA,"1a","1a","1a","1a","0a"
"2026-06-07 15:00:00",1.51069616543919,0.335808962549525,0.299143156254386,0.357511637783301,NA,"1a","1a","1a","1a","0a"
"2026-06-07 16:00:00",1.54026537634752,0.220101172494424,0.335020275453111,0.341120849694617,NA,"1a","1a","1a","1a","0a"
"2026-06-07 17:00:00",1.55331090230547,0.236546927068374,0.338670077905858,0.377546362227949,NA,"1a","1a","1a","1a","0a"
"2026-06-07 18:00:00",1.55786558499707,0.258991984573065,0.317776258767474,0.335212077755118,NA,"1a","1a","1a","1a","0a"
"2026-06-07 19:00:00",1.39537753626558,0.527843315385027,0.251078405954395,0.213729493459765,NA,"1a","1a","1a","1a","0a"
"2026-06-07 20:00:00",1.65572102295966,0.431905991004581,0.268740186739916,0.184912656008912,NA,"1a","1a","1a","1a","0a"
"2026-06-07 21:00:00",1.51313356071076,0.285024809633245,0.242581116244836,0.180198410610374,NA,"1a","1a","1a","1a","0a"
"2026-06-07 22:00:00",1.40009676288106,0.411232707224892,0.306827405091703,0.240177237051426,NA,"1a","1a","1a","1a","0a"
"2026-06-07 23:00:00",1.35590287850625,0.469235214493881,0.426166224168178,0.261004484172063,NA,"1a","1a","1a","1a","0a"
"2026-06-08 00:00:00",1.52854391556635,0.590838224102903,0.396548810929944,0.272040240585485,NA,"1a","1a","1a","1a","0a"
"2026-06-08 01:00:00",1.32968392135868,0.536290396849945,0.431293306230025,0.308976953372503,NA,"1a","1a","1a","1a","0a"
"2026-06-08 02:00:00",1.33098633745282,0.519178548706484,0.383511360569749,0.28888493491674,NA,"1a","1a","1a","1a","0a"
"2026-06-08 03:00:00",1.4696970812238,0.522586803743518,0.406667865829774,0.238037717346843,NA,"1a","1a","1a","1a","0a"
"2026-06-08 04:00:00",1.22911838173396,0.575941862670908,0.406897725304311,0.335944163215329,NA,"1a","1a","1a","1a","0a"
"2026-06-08 05:00:00",1.36167732937232,0.67183035418874,0.449635518259488,0.311771214394129,NA,"1a","1a","1a","1a","0a"
"2026-06-08 06:00:00",0.872713345141091,0.381960591986888,0.323248805698822,0.316034762289427,NA,"1a","1a","1a","1a","0a"
"2026-06-08 07:00:00",0.723494600171954,0.258688922188442,0.143856155514937,0.129590657798833,NA,"1a","1a","1a","1a","0a"
"2026-06-08 08:00:00",0.798202768602208,NA,0.131869329831584,0.0666809785204782,NA,"1a","0a","1a","1a","0a"
"2026-06-08 09:00:00",0.657822571796896,0.545822811363773,0.094722581691725,0.0840031002549579,NA,"1a","1a","1a","1a","0a"
"2026-06-08 10:00:00",0.706810826255745,0.154175445168353,0.132214377457522,0.061963683000526,NA,"1a","1a","1a","1a","0a"
"2026-06-08 11:00:00",0.945584340783334,0.269721885463457,0.15670666015012,0.115335429876299,NA,"1a","1a","1a","1a","0a"
"2026-06-08 12:00:00",0.775360905277276,0.242472542940615,0.134479037732435,0.122216189500163,NA,"1a","1a","1a","1a","0a"
"2026-06-08 13:00:00",0.672632080491508,0.0697484588407983,0.128847428672939,0.0760854600222066,NA,"1a","1a","1a","1a","0a"
"2026-06-08 14:00:00",0.67946154028692,0.211317308142947,0.0961058682284879,0.0939690541317107,NA,"1a","1a","1a","1a","0a"
"2026-06-08 15:00:00",0.931307593277698,0.17732619108762,0.0731871104983193,0.0654018594933114,NA,"1a","1a","1a","1a","0a"
"2026-06-08 16:00:00",0.676989549626039,0.182584032872704,0.148203907837609,0.118180415304428,NA,"1a","1a","1a","1a","0a"
"2026-06-08 17:00:00",0.513468527168858,0.279264062190433,0.171763436953619,0.0748439924130299,NA,"1a","1a","1a","1a","0a"
"2026-06-08 18:00:00",0.270282657602609,0.126692203164413,0.138115816092797,0.0790626486226081,NA,"1a","1a","1a","1a","0a"
"2026-06-08 19:00:00",0.495133360817669,0.138960647001174,0.158039211409946,0.0696932531364154,NA,"1a","1a","1a","1a","0a"
"2026-06-08 20:00:00",0.515666814380463,0.0285049951088429,0.177110743041205,0.148283662397951,NA,"1a","1a","1a","1a","0a"
"2026-06-08 21:00:00",0.411260104568747,0.206301867602972,0.14184431927395,0.143626550005294,NA,"1a","1a","1a","1a","0a"
"2026-06-08 22:00:00",0.898046132126221,0.157884106801137,0.0622321904298376,0.176390043595491,NA,"1a","1a","1a","1a","0a"
"2026-06-08 23:00:00",0.49598333007626,0.0369765925441279,0.118786894374835,0.186275250954655,NA,"1a","1a","1a","1a","0a"
"2026-06-09 00:00:00",0.404658298028304,0.186443128839546,0.186861260913108,0.214032357547795,NA,"1a","1a","1a","1a","0a"
"2026-06-09 01:00:00",0.918222135472298,0.241239285360886,0.129252592688435,0.167498908908827,NA,"1a","1a","1a","1a","0a"
"2026-06-09 02:00:00",0.391764416135995,0.0717660460239809,0.158014648343453,0.14718081885473,NA,"1a","1a","1a","1a","0a"
"2026-06-09 03:00:00",1.1748923180367,0.2376095313624,0.184759893968337,0.200463246170423,NA,"1a","1a","1a","1a","0a"
"2026-06-09 04:00:00",0.823017134063028,0.220033428001131,0.202706870630634,0.182109736489342,NA,"1a","1a","1a","1a","0a"
"2026-06-09 05:00:00",0.348012489161887,0.129884959278433,0.129900105419652,0.207123682009514,NA,"1a","1a","1a","1a","0a"
"2026-06-09 06:00:00",0.301946511759345,0.0683944236047254,0.129927816884743,0.111553131247058,NA,"1a","1a","1a","1a","0a"
"2026-06-09 07:00:00",0.402708939134711,0.174824234723262,0.0704869235547246,0.0871808964001886,NA,"1a","1a","1a","1a","0a"
"2026-06-09 08:00:00",0.410135217018984,0.058876395027998,0.0847037719180677,0.0838169072145588,NA,"1a","1a","1a","1a","0a"
"2026-06-09 09:00:00",NA,NA,NA,NA,NA,"2a","2a","2a","2a","2a"
"2026-06-09 10:00:00",NA,NA,NA,NA,NA,"2a","2a","2a","2a","2a"
"2026-06-09 11:00:00",NA,NA,NA,NA,NA,"2a","2a","2a","2a","2a"
"2026-06-09 12:00:00",NA,NA,NA,NA,NA,"2a","2a","2a","2a","2a"
"2026-06-09 13:00:00",NA,NA,NA,NA,NA,"2a","2a","2a","2a","2a"
"2026-06-09 14:00:00",NA,NA,NA,NA,NA,"2a","2a","2a","2a","2a"
"2026-06-09 15:00:00",NA,NA,NA,NA,NA,"2a","2a","2a","2a","2a"
"2026-06-09 16:00:00",NA,NA,NA,NA,NA,"2a","2a","2a","2a","2a"
"2026-06-09 17:00:00",NA,NA,NA,NA,NA,"2a","2a","2a","2a","2a"
"2026-06-09 18:00:00",NA,NA,NA,NA,NA,"2a","2a","2a","2a","2a"
"2026-06-09 19:00:00",NA,NA,NA,NA,NA,"2a","2a","2a","2a","2a"
"2026-06-09 20:00:00",NA,NA,NA,NA,NA,"2a","2a","2a","2a","2a"
"2026-06-09 21:00:00",NA,NA,NA,NA,NA,"2a","2a","2a","2a","2a"
"2026-06-09 22:00:00",NA,NA,NA,NA,NA,"2a","2a","2a","2a","2a"
"2026-06-09 23:00:00",NA,NA,NA,NA,NA,"2a","2a","2a","2a","2a"
"2026-06-10 00:00:00",NA,NA,NA,NA,NA,"2a","2a","2a","2a","2a"
"2026-06-10 01:00:00",NA,NA,NA,NA,NA,"2a","2a","2a","2a","2a"
"2026-06-10 02:00:00",NA,NA,NA,NA,NA,"2a","2a","2a","2a","2a"
"2026-06-10 03:00:00",NA,NA,NA,NA,NA,"2a","2a","2a","2a","2a"
"2026-06-10 04:00:00",NA,NA,NA,NA,NA,"2a","2a","2a","2a","2a"
"2026-06-10 05:00:00",NA,NA,NA,NA,NA,"2a","2a","2a","2a","2a"
"2026-06-10 06:00:00",NA,NA,NA,NA,NA,"2a","2a","2a","2a","2a"
"2026-06-10 07:00:00",NA,NA,NA,NA,NA,"2a","2a","2a","2a","2a"
"2026-06-10 08:00:00",NA,NA,NA,NA,NA,"2a","2a","2a","2a","2a"
"2026-06-10 09:00:00",NA,NA,NA,NA,NA,"2a","2a","2a","2a","2a"
"2026-06-10 10:00:00",NA,NA,NA,NA,NA,"2a","2a","2a","2a","2a"
"2026-06-10 11:00:00",NA,NA,NA,NA,NA,"2a","2a","2a","2a","2a"
"2026-06-10 12:00:00",NA,NA,NA,NA,NA,"2a","2a","2a","2a","2a"
"2026-06-10 13:00:00",NA,NA,NA,NA,NA,"2a","2a","2a","2a","2a"
"2026-06-10 14:00:00",NA,NA,NA,NA,NA,"2a","2a","2a","2a","2a"
"2026-06-10 15:00:00",NA,NA,NA,NA,NA,"2a","2a","2a","2a","2a"
"2026-06-10 16:00:00",NA,NA,NA,NA,NA,"2a","2a","2a","2a","2a"
"2026-06-10 17:00:00",NA,NA,NA,NA,NA,"2a","2a","2a","2a","2a"
"2026-06-10 18:00:00",NA,NA,NA,NA,NA,"2a","2a","2a","2a","2a"
"2026-06-10 19:00:00",NA,NA,NA,NA,NA,"2a","2a","2a","2a","2a"
"2026-06-10 20:00:00",NA,NA,NA,NA,NA,"2a","2a","2a","2a","2a"
"2026-06-10 21:00:00",NA,NA,NA,NA,NA,"2a","2a","2a","2a","2a"
"2026-06-10 22:00:00",NA,NA,NA,NA,NA,"2a","2a","2a","2a","2a"
"2026-06-10 23:00:00",NA,NA,NA,NA,NA,"2a","2a","2a","2a","2a"
"2026-06-11 00:00:00",NA,NA,NA,NA,NA,"2a","2a","2a","2a","2a"
"2026-06-11 01:00:00",NA,NA,NA,NA,NA,"2a","2a","2a","2a","2a"
"2026-06-11 02:00:00",NA,NA,NA,NA,NA,"2a","2a","2a","2a","2a"
"2026-06-11 03:00:00",NA,NA,NA,NA,NA,"2a","2a","2a","2a","2a"
"2026-06-11 04:00:00",NA,NA,NA,NA,NA,"2a","2a","2a","2a","2a"
"2026-06-11 05:00:00",NA,NA,NA,NA,NA,"2a","2a","2a","2a","2a"
"2026-06-11 06:00:00",NA,NA,NA,NA,NA,"2a","2a","2a","2a","2a"
"2026-06-11 07:00:00",NA,NA,NA,NA,NA,"2a","2a","2a","2a","2a"
"2026-06-11 08:00:00",NA,NA,NA,NA,NA,"2a","2a","2a","2a","2a"
"2026-06-11 09:00:00",NA,NA,NA,NA,NA,"2a","2a","2a","2a","2a"
"2026-06-11 10:00:00",NA,NA,NA,NA,NA,"2a","2a","2a","2a","2a"
"2026-06-11 11:00:00",NA,NA,NA,NA,NA,"2a","2a","2a","2a","2a"
"2026-06-11 12:00:00",NA,NA,NA,NA,NA,"2a","2a","2a","2a","2a"
"2026-06-11 13:00:00",NA,NA,NA,NA,NA,"2a","2a","2a","2a","2a"
"2026-06-11 14:00:00",NA,NA,NA,NA,NA,"2a","2a","2a","2a","2a"
"2026-06-11 15:00:00",NA,NA,NA,NA,NA,"2a","2a","2a","2a","2a"
"2026-06-11 16:00:00",NA,NA,NA,NA,NA,"2a","2a","2a","2a","2a"
"2026-06-11 17:00:00",NA,NA,NA,NA,NA,"2a","2a","2a","2a","2a"
"2026-06-11 18:00:00",NA,NA,NA,NA,NA,"2a","2a","2a","2a","2a"
"2026-06-11 19:00:00",NA,NA,NA,NA,NA,"2a","2a","2a","2a","2a"
"2026-06-11 20:00:00",NA,NA,NA,NA,NA,"2a","2a","2a","2a","2a"
"2026-06-11 21:00:00",NA,NA,NA,NA,NA,"2a","2a","2a","2a","2a"
"2026-06-11 22:00:00",NA,NA,NA,NA,NA,"2a","2a","2a","2a","2a"
"2026-06-11 23:00:00",NA,NA,NA,NA,NA,"2a","2a","2a","2a","2a"
"2026-06-12 00:00:00",NA,NA,NA,NA,NA,"2a","2a","2a","2a","2a"
"2026-06-12 01:00:00",NA,NA,NA,NA,NA,"2a","2a","2a","2a","2a"
"2026-06-12 02:00:00",NA,NA,NA,NA,NA,"2a","2a","2a","2a","2a"
"2026-06-12 03:00:00",NA,NA,NA,NA,NA,"2a","2a","2a","2a","2a"
"2026-06-12 04:00:00",NA,NA,NA,NA,NA,"2a","2a","2a","2a","2a"
"2026-06-12 05:00:00",NA,NA,NA,NA,NA,"2a","2a","2a","2a","2a"
"2026-06-12 06:00:00",NA,NA,NA,NA,NA,"2a","2a","2a","2a","2a"
"2026-06-12 07:00:00",NA,NA,NA,NA,NA,"2a","2a","2a","2a","2a"
"2026-06-12 08:00:00",NA,NA,NA,NA,NA,"2a","2a","2a","2a","2a"
"2026-06-12 09:00:00",NA,NA,NA,NA,NA,"2a","2a","2a","2a","2a"
"2026-06-12 10:00:00",NA,NA,NA,NA,NA,"2a","2a","2a","2a","2a"
"2026-06-12 11:00:00",NA,NA,NA,NA,NA,"2a","2a","2a","2a","2a"
"2026-06-12 12:00:00",NA,NA,NA,NA,NA,"2a","2a","2a","2a","2a"
"2026-06-12 13:00:00",NA,NA,NA,NA,NA,"2a","2a","2a","2a","2a"
"2026-06-12 14:00:00",NA,NA,NA,NA,NA,"2a","2a","2a","2a","2a"
"2026-06-12 15:00:00",NA,NA,NA,NA,NA,"2a","2a","2a","2a","2a"
"2026-06-12 16:00:00",NA,NA,NA,NA,NA,"2a","2a","2a","2a","2a"
"2026-06-12 17:00:00",NA,NA,NA,NA,NA,"2a","2a","2a","2a","2a"
"2026-06-12 18:00:00",NA,NA,NA,NA,NA,"2a","2a","2a","2a","2a"
"2026-06-12 19:00:00",NA,NA,NA,NA,NA,"2a","2a","2a","2a","2a"
"2026-06-12 20:00:00",NA,NA,NA,NA,NA,"2a","2a","2a","2a","2a"
"2026-06-12 21:00:00",NA,NA,NA,NA,NA,"2a","2a","2a","2a","2a"
"2026-06-12 22:00:00",NA,NA,NA,NA,NA,"2a","2a","2a","2a","2a"
"2026-06-12 23:00:00",NA,NA,NA,NA,NA,"2a","2a","2a","2a","2a"
"2026-06-13 00:00:00",NA,NA,NA,NA,NA,"2a","2a","2a","2a","2a"
"2026-06-13 01:00:00",NA,NA,NA,NA,NA,"2a","2a","2a","2a","2a"
"2026-06-13 02:00:00",NA,NA,NA,NA,NA,"2a","2a","2a","2a","2a"
"2026-06-13 03:00:00",NA,NA,NA,NA,NA,"2a","2a","2a","2a","2a"
"2026-06-13 04:00:00",NA,NA,NA,NA,NA,"2a","2a","2a","2a","2a"
"2026-06-13 05:00:00",NA,NA,NA,NA,NA,"2a","2a","2a","2a","2a"
"2026-06-13 06:00:00",NA,NA,NA,NA,NA,"2a","2a","2a","2a","2a"
"2026-06-13 07:00:00",NA,NA,NA,NA,NA,"2a","2a","2a","2a","2a"
"2026-06-13 08:00:00",NA,NA,NA,NA,NA,"2a","2a","2a","2a","2a"
"2026-06-13 09:00:00",NA,NA,NA,NA,NA,"2a","2a","2a","2a","2a"
"2026-06-13 10:00:00",NA,NA,NA,NA,NA,"2a","2a","2a","2a","2a"
"2026-06-13 11:00:00",NA,NA,NA,NA,NA,"2a","2a","2a","2a","2a"
"2026-06-13 12:00:00",NA,NA,NA,NA,NA,"2a","2a","2a","2a","2a"
"2026-06-13 13:00:00",NA,NA,NA,NA,NA,"2a","2a","2a","2a","2a"
"2026-06-13 14:00:00",NA,NA,NA,NA,NA,"2a","2a","2a","2a","2a"
"2026-06-13 15:00:00",NA,NA,NA,NA,NA,"2a","2a","2a","2a","2a"
"2026-06-13 16:00:00",NA,NA,NA,NA,NA,"2a","2a","2a","2a","2a"
"2026-06-13 17:00:00",NA,NA,NA,NA,NA,"2a","2a","2a","2a","2a"
"2026-06-13 18:00:00",NA,NA,NA,NA,NA,"2a","2a","2a","2a","2a"
"2026-06-13 19:00:00",NA,NA,NA,NA,NA,"2a","2a","2a","2a","2a"
"2026-06-13 20:00:00",NA,NA,NA,NA,NA,"2a","2a","2a","2a","2a"
"2026-06-13 21:00:00",NA,NA,NA,NA,NA,"2a","2a","2a","2a","2a"
"2026-06-13 22:00:00",NA,NA,NA,NA,NA,"2a","2a","2a","2a","2a"
"2026-06-13 23:00:00",NA,NA,NA,NA,NA,"2a","2a","2a","2a","2a"
"2026-06-14 00:00:00",NA,NA,NA,NA,NA,"2a","2a","2a","2a","2a"
"2026-06-14 01:00:00",NA,NA,NA,NA,NA,"2a","2a","2a","2a","2a"
"2026-06-14 02:00:00",NA,NA,NA,NA,NA,"2a","2a","2a","2a","2a"
"2026-06-14 03:00:00",NA,NA,NA,NA,NA,"2a","2a","2a","2a","2a"
"2026-06-14 04:00:00",NA,NA,NA,NA,NA,"2a","2a","2a","2a","2a"
"2026-06-14 05:00:00",NA,NA,NA,NA,NA,"2a","2a","2a","2a","2a"
"2026-06-14 06:00:00",NA,NA,NA,NA,NA,"2a","2a","2a","2a","2a"
"2026-06-14 07:00:00",NA,NA,NA,NA,NA,"2a","2a","2a","2a","2a"
"2026-06-14 08:00:00",NA,NA,NA,NA,NA,"2a","2a","2a","2a","2a"
"2026-06-14 09:00:00",NA,NA,NA,NA,NA,"2a","2a","2a","2a","2a"
"2026-06-14 10:00:00",NA,NA,NA,NA,NA,"2a","2a","2a","2a","2a"
"2026-06-14 11:00:00",NA,NA,NA,NA,NA,"2a","2a","2a","2a","2a"
"2026-06-14 12:00:00",NA,NA,NA,NA,NA,"2a","2a","2a","2a","2a"
"2026-06-14 13:00:00",NA,NA,NA,NA,NA,"2a","2a","2a","2a","2a"
"2026-06-14 14:00:00",NA,NA,NA,NA,NA,"2a","2a","2a","2a","2a"
"2026-06-14 15:00:00",NA,NA,NA,NA,NA,"2a","2a","2a","2a","2a"
"2026-06-14 16:00:00",NA,NA,NA,NA,NA,"2a","2a","2a","2a","2a"
"2026-06-14 17:00:00",NA,NA,NA,NA,NA,"2a","2a","2a","2a","2a"
"2026-06-14 18:00:00",NA,NA,NA,NA,NA,"2a","2a","2a","2a","2a"
"2026-06-14 19:00:00",NA,NA,NA,NA,NA,"2a","2a","2a","2a","2a"
"2026-06-14 20:00:00",NA,NA,NA,NA,NA,"2a","2a","2a","2a","2a"
"2026-06-14 21:00:00",NA,NA,NA,NA,NA,"2a","2a","2a","2a","2a"
"2026-06-14 22:00:00",NA,NA,NA,NA,NA,"2a","2a","2a","2a","2a"
"2026-06-14 23:00:00",NA,NA,NA,NA,NA,"2a","2a","2a","2a","2a"
"2026-06-15 00:00:00",NA,NA,NA,NA,NA,"2a","2a","2a","2a","2a"
"2026-06-15 01:00:00",NA,NA,NA,NA,NA,"2a","2a","2a","2a","2a"
"2026-06-15 02:00:00",NA,NA,NA,NA,NA,"2a","2a","2a","2a","2a"
"2026-06-15 03:00:00",NA,NA,NA,NA,NA,"2a","2a","2a","2a","2a"
"2026-06-15 04:00:00",NA,NA,NA,NA,NA,"2a","2a","2a","2a","2a"
"2026-06-15 05:00:00",NA,NA,NA,NA,NA,"2a","2a","2a","2a","2a"
"2026-06-15 06:00:00",NA,NA,NA,NA,NA,"2a","2a","2a","2a","2a"
"2026-06-15 07:00:00",NA,NA,NA,NA,NA,"2a","2a","2a","2a","2a"
"2026-06-15 08:00:00",NA,NA,NA,NA,NA,"2a","2a","2a","2a","2a"
"2026-06-15 09:00:00",NA,NA,NA,NA,NA,"2a","2a","2a","2a","2a"
"2026-06-15 10:00:00",NA,NA,NA,NA,NA,"2a","2a","2a","2a","2a"
"2026-06-15 11:00:00",NA,NA,NA,NA,NA,"2a","2a","2a","2a","2a"
"2026-06-15 12:00:00",NA,NA,NA,NA,NA,"2a","2a","2a","2a","2a"
"2026-06-15 13:00:00",NA,NA,NA,NA,NA,"2a","2a","2a","2a","2a"
"2026-06-15 14:00:00",NA,NA,NA,NA,NA,"2a","2a","2a","2a","2a"
"2026-06-15 15:00:00",NA,NA,NA,NA,NA,"2a","2a","2a","2a","2a"
"2026-06-15 16:00:00",NA,NA,NA,NA,NA,"2a","2a","2a","2a","2a"
"2026-06-15 17:00:00",NA,NA,NA,NA,NA,"2a","2a","2a","2a","2a"
"2026-06-15 18:00:00",NA,NA,NA,NA,NA,"2a","2a","2a","2a","2a"
"2026-06-15 19:00:00",NA,NA,NA,NA,NA,"2a","2a","2a","2a","2a"
"2026-06-15 20:00:00",NA,NA,NA,NA,NA,"2a","2a","2a","2a","2a"
"2026-06-15 21:00:00",NA,NA,NA,NA,NA,"2a","2a","2a","2a","2a"
"2026-06-15 22:00:00",NA,NA,NA,NA,NA,"2a","2a","2a","2a","2a"
"2026-06-15 23:00:00",NA,NA,NA,NA,NA,"2a","2a","2a","2a","2a"
"2026-06-16 00:00:00",NA,NA,NA,NA,NA,"2a","2a","2a","2a","2a"
"2026-06-16 01:00:00",NA,NA,NA,NA,NA,"2a","2a","2a","2a","2a"
"2026-06-16 02:00:00",NA,NA,NA,NA,NA,"2a","2a","2a","2a","2a"
"2026-06-16 03:00:00",NA,NA,NA,NA,NA,"2a","2a","2a","2a","2a"
"2026-06-16 04:00:00",NA,NA,NA,NA,NA,"2a","2a","2a","2a","2a"
"2026-06-16 05:00:00",NA,NA,NA,NA,NA,"2a","2a","2a","2a","2a"
"2026-06-16 06:00:00",NA,NA,NA,NA,NA,"2a","2a","2a","2a","2a"
"2026-06-16 07:00:00",NA,NA,NA,NA,NA,"2a","2a","2a","2a","2a"
"2026-06-16 08:00:00",NA,NA,NA,NA,NA,"2a","2a","2a","2a","2a"
"2026-06-16 09:00:00",NA,NA,NA,NA,NA,"2a","2a","2a","2a","2a"
"2026-06-16 10:00:00",NA,NA,NA,NA,NA,"2a","2a","2a","2a","2a"
"2026-06-16 11:00:00",NA,NA,NA,NA,NA,"2a","2a","2a","2a","2a"
"2026-06-16 12:00:00",NA,NA,NA,NA,NA,"2a","2a","2a","2a","2a"
"2026-06-16 13:00:00",NA,NA,NA,NA,NA,"2a","2a","2a","2a","2a"
"2026-06-16 14:00:00",NA,NA,NA,NA,NA,"2a","2a","2a","2a","2a"
"2026-06-16 15:00:00",NA,NA,NA,NA,NA,"2a","2a","2a","2a","2a"
"2026-06-16 16:00:00",NA,NA,NA,NA,NA,"2a","2a","2a","2a","2a"
"2026-06-16 17:00:00",NA,NA,NA,NA,NA,"2a","2a","2a","2a","2a"
"2026-06-16 18:00:00",NA,NA,NA,NA,NA,"2a","2a","2a","2a","2a"
"2026-06-16 19:00:00",NA,NA,NA,NA,NA,"2a","2a","2a","2a","2a"
"2026-06-16 20:00:00",NA,NA,NA,NA,NA,"2a","2a","2a","2a","2a"
"2026-06-16 21:00:00",NA,NA,NA,NA,NA,"2a","2a","2a","2a","2a"
"2026-06-16 22:00:00",NA,NA,NA,NA,NA,"2a","2a","2a","2a","2a"
"2026-06-16 23:00:00",NA,NA,NA,NA,NA,"2a","2a","2a","2a","2a"
"2026-06-17 00:00:00",NA,NA,NA,NA,NA,"2a","2a","2a","2a","2a"
"2026-06-17 01:00:00",NA,NA,NA,NA,NA,"2a","2a","2a","2a","2a"
"2026-06-17 02:00:00",NA,NA,NA,NA,NA,"2a","2a","2a","2a","2a"
"2026-06-17 03:00:00",NA,NA,NA,NA,NA,"2a","2a","2a","2a","2a"
"2026-06-17 04:00:00",NA,NA,NA,NA,NA,"2a","2a","2a","2a","2a"
"2026-06-17 05:00:00",NA,NA,NA,NA,NA,"2a","2a","2a","2a","2a"
"2026-06-17 06:00:00",NA,NA,NA,NA,NA,"2a","2a","2a","2a","2a"
"2026-06-17 07:00:00",NA,NA,NA,NA,NA,"2a","2a","2a","2a","2a"
"2026-06-17 08:00:00",NA,NA,NA,NA,NA,"2a","2a","2a","2a","2a"
"2026-06-17 09:00:00",NA,NA,NA,NA,NA,"2a","2a","2a","2a","2a"
"2026-06-17 10:00:00",NA,NA,NA,NA,NA,"2a","2a","2a","2a","2a"
"2026-06-17 11:00:00",NA,NA,NA,NA,NA,"2a","2a","2a","2a","2a"
"2026-06-17 12:00:00",NA,NA,NA,NA,NA,"2a","2a","2a","2a","2a"
"2026-06-17 13:00:00",NA,NA,NA,NA,NA,"2a","2a","2a","2a","2a"
"2026-06-17 14:00:00",NA,NA,NA,NA,NA,"2a","2a","2a","2a","2a"
"2026-06-17 15:00:00",NA,NA,NA,NA,NA,"2a","2a","2a","2a","2a"
"2026-06-17 16:00:00",NA,NA,NA,NA,NA,"2a","2a","2a","2a","2a"
"2026-06-17 17:00:00",NA,NA,NA,NA,NA,"2a","2a","2a","2a","2a"
"2026-06-17 18:00:00",NA,NA,NA,NA,NA,"2a","2a","2a","2a","2a"
"2026-06-17 19:00:00",NA,NA,NA,NA,NA,"2a","2a","2a","2a","2a"
"2026-06-17 20:00:00",NA,NA,NA,NA,NA,"2a","2a","2a","2a","2a"
"2026-06-17 21:00:00",NA,NA,NA,NA,NA,"2a","2a","2a","2a","2a"
"2026-06-17 22:00:00",NA,NA,NA,NA,NA,"2a","2a","2a","2a","2a"
"2026-06-17 23:00:00",NA,NA,NA,NA,NA,"2a","2a","2a","2a","2a"
"2026-06-18 00:00:00",NA,NA,NA,NA,NA,"2a","2a","2a","2a","2a"
"2026-06-18 01:00:00",NA,NA,NA,NA,NA,"2a","2a","2a","2a","2a"
"2026-06-18 02:00:00",NA,NA,NA,NA,NA,"2a","2a","2a","2a","2a"
"2026-06-18 03:00:00",NA,NA,NA,NA,NA,"2a","2a","2a","2a","2a"
"2026-06-18 04:00:00",NA,NA,NA,NA,NA,"2a","2a","2a","2a","2a"
"2026-06-18 05:00:00",NA,NA,NA,NA,NA,"2a","2a","2a","2a","2a"
"2026-06-18 06:00:00",NA,NA,NA,NA,NA,"2a","2a","2a","2a","2a"
"2026-06-18 07:00:00",NA,NA,NA,NA,NA,"2a","2a","2a","2a","2a"
"2026-06-18 08:00:00",NA,NA,NA,NA,NA,"2a","2a","2a","2a","2a"
"2026-06-18 09:00:00",NA,NA,NA,NA,NA,"2a","2a","2a","2a","2a"
"2026-06-18 10:00:00",NA,NA,NA,NA,NA,"2a","2a","2a","2a","2a"
"2026-06-18 11:00:00",NA,NA,NA,NA,NA,"2a","2a","2a","2a","2a"
"2026-06-18 12:00:00",NA,NA,NA,NA,NA,"2a","2a","2a","2a","2a"
"2026-06-18 13:00:00",NA,NA,NA,NA,NA,"2a","2a","2a","2a","2a"
"2026-06-18 14:00:00",NA,NA,NA,NA,NA,"2a","2a","2a","2a","2a"
"2026-06-18 15:00:00",NA,NA,NA,NA,NA,"2a","2a","2a","2a","2a"
"2026-06-18 16:00:00",NA,NA,NA,NA,NA,"2a","2a","2a","2a","2a"
"2026-06-18 17:00:00",NA,NA,NA,NA,NA,"2a","2a","2a","2a","2a"
"2026-06-18 18:00:00",NA,NA,NA,NA,NA,"2a","2a","2a","2a","2a"
"2026-06-18 19:00:00",NA,NA,NA,NA,NA,"2a","2a","2a","2a","2a"
"2026-06-18 20:00:00",NA,NA,NA,NA,NA,"2a","2a","2a","2a","2a"
"2026-06-18 21:00:00",NA,NA,NA,NA,NA,"2a","2a","2a","2a","2a"
"2026-06-18 22:00:00",NA,NA,NA,NA,NA,"2a","2a","2a","2a","2a"
"2026-06-18 23:00:00",NA,NA,NA,NA,NA,"2a","2a","2a","2a","2a"
"2026-06-19 00:00:00",NA,NA,NA,NA,NA,"2a","2a","2a","2a","2a"
"2026-06-19 01:00:00",NA,NA,NA,NA,NA,"2a","2a","2a","2a","2a"
"2026-06-19 02:00:00",NA,NA,NA,NA,NA,"2a","2a","2a","2a","2a"
"2026-06-19 03:00:00",NA,NA,NA,NA,NA,"2a","2a","2a","2a","2a"
"2026-06-19 04:00:00",NA,NA,NA,NA,NA,"2a","2a","2a","2a","2a"
"2026-06-19 05:00:00",NA,NA,NA,NA,NA,"2a","2a","2a","2a","2a"
"2026-06-19 06:00:00",NA,NA,NA,NA,NA,"2a","2a","2a","2a","2a"
"2026-06-19 07:00:00",NA,NA,NA,NA,NA,"2a","2a","2a","2a","2a"
"2026-06-19 08:00:00",NA,NA,NA,NA,NA,"2a","2a","2a","2a","2a"
"2026-06-19 09:00:00",NA,NA,NA,NA,NA,"2a","2a","2a","2a","2a"
"2026-06-19 10:00:00",NA,NA,NA,NA,NA,"2a","2a","2a","2a","2a"
"2026-06-19 11:00:00",NA,NA,NA,NA,NA,"2a","2a","2a","2a","2a"
"2026-06-19 12:00:00",NA,NA,NA,NA,NA,"2a","2a","2a","2a","2a"
"2026-06-19 13:00:00",NA,NA,NA,NA,NA,"2a","2a","2a","2a","2a"
"2026-06-19 14:00:00",NA,NA,NA,NA,NA,"2a","2a","2a","2a","2a"
"2026-06-19 15:00:00",NA,NA,NA,NA,NA,"2a","2a","2a","2a","2a"
"2026-06-19 16:00:00",NA,NA,NA,NA,NA,"2a","2a","2a","2a","2a"
"2026-06-19 17:00:00",NA,NA,NA,NA,NA,"2a","2a","2a","2a","2a"
"2026-06-19 18:00:00",NA,NA,NA,NA,NA,"2a","2a","2a","2a","2a"
"2026-06-19 19:00:00",NA,NA,NA,NA,NA,"2a","2a","2a","2a","2a"
"2026-06-19 20:00:00",NA,NA,NA,NA,NA,"2a","2a","2a","2a","2a"
"2026-06-19 21:00:00",NA,NA,NA,NA,NA,"2a","2a","2a","2a","2a"
"2026-06-19 22:00:00",NA,NA,NA,NA,NA,"2a","2a","2a","2a","2a"
"2026-06-19 23:00:00",NA,NA,NA,NA,NA,"2a","2a","2a","2a","2a"
"2026-06-20 00:00:00",NA,NA,NA,NA,NA,"2a","2a","2a","2a","2a"
"2026-06-20 01:00:00",NA,NA,NA,NA,NA,"2a","2a","2a","2a","2a"
"2026-06-20 02:00:00",NA,NA,NA,NA,NA,"2a","2a","2a","2a","2a"
"2026-06-20 03:00:00",NA,NA,NA,NA,NA,"2a","2a","2a","2a","2a"
"2026-06-20 04:00:00",NA,NA,NA,NA,NA,"2a","2a","2a","2a","2a"
"2026-06-20 05:00:00",NA,NA,NA,NA,NA,"2a","2a","2a","2a","2a"
"2026-06-20 06:00:00",NA,NA,NA,NA,NA,"2a","2a","2a","2a","2a"
"2026-06-20 07:00:00",NA,NA,NA,NA,NA,"2a","2a","2a","2a","2a"
"2026-06-20 08:00:00",NA,NA,NA,NA,NA,"2a","2a","2a","2a","2a"
"2026-06-20 09:00:00",NA,NA,NA,NA,NA,"2a","2a","2a","2a","2a"
"2026-06-20 10:00:00",NA,NA,NA,NA,NA,"2a","2a","2a","2a","2a"
"2026-06-20 11:00:00",NA,NA,NA,NA,NA,"2a","2a","2a","2a","2a"
"2026-06-20 12:00:00",NA,NA,NA,NA,NA,"2a","2a","2a","2a","2a"
"2026-06-20 13:00:00",NA,NA,NA,NA,NA,"2a","2a","2a","2a","2a"
"2026-06-20 14:00:00",NA,NA,NA,NA,NA,"2a","2a","2a","2a","2a"
"2026-06-20 15:00:00",NA,NA,NA,NA,NA,"2a","2a","2a","2a","2a"
"2026-06-20 16:00:00",NA,NA,NA,NA,NA,"2a","2a","2a","2a","2a"
"2026-06-20 17:00:00",NA,NA,NA,NA,NA,"2a","2a","2a","2a","2a"
"2026-06-20 18:00:00",NA,NA,NA,NA,NA,"2a","2a","2a","2a","2a"
"2026-06-20 19:00:00",NA,NA,NA,NA,NA,"2a","2a","2a","2a","2a"
"2026-06-20 20:00:00",NA,NA,NA,NA,NA,"2a","2a","2a","2a","2a"
"2026-06-20 21:00:00",NA,NA,NA,NA,NA,"2a","2a","2a","2a","2a"
"2026-06-20 22:00:00",NA,NA,NA,NA,NA,"2a","2a","2a","2a","2a"
"2026-06-20 23:00:00",NA,NA,NA,NA,NA,"2a","2a","2a","2a","2a"
"2026-06-21 00:00:00",NA,NA,NA,NA,NA,"2a","2a","2a","2a","2a"
"2026-06-21 01:00:00",NA,NA,NA,NA,NA,"2a","2a","2a","2a","2a"
"2026-06-21 02:00:00",NA,NA,NA,NA,NA,"2a","2a","2a","2a","2a"
"2026-06-21 03:00:00",NA,NA,NA,NA,NA,"2a","2a","2a","2a","2a"
"2026-06-21 04:00:00",NA,NA,NA,NA,NA,"2a","2a","2a","2a","2a"
"2026-06-21 05:00:00",NA,NA,NA,NA,NA,"2a","2a","2a","2a","2a"
"2026-06-21 06:00:00",NA,NA,NA,NA,NA,"2a","2a","2a","2a","2a"
"2026-06-21 07:00:00",NA,NA,NA,NA,NA,"2a","2a","2a","2a","2a"
"2026-06-21 08:00:00",NA,NA,NA,NA,NA,"2a","2a","2a","2a","2a"
"2026-06-21 09:00:00",NA,NA,NA,NA,NA,"2a","2a","2a","2a","2a"
"2026-06-21 10:00:00",NA,NA,NA,NA,NA,"2a","2a","2a","2a","2a"
"2026-06-21 11:00:00",NA,NA,NA,NA,NA,"2a","2a","2a","2a","2a"
"2026-06-21 12:00:00",NA,NA,NA,NA,NA,"2a","2a","2a","2a","2a"
"2026-06-21 13:00:00",NA,NA,NA,NA,NA,"2a","2a","2a","2a","2a"
"2026-06-21 14:00:00",NA,NA,NA,NA,NA,"2a","2a","2a","2a","2a"
"2026-06-21 15:00:00",NA,NA,NA,NA,NA,"2a","2a","2a","2a","2a"
"2026-06-21 16:00:00",NA,NA,NA,NA,NA,"2a","2a","2a","2a","2a"
"2026-06-21 17:00:00",NA,NA,NA,NA,NA,"2a","2a","2a","2a","2a"
"2026-06-21 18:00:00",NA,NA,NA,NA,NA,"2a","2a","2a","2a","2a"
"2026-06-21 19:00:00",NA,NA,NA,NA,NA,"2a","2a","2a","2a","2a"
"2026-06-21 20:00:00",NA,NA,NA,NA,NA,"2a","2a","2a","2a","2a"
"2026-06-21 21:00:00",NA,NA,NA,NA,NA,"2a","2a","2a","2a","2a"
"2026-06-21 22:00:00",NA,NA,NA,NA,NA,"2a","2a","2a","2a","2a"
"2026-06-21 23:00:00",NA,NA,NA,NA,NA,"2a","2a","2a","2a","2a"
"2026-06-22 00:00:00",NA,NA,NA,NA,NA,"2a","2a","2a","2a","2a"
"2026-06-22 01:00:00",NA,NA,NA,NA,NA,"2a","2a","2a","2a","2a"
"2026-06-22 02:00:00",NA,NA,NA,NA,NA,"2a","2a","2a","2a","2a"
"2026-06-22 03:00:00",NA,NA,NA,NA,NA,"2a","2a","2a","2a","2a"
"2026-06-22 04:00:00",NA,NA,NA,NA,NA,"2a","2a","2a","2a","2a"
"2026-06-22 05:00:00",NA,NA,NA,NA,NA,"2a","2a","2a","2a","2a"
"2026-06-22 06:00:00",NA,NA,NA,NA,NA,"2a","2a","2a","2a","2a"
"2026-06-22 07:00:00",NA,NA,NA,NA,NA,"2a","2a","2a","2a","2a"
"2026-06-22 08:00:00",NA,NA,NA,NA,NA,"2a","2a","2a","2a","2a"
"2026-06-22 09:00:00",NA,NA,NA,NA,NA,"2a","2a","2a","2a","2a"
"2026-06-22 10:00:00",NA,NA,NA,NA,NA,"2a","2a","2a","2a","2a"
"2026-06-22 11:00:00",NA,NA,NA,NA,NA,"2a","2a","2a","2a","2a"
"2026-06-22 12:00:00",NA,NA,NA,NA,NA,"2a","2a","2a","2a","2a"
"2026-06-22 13:00:00",NA,NA,NA,NA,NA,"0a","0a","0a","0a","0a"
"2026-06-22 14:00:00",NA,NA,NA,NA,NA,"0a","0a","0a","0a","0a"
"2026-06-22 15:00:00",NA,NA,NA,NA,NA,"0a","0a","0a","0a","0a"
"2026-06-22 16:00:00",NA,NA,NA,NA,NA,"0a","0a","0a","0a","0a"
"2026-06-22 17:00:00",NA,NA,NA,NA,NA,"0a","0a","0a","0a","0a"
"2026-06-22 18:00:00",NA,NA,NA,NA,NA,"0a","0a","0a","0a","0a"
"2026-06-22 19:00:00",NA,NA,NA,NA,NA,"0a","0a","0a","0a","0a"
"2026-06-22 20:00:00",NA,NA,NA,NA,NA,"0a","0a","0a","0a","0a"
"2026-06-22 21:00:00",2.88322390672044,0.879102521194918,0.110897231306094,0.395719800572274,0.0122955957129086,"1a","1a","1a","1a","3a"
"2026-06-22 22:00:00",2.87541399901379,1.17670143659394,0.137672018259556,0.602683680487813,0.0058872963187691,"1a","1a","1a","1a","3a"
"2026-06-22 23:00:00",3.37083606966253,1.18975602767266,0.161815793560106,0.778521851773485,NA,"1a","1a","1a","1a","0a"
"2026-06-23 00:00:00",3.36293247045996,1.3483752536657,0.1839919890252,0.95070598121392,NA,"1a","1a","1a","1a","0a"
"2026-06-23 01:00:00",3.15357575252491,1.71900940571339,0.13791403509652,1.19747293407555,0.00807156822775793,"1a","1a","1a","1a","3a"
"2026-06-23 02:00:00",3.72424589587956,1.95981604140981,0.119828078820287,1.56465804416896,0.010057872621173,"1a","1a","1a","1a","3a"
"2026-06-23 03:00:00",3.00413542170856,1.23563449417827,0.0681461889328695,1.49548418007992,0.0120418951028472,"1a","1a","1a","1a","3a"
"2026-06-23 04:00:00",2.07224807565909,1.00618963260756,0.0659393758144921,0.764958352923347,NA,"1a","1a","1a","1a","0a"
"2026-06-23 05:00:00",1.33170468692568,0.596879248869,0.0164305606429769,0.707039751451399,0.0222810693155333,"1a","1a","1a","1a","3a"
"2026-06-23 06:00:00",1.37085672806019,0.949533251886489,0.0766357381655157,0.68140469069339,NA,"1a","1a","1a","1a","0a"
"2026-06-23 07:00:00",1.93162269177087,0.922622315839545,0.0934089915507599,0.845371262189052,0.00305247249434794,"1a","1a","1a","1a","3a"
"2026-06-23 08:00:00",2.28698013208456,0.855213529799365,0.0683138630856022,0.634728141176032,0.00821490538017568,"1a","1a","1a","1a","3a"
"2026-06-23 09:00:00",2.33506556368977,0.498054482792987,0.086885007642158,0.486797485383009,0.00751234855862875,"1a","1a","1a","1a","3a"
"2026-06-23 10:00:00",2.49677007562835,0.633894964238328,0.0888597512670815,0.37293376855081,NA,"1a","1a","1a","1a","0a"
"2026-06-23 11:00:00",2.9182382391584,0.578201546519933,0.0536838904610904,0.360797520724143,NA,"1a","1a","1a","1a","0a"
"2026-06-23 12:00:00",3.65833801936488,0.7352832646439,0.0920123667964897,0.360883198669804,0.0116643104392894,"1a","1a","1a","1a","3a"
"2026-06-23 13:00:00",4.2111984470305,0.81247908457411,0.0494461111659965,0.297918520153039,0.00898717624510298,"1a","1a","1a","1a","3a"
"2026-06-23 14:00:00",NA,NA,NA,NA,NA,"0a","0a","0a","0a","0a"
"2026-06-23 15:00:00",NA,NA,NA,NA,NA,"0a","0a","0a","0a","0a"
"2026-06-23 16:00:00",NA,NA,NA,NA,NA,"0a","0a","0a","0a","0a"
"2026-06-23 17:00:00",NA,NA,NA,NA,NA,"0a","0a","0a","0a","0a"
"2026-06-23 18:00:00",NA,NA,NA,NA,NA,"0a","0a","0a","0a","0a"
"2026-06-23 19:00:00",NA,NA,NA,NA,NA,"0a","0a","0a","0a","0a"
"2026-06-23 20:00:00",NA,NA,NA,NA,NA,"0a","0a","0a","0a","0a"
"2026-06-23 21:00:00",6.78212357359421,1.81366423414415,0.252866352234622,0.7970819681859,NA,"1a","1a","1a","1a","0a"
"2026-06-23 22:00:00",6.4387894667181,2.01162557682428,0.214715929737876,1.02387932197835,NA,"1a","1a","1a","1a","0a"
"2026-06-23 23:00:00",6.5546826148564,1.97775647670582,0.272699931344562,1.00297283996509,0.00897989078340236,"1a","1a","1a","1a","3a"
"2026-06-24 00:00:00",6.06507134169098,2.14607615723836,0.131909641853159,1.42059141663867,NA,"1a","1a","1a","1a","0a"
"2026-06-24 01:00:00",5.64482197556686,2.33123164645051,0.250788244761195,1.917145721472,0.00219591322592748,"1a","1a","1a","1a","3a"
"2026-06-24 02:00:00",5.58333008423966,2.52715209871672,0.176653311758561,2.48708741523333,0.00694045591005071,"1a","1a","1a","1a","3a"
"2026-06-24 03:00:00",4.97120602213135,2.28533110384257,0.118425127589403,2.0589003057163,0.0101363857176644,"1a","1a","1a","1a","3a"
"2026-06-24 04:00:00",4.36000364451285,2.42226829356996,0.109675547020872,2.68394082352849,0.0205326613192653,"1a","1a","1a","1a","3a"
"2026-06-24 05:00:00",4.42277642318469,2.86874241311492,0.121225303920555,3.60682146208337,0.000643103737171451,"1a","1a","1a","1a","3a"
"2026-06-24 06:00:00",4.38016760568872,2.41366930045577,0.138270377163265,2.95761211404908,0.0217131459420366,"1a","1a","1a","1a","3a"
"2026-06-24 07:00:00",4.19713045309553,1.75814653992087,0.122519256777167,1.65087096905244,NA,"1a","1a","1a","1a","0a"
"2026-06-24 08:00:00",4.20187018736422,1.36401464883442,0.123096304681437,0.595997294422914,0.00927129086956037,"1a","1a","1a","1a","3a"
"2026-06-24 09:00:00",4.3853554380928,1.28996413121394,0.130921996946541,0.484423751141396,0.0039733877885643,"1a","1a","1a","1a","3a"
"2026-06-24 10:00:00",4.78030490935222,1.05412914955594,0.077089659521055,0.435235985654089,NA,"1a","1a","1a","1a","0a"
"2026-06-24 11:00:00",4.57280934602345,1.17878342206554,0.110226872663619,0.38729546281485,0.00177641494257259,"1a","1a","1a","1a","3a"
"2026-06-24 12:00:00",4.86036938141367,1.03165029523889,0.0756480366850495,0.324993670874761,0.0190603881675409,"1a","1a","1a","1a","3a"
"2026-06-24 13:00:00",5.18570974166557,0.711790068928535,0.104556180184661,0.419860856730322,NA,"1a","1a","1a","1a","0a"
"2026-06-24 14:00:00",5.33808642398401,0.852717511074549,0.0885849162850523,0.399653113789389,0.00144295305978323,"1a","1a","1a","1a","3a"
"2026-06-24 15:00:00",5.19827343130167,0.691290458335936,0.117229676734737,0.369833530922218,0.00900597384006562,"1a","1a","1a","1a","3a"
"2026-06-24 16:00:00",5.53308841405909,0.852620803386058,0.141805845745641,0.524401524952307,NA,"1a","1a","1a","1a","0a"
"2026-06-24 17:00:00",5.26890690632246,0.809278596339441,0.056917348795766,0.358900089874978,0.00194731049874829,"1a","1a","1a","1a","3a"
"2026-06-24 18:00:00",4.96871757819718,0.751174540732095,0.130012691655234,0.341474176270794,0.00506491931422501,"1a","1a","1a","1a","3a"
"2026-06-24 19:00:00",4.1119474463729,0.679695721951978,0.144036419842806,0.294003968551746,0.00824550372474834,"1a","1a","1a","1a","3a"
"2026-06-24 20:00:00",3.67601601839311,0.812362710121459,0.104779483291365,0.338970565713528,0.000248790266331743,"1a","1a","1a","1a","3a"
"2026-06-24 21:00:00",3.03149402357063,0.88046655489234,0.10661650470337,0.311334854743763,0.0062388614387539,"1a","1a","1a","1a","3a"
"2026-06-24 22:00:00",3.63324462554824,0.77659606404098,0.0971033482617314,0.408487595331406,NA,"1a","1a","1a","1a","0a"
"2026-06-24 23:00:00",3.46318628656071,1.26208231348807,0.133900624426336,0.709507824967681,0.0249232344672346,"1a","1a","1a","1a","3a"
"2026-06-25 00:00:00",3.37846105401676,1.15283794087415,0.164056365312066,0.529621287139042,0.00608628985320275,"1a","1a","1a","1a","3a"
"2026-06-25 01:00:00",3.41970167226231,1.10262762794469,0.0845208343878685,0.574321792658875,NA,"1a","1a","1a","1a","0a"
"2026-06-25 02:00:00",3.3412208758425,1.26476107173722,0.113263313787146,0.657082410302091,0.00512857343730993,"1a","1a","1a","1a","3a"
"2026-06-25 03:00:00",3.33950700156832,1.03647013772271,0.143060840990171,0.782911540806037,0.0235289887811976,"1a","1a","1a","1a","3a"
"2026-06-25 04:00:00",3.12988609334599,1.05959227712485,0.0828674356945458,0.781733129892417,NA,"1a","1a","1a","1a","0a"
"2026-06-25 05:00:00",2.78665873012,1.05786883536388,0.0807548545670534,0.758538174274651,0.00440837436087728,"1a","1a","1a","1a","3a"
"2026-06-25 06:00:00",2.30249057035623,1.00711134053785,0.0898224662314689,0.597931844781602,0.0110896792377228,"1a","1a","1a","1a","3a"
"2026-06-25 07:00:00",2.40643635697024,1.01870427026009,0.11912785392261,0.451789878122799,0.00164770617397075,"1a","1a","1a","1a","3a"
"2026-06-25 08:00:00",2.94985519267232,1.01656433484892,0.118457709656065,0.430955287906889,NA,"1a","1a","1a","1a","0a"
"2026-06-25 09:00:00",3.33534149686425,1.04145643652545,0.134706597305395,0.483618896086889,0.0027298428890232,"1a","1a","1a","1a","3a"
"2026-06-25 10:00:00",3.9106578694574,1.22025407391412,0.187015802888874,0.521637734883698,NA,"1a","1a","1a","1a","0a"
"2026-06-25 11:00:00",4.27293613433696,0.987174808003146,0.137048460270299,0.468403143979865,0.0162703209908576,"1a","1a","1a","1a","3a"
"2026-06-25 12:00:00",4.34734985219844,1.10295461320032,0.0961094744837233,0.415222142528148,0.00894453892199547,"1a","1a","1a","1a","3a"
"2026-06-25 13:00:00",4.56981478607163,1.01005597210315,0.104119223761238,0.4833409938542,0.00952584345326886,"1a","1a","1a","1a","3a"
"2026-06-25 14:00:00",5.19843032734319,1.08286170390525,0.0949779418980652,0.53289072766996,0.00555636556549239,"1a","1a","1a","1a","3a"
"2026-06-25 15:00:00",5.32427719075173,1.14643403490489,0.116559618045593,0.341295369555723,0.00832982068719757,"1a","1a","1a","1a","3a"
"2026-06-25 16:00:00",5.51020864485093,1.18867062926162,0.149500813725273,0.380465661836475,0.00703585749250992,"1a","1a","1a","1a","3a"
"2026-06-25 17:00:00",5.65657753852158,1.51192387705129,0.225519751252635,0.339084216562151,0.00310657761417198,"1a","1a","1a","1a","3a"
"2026-06-25 18:00:00",5.45669441821446,1.52335667035151,0.236988200522144,0.408755287003775,0.00817679820293426,"1a","1a","1a","1a","3a"
"2026-06-25 19:00:00",5.45156236127494,1.6103298603779,0.248001613787757,0.294078182215119,0.00757840236847143,"1a","1a","1a","1a","3a"
"2026-06-25 20:00:00",5.24244719530394,1.78367037280045,0.191679379895839,0.323526736074346,0.00961190397464112,"1a","1a","1a","1a","3a"
"2026-06-25 21:00:00",5.3403445906491,1.6862194611532,0.218878602401228,0.438940423058875,NA,"1a","1a","1a","1a","0a"
"2026-06-25 22:00:00",4.9781172047578,2.26737560528228,0.321673941658634,0.620975531103325,0.0139884529950286,"1a","1a","1a","1a","3a"
"2026-06-25 23:00:00",5.07961450843626,2.60669531927293,0.32352932541761,0.914225646673738,0.00292342996109468,"1a","1a","1a","1a","3a"
"2026-06-26 00:00:00",5.54438553099646,2.61804804778125,0.302166048060809,1.1246973037491,0.0109749744025391,"1a","1a","1a","1a","3a"
"2026-06-26 01:00:00",5.58710575188195,2.48897372336496,0.325608909537307,1.11229057540519,0.0104256383760071,"1a","1a","1a","1a","3a"
"2026-06-26 02:00:00",6.13765823652647,2.71695702432919,0.340457055127385,1.21253872498445,0.0112700225917128,"1a","1a","1a","1a","3a"
"2026-06-26 03:00:00",6.35102416667179,2.88612157975004,0.356116813104411,2.00299184908168,0.00482685283176948,"1a","1a","1a","1a","3a"
"2026-06-26 04:00:00",5.72895514731626,2.70769652770396,0.346630277617358,1.96375617263821,0.0164349210937842,"1a","1a","1a","1a","3a"
"2026-06-26 05:00:00",5.48909118083865,2.7779266081658,0.307941349382064,2.0878517339826,0.0219709258415029,"1a","1a","1a","1a","3a"
"2026-06-26 06:00:00",6.3644158692618,3.15260602623353,0.311509380978803,2.51614986151624,0.000685638865080991,"1a","1a","1a","1a","3a"
"2026-06-26 07:00:00",6.61547765029408,2.350197201571,0.329539084075664,1.64713583541254,0.0175614409562381,"1a","1a","1a","1a","3a"
"2026-06-26 08:00:00",7.08750660040596,2.36597461283882,0.286940264338385,1.25480778383702,0.0245747949298734,"1a","1a","1a","1a","3a"
"2026-06-26 09:00:00",7.21784803693193,2.19938007952309,0.22947257455966,0.913892098009276,0.00241531852920385,"1a","1a","1a","1a","3a"
"2026-06-26 10:00:00",6.86106588261779,1.85777798968405,0.208430374728251,0.800468770142955,0.0150278691831352,"1a","1a","1a","1a","3a"
"2026-06-26 11:00:00",6.58747359105911,1.74304692448717,0.24810730594562,0.610201256610459,NA,"1a","1a","1a","1a","0a"
"2026-06-26 12:00:00",4.90762276077278,1.23434688049343,0.181626695056564,0.446129932736995,0.00597471788938374,"1a","1a","1a","1a","3a"
"2026-06-26 13:00:00",4.29361550388766,0.871802951397589,0.0897936660355845,0.311198343082898,0.00247525653330862,"1a","1a","1a","1a","3a"
"2026-06-26 14:00:00",2.4193250068683,0.522514946521938,0.116873091583661,0.114330536359629,0.00156878223268279,"1a","1a","1a","1a","3a"
"2026-06-26 15:00:00",1.73527546796761,0.487512735802588,0.102593292201112,0.0851100052587618,0.00570890322621479,"1a","1a","1a","1a","3a"
"2026-06-26 16:00:00",1.05658317582532,0.424885961078166,0.106542141884581,0.243684715137539,0.00286170945526172,"1a","1a","1a","1a","3a"
"2026-06-26 17:00:00",1.29973601848292,0.672150983646749,0.112802682213686,0.184591894773225,NA,"1a","1a","1a","1a","0a"
"2026-06-26 18:00:00",1.08145050142205,0.564407103079403,0.065941277128715,0.169569982160586,0.00852961519926138,"1a","1a","1a","1a","3a"
"2026-06-26 19:00:00",0.823019196634875,0.678593476409052,0.0627086694981552,0.147447016158933,NA,"1a","1a","1a","1a","0a"
"2026-06-26 20:00:00",0.738196502602552,0.541006494332055,0.0856968324720546,0.152706821418213,NA,"1a","1a","1a","1a","0a"
"2026-06-26 21:00:00",0.737295863720726,0.325891811234798,0.0698414235093486,0.157360278464635,0.000262419706365933,"1a","1a","1a","1a","3a"
"2026-06-26 22:00:00",0.678576320416388,0.506874281492961,0.096532318024668,0.162524639688637,NA,"1a","1a","1a","1a","0a"
"2026-06-26 23:00:00",0.552651295578177,0.59428274501462,0.0848384708836825,0.206810270585846,0.00120760506829912,"1a","1a","1a","1a","3a"
"2026-06-27 00:00:00",0.515770179695958,0.544760571889589,0.0467411496052252,0.183864710796459,0.00598056955107247,"1a","1a","1a","1a","3a"
"2026-06-27 01:00:00",0.585517202746815,0.353973345087475,0.0895366184312696,0.242321226819637,0.0100888798678967,"1a","1a","1a","1a","3a"
"2026-06-27 02:00:00",0.767296493215677,0.481303727739685,0.0618816620254525,0.287592693302824,0.0109640273247053,"1a","1a","1a","1a","3a"
"2026-06-27 03:00:00",0.994624173038551,0.379875572219411,0.0617859479123114,0.375144890078119,0.00198379371516782,"1a","1a","1a","1a","3a"
"2026-06-27 04:00:00",1.1457141155999,0.737190694590941,0.0327183356615776,0.493958375487755,0.00196625389010778,"1a","1a","1a","1a","3a"
"2026-06-27 05:00:00",0.660396932625804,0.589337961821028,0.0380714047017777,0.365433991318518,NA,"1a","1a","1a","1a","0a"
"2026-06-27 06:00:00",0.613959189456011,0.530917467112174,0.0724569118234435,0.353053145380479,0.00779552007860046,"1a","1a","1a","1a","3a"
"2026-06-27 07:00:00",0.712998012677543,0.571316154946399,0.0944497442806071,0.315512146247894,NA,"1a","1a","1a","1a","0a"
"2026-06-27 08:00:00",0.666044418838839,0.717780961909258,0.0465854443831639,0.184561376884424,0.00593428271538514,"1a","1a","1a","1a","3a"
"2026-06-27 09:00:00",0.951937541024385,0.525520954666418,0.10355875563177,0.156581656030418,0.00378845176357142,"1a","1a","1a","1a","3a"
"2026-06-27 10:00:00",0.519862974445787,0.412976531850004,0.0816607420289809,0.11495061595524,0.00563314150543058,"1a","1a","1a","1a","3a"
"2026-06-27 11:00:00",0.884463552006668,0.477762196889485,0.0745419737551685,0.152127481547939,0.00284870829727852,"1a","1a","1a","1a","3a"
"2026-06-27 12:00:00",1.24214401008033,0.512283491287629,0.0703353333733983,0.135337513574632,0.000887199747993588,"1a","1a","1a","1a","3a"
"2026-06-27 13:00:00",0.880318493571232,0.414193398522101,0.102091707784281,0.114489150522036,0.0191199320186775,"1a","1a","1a","1a","3a"
"2026-06-27 14:00:00",0.897378949030517,0.263835040845654,0.115642143283057,0.189704251223452,NA,"1a","1a","1a","1a","0a"
"2026-06-27 15:00:00",0.958332311255169,0.410506882385485,0.0748802050910625,0.194411181240637,NA,"1a","1a","1a","1a","0a"
"2026-06-27 16:00:00",1.29670000608286,0.417639016286729,0.0460562541586546,0.192522724395053,NA,"1a","1a","1a","1a","0a"
"2026-06-27 17:00:00",1.31899297720768,0.424461244108341,0.103761868212834,0.200090449668642,0.0054685217890662,"1a","1a","1a","1a","3a"
"2026-06-27 18:00:00",1.28098794096444,0.516425146676314,0.0669356524477504,0.205979210128379,0.00531108111950164,"1a","1a","1a","1a","3a"
"2026-06-27 19:00:00",1.21039648443658,0.414889514785862,0.0738813125508888,0.181518595828468,0.00371635833996667,"1a","1a","1a","1a","3a"
"2026-06-27 20:00:00",1.07668027919855,0.522528034220104,0.0988359130954867,0.294769402817538,NA,"1a","1a","1a","1a","0a"
"2026-06-27 21:00:00",1.05133700185549,0.354506044627832,0.088440422461883,0.193402876011358,0.010805406137983,"1a","1a","1a","1a","3a"
"2026-06-27 22:00:00",1.11147729154747,0.660841532960753,0.0822223547989711,0.271973618558477,0.000358029017946346,"1a","1a","1a","1a","3a"
"2026-06-27 23:00:00",0.664084701665083,0.454590277871082,0.0463088164265537,0.044736477458279,NA,"1a","1a","1a","1a","0a"
"2026-06-28 00:00:00",0.653187600408399,0.341981971920412,0.0696402846814091,0.227296862795895,0.0103193828674075,"1a","1a","1a","1a","3a"
"2026-06-28 01:00:00",0.476696346971434,0.376847713915725,0.108462696779348,0.255240300769105,NA,"1a","1a","1a","1a","0a"
"2026-06-28 02:00:00",0.673141606861802,0.475945809153152,0.0613544900949041,0.258689300691737,0.00850969013277913,"1a","1a","1a","1a","3a"
"2026-06-28 03:00:00",0.487825725411281,0.58195980884941,0.0749527811017879,0.292484765575316,NA,"1a","1a","1a","1a","0a"
"2026-06-28 04:00:00",0.415040045831746,0.710784566632923,0.0981435241570019,0.458859608287021,0.00703466661937068,"1a","1a","1a","1a","3a"
"2026-06-28 05:00:00",0.359525497490894,0.323288146380617,0.0638003085515048,0.126182164541987,0.00742635815048699,"1a","1a","1a","1a","3a"
"2026-06-28 06:00:00",0.249278742606616,0.200326636915931,0.0518801328261659,0.0955557984233261,0.00681044295841076,"1a","1a","1a","1a","3a"
"2026-06-28 07:00:00",0.389853601296347,0.284854437484483,0.0240840304017137,0.0591759986497161,NA,"1a","1a","1a","1a","0a"
"2026-06-28 08:00:00",0.233979615614854,0.169266036282915,0.0347741605618362,0.0531963990734836,NA,"1a","1a","1a","1a","0a"
"2026-06-28 09:00:00",0.0985550429358841,0.196233731134349,NA,0.0683278317247892,NA,"1a","1a","0a","1a","0a"
"2026-06-28 10:00:00",0.068603313473387,0.18883144950715,0.0488529104995774,0.0529018186092011,0.00486729306150068,"1a","1a","1a","1a","3a"
"2026-06-28 11:00:00",0.192029895728504,0.295286187360289,0.0474476862841266,0.0695125575752581,0.00387158052098496,"1a","1a","1a","1a","3a"
"2026-06-28 12:00:00",0.401510840267318,0.0283553862352394,0.0651783626524844,0.0897822945154667,0.0115264534555943,"1a","1a","1a","1a","3a"
"2026-06-28 13:00:00",0.321122092976982,0.0788203931203985,0.0709455487123526,0.0759723989064868,NA,"1a","1a","1a","1a","0a"
"2026-06-28 14:00:00",0.384006877734751,0.291126051983147,0.0502312678855185,0.0867265732540818,0.00756014542046418,"1a","1a","1a","1a","3a"
"2026-06-28 15:00:00",0.215932163933679,0.371997152487785,0.0674494772940806,0.0780080246958811,NA,"1a","1a","1a","1a","0a"
"2026-06-28 16:00:00",0.187664733225072,0.119969372680115,0.0415741200831869,0.0885627119443469,NA,"1a","1a","1a","1a","0a"
"2026-06-28 17:00:00",0.478535509766919,0.155114963111018,0.0488307979126195,0.0817303123252886,NA,"1a","1a","1a","1a","0a"
"2026-06-28 18:00:00",0.122676408845085,0.306859989855123,0.0734458472847762,0.0705206630932943,0.00508843029479592,"1a","1a","1a","1a","3a"
"2026-06-28 19:00:00",0.366243509054601,0.286499860111592,0.105182332889338,0.0957846190148098,0.0240081238821974,"1a","1a","1a","1a","3a"
"2026-06-28 20:00:00",0.34953680929933,0.353448384377786,0.0873705076979126,0.180921984164382,NA,"1a","1a","1a","1a","0a"
"2026-06-28 21:00:00",0.240872158256569,0.272994472971859,0.0916838986920769,0.722887954335109,NA,"1a","1a","1a","1a","0a"
"2026-06-28 22:00:00",0.267172317439816,0.03022214112045,0.0136870184772175,0.168324380925406,0.00616709458455096,"1a","1a","1a","1a","3a"
"2026-06-28 23:00:00",0.326812481647837,0.156113739275842,0.0201076733927211,0.18063008904966,NA,"1a","1a","1a","1a","0a"
"2026-06-29 00:00:00",0.0501668429392137,0.190636643821919,7.46108471706454e-05,0.140540753656585,0.00310201813444913,"1a","1a","1a","1a","3a"
"2026-06-29 01:00:00",0.452378664071127,0.204303161235671,0.0257011785873348,0.193807697609416,NA,"1a","1a","1a","1a","0a"
"2026-06-29 02:00:00",0.215596312791502,0.249664288472556,0.0143039332350414,0.16316870191586,NA,"1a","1a","1a","1a","0a"
"2026-06-29 03:00:00",0.424883192515153,0.165123211748353,0.0382163714049128,0.227950397343531,NA,"1a","1a","1a","1a","0a"
"2026-06-29 04:00:00",0.240010098172753,0.1975121685915,0.0451828968766694,0.176173608099734,NA,"1a","1a","1a","1a","0a"
"2026-06-29 05:00:00",0.250488503311411,0.232009270852448,0.0322537401321901,0.191235684812311,0.00586726268708156,"1a","1a","1a","1a","3a"
"2026-06-29 06:00:00",0.25843287375355,0.0991778529605105,0.0295950605235068,0.199455645820957,NA,"1a","1a","1a","1a","0a"
"2026-06-29 07:00:00",0.173084853460778,0.186354880261573,NA,0.165427246664095,NA,"1a","1a","0a","1a","0a"
"2026-06-29 08:00:00",0.234435304048006,0.170191601063283,0.0596437404918356,0.0999666474842374,0.0326138389897615,"1a","1a","1a","1a","3a"
"2026-06-29 09:00:00",0.240328445432816,0.129327798665915,0.0450929598012928,0.115625075301769,NA,"1a","1a","1a","1a","0a"
"2026-06-29 10:00:00",0.188423889723663,0.206124810652005,0.0401240022503485,0.145774959202326,NA,"1a","1a","1a","1a","0a"
"2026-06-29 11:00:00",0.452215444628695,0.359452863564015,0.000686257849463998,0.104629037060023,0.0571092183568954,"1a","1a","1a","1a","3a"
"2026-06-29 12:00:00",0.335546008331889,0.116649551964614,0.0292617777430243,0.110368668163927,NA,"1a","1a","1a","1a","0a"
"2026-06-29 13:00:00",0.532594516474077,0.0272525511937086,0.00530201839354694,0.0579839201673778,0.0039516098194572,"1a","1a","1a","1a","3a"
"2026-06-29 14:00:00",0.38670681289543,0.122064059147692,0.0425430638846994,0.0854835802335476,NA,"1a","1a","1a","1a","0a"
"2026-06-29 15:00:00",0.56302436882207,0.264941908522642,0.0382498641106917,0.164506337449243,NA,"1a","1a","1a","1a","0a"
"2026-06-29 16:00:00",0.863010654651242,0.296014568126831,NA,0.113401552807415,0.00598936517376471,"1a","1a","0a","1a","3a"
"2026-06-29 17:00:00",0.70795728540792,0.256633217977595,0.0671220952253173,0.162226754574755,0.000564838010196773,"1a","1a","1a","1a","3a"
"2026-06-29 18:00:00",0.605720480031234,0.320647617028379,0.0600745091564569,0.0731160281083167,NA,"1a","1a","1a","1a","0a"
"2026-06-29 19:00:00",0.56059317089378,0.1754273130374,0.02723141183817,0.0762949210954896,0.00601888248242718,"1a","1a","1a","1a","3a"
"2026-06-29 20:00:00",0.763566408724212,0.179482464068193,0.0432785020471892,0.157033526313448,NA,"1a","1a","1a","1a","0a"
"2026-06-29 21:00:00",0.920732894812837,0.0789681058368855,0.000520651406104024,0.159510229328577,NA,"1a","1a","1a","1a","0a"
"2026-06-29 22:00:00",0.78598911968343,0.212642339368107,0.0131534000909123,0.23531341902759,NA,"1a","1a","1a","1a","0a"
"2026-06-29 23:00:00",1.12153736970581,0.231633136123921,0.0219455029757572,0.197498767047342,0.0221691626665312,"1a","1a","1a","1a","3a"
"2026-06-30 00:00:00",NA,NA,NA,NA,NA,"0a","0a","0a","0a","0a"
"2026-06-30 01:00:00",NA,NA,NA,NA,NA,"0a","0a","0a","0a","0a"
"2026-06-30 02:00:00",NA,NA,NA,NA,NA,"0a","0a","0a","0a","0a"
"2026-06-30 03:00:00",NA,NA,NA,NA,NA,"0a","0a","0a","0a","0a"
"2026-06-30 04:00:00",NA,NA,NA,NA,NA,"0a","0a","0a","0a","0a"
"2026-06-30 05:00:00",NA,NA,NA,NA,NA,"0a","0a","0a","0a","0a"
"2026-06-30 06:00:00",NA,NA,NA,NA,NA,"0a","0a","0a","0a","0a"
"2026-06-30 07:00:00",NA,NA,NA,NA,NA,"0a","0a","0a","0a","0a"
"2026-06-30 08:00:00",NA,NA,NA,NA,NA,"0a","0a","0a","0a","0a"
"2026-06-30 09:00:00",NA,NA,NA,NA,NA,"0a","0a","0a","0a","0a"
"2026-06-30 10:00:00",NA,NA,NA,NA,NA,"0a","0a","0a","0a","0a"
"2026-06-30 11:00:00",NA,NA,NA,NA,NA,"0a","0a","0a","0a","0a"
"2026-06-30 12:00:00",NA,NA,NA,NA,NA,"0a","0a","0a","0a","0a"
"2026-06-30 13:00:00",NA,NA,NA,NA,NA,"0a","0a","0a","0a","0a"
"2026-06-30 14:00:00",NA,NA,NA,NA,NA,"0a","0a","0a","0a","0a"
"2026-06-30 15:00:00",NA,NA,NA,NA,NA,"0a","0a","0a","0a","0a"
"2026-06-30 16:00:00",NA,NA,NA,NA,NA,"0a","0a","0a","0a","0a"
"2026-06-30 17:00:00",NA,NA,NA,NA,NA,"0a","0a","0a","0a","0a"
"2026-06-30 18:00:00",NA,NA,NA,NA,NA,"0a","0a","0a","0a","0a"
"2026-06-30 19:00:00",NA,NA,NA,NA,NA,"0a","0a","0a","0a","0a"
"2026-06-30 20:00:00",NA,NA,NA,NA,NA,"0a","0a","0a","0a","0a"
"2026-06-30 21:00:00",NA,NA,NA,NA,NA,"0a","0a","0a","0a","0a"
"2026-06-30 22:00:00",NA,NA,NA,NA,NA,"0a","0a","0a","0a","0a"
"2026-06-30 23:00:00",0.372314781932491,NA,0.0635705818347168,0.0848517887546145,0.0103649007194362,"1a","0a","1a","1a","3a"
"2026-07-01 00:00:00",0.429208406141517,0.0476632427277046,0.0321807988408161,0.120306920340313,0.00882375690347477,"1a","1a","1a","1a","3a"
