"datetime","PM1","PM2p5","PM10","qc_flag_PM1","qc_flag_PM2p5","qc_flag_PM10"
"2026-04-01 00:00:00",7.4510266,9.6811273,13.7553828166667,1,1,1
"2026-04-01 01:00:00",5.8477398,7.88895128333333,11.3291274,1,1,1
"2026-04-01 02:00:00",5.62399721666667,7.60581956666667,10.1805665333333,1,1,1
"2026-04-01 03:00:00",4.9737681,6.8799274,9.77153448333333,1,1,1
"2026-04-01 04:00:00",5.06577081666667,6.76114283333333,9.18909068333333,1,1,1
"2026-04-01 05:00:00",4.39551616666667,5.80859473333333,8.1794877,1,1,1
"2026-04-01 06:00:00",4.08554708333333,5.58019746666667,9.3750366,1,1,1
"2026-04-01 07:00:00",4.63447418333333,6.06906796666667,11.588832,1,1,1
"2026-04-01 08:00:00",4.25052545,5.33531371666667,7.65193643333333,1,1,1
"2026-04-01 09:00:00",4.0834718,5.59421056666667,9.39204966666667,1,1,1
"2026-04-01 10:00:00",NA,NA,NA,2,2,2
"2026-04-01 11:00:00",NA,NA,NA,2,2,2
"2026-04-01 12:00:00",NA,NA,NA,2,2,2
"2026-04-01 13:00:00",NA,NA,NA,2,2,2
"2026-04-01 14:00:00",NA,NA,NA,2,2,2
"2026-04-01 15:00:00",3.09041966666667,4.78380063333333,8.16876833333333,1,1,1
"2026-04-01 16:00:00",NA,NA,NA,2,2,2
"2026-04-01 17:00:00",NA,NA,NA,2,2,2
"2026-04-01 18:00:00",NA,NA,NA,2,2,2
"2026-04-01 19:00:00",3.78699818333333,5.95280413333333,9.95789288333333,1,1,1
"2026-04-01 20:00:00",3.70203763333333,6.0093139,10.03963925,1,1,1
"2026-04-01 21:00:00",2.96509923333333,4.69879651666667,7.38368005,1,1,1
"2026-04-01 22:00:00",1.49024273333333,3.01351205,5.7583251,1,1,1
"2026-04-01 23:00:00",2.1370972,4.42446235,8.32450736666667,1,1,1
"2026-04-02 00:00:00",2.95993878333333,5.81985111666667,11.2926275333333,1,1,1
"2026-04-02 01:00:00",2.72807203333333,5.56746273333333,10.2717165833333,1,1,1
"2026-04-02 02:00:00",2.66209816666667,5.15677296666667,9.71476848333333,1,1,1
"2026-04-02 03:00:00",2.77399923333333,4.92849798333333,8.1444409,1,1,1
"2026-04-02 04:00:00",3.25105286666667,5.25557865,8.63620821666667,1,1,1
"2026-04-02 05:00:00",3.7985859,5.83233956666667,10.0401849666667,1,1,1
"2026-04-02 06:00:00",4.42201733333333,6.43505651666667,10.4776603333333,1,1,1
"2026-04-02 07:00:00",3.7043077,5.34049006666667,9.17660321666667,1,1,1
"2026-04-02 08:00:00",3.07318741666667,4.17586316666667,8.08312773333333,1,1,1
"2026-04-02 09:00:00",2.52184333333333,3.56300413333333,6.9647118,1,1,1
"2026-04-02 10:00:00",NA,NA,NA,2,2,2
"2026-04-02 11:00:00",NA,NA,NA,2,2,2
"2026-04-02 12:00:00",NA,NA,NA,2,2,2
"2026-04-02 13:00:00",NA,NA,NA,2,2,2
"2026-04-02 14:00:00",NA,NA,NA,2,2,2
"2026-04-02 15:00:00",NA,NA,NA,2,2,2
"2026-04-02 16:00:00",NA,NA,NA,2,2,2
"2026-04-02 17:00:00",NA,NA,NA,3,3,3
"2026-04-02 18:00:00",NA,NA,NA,2,2,2
"2026-04-02 19:00:00",NA,NA,NA,2,2,2
"2026-04-02 20:00:00",NA,NA,NA,2,2,2
"2026-04-02 21:00:00",3.40998876666667,4.73907535,7.19404781666667,1,1,1
"2026-04-02 22:00:00",3.4258236,4.67257538333333,7.10756233333333,1,1,1
"2026-04-02 23:00:00",2.86667705,3.8765844,5.8041852,1,1,1
"2026-04-03 00:00:00",2.44735155,3.78681325,5.53341548333333,1,1,1
"2026-04-03 01:00:00",2.58877785,4.01375358333333,5.77440213333333,1,1,1
"2026-04-03 02:00:00",2.43496361666667,3.65007996666667,5.1525176,1,1,1
"2026-04-03 03:00:00",2.65026893333333,3.70596531666667,5.12566746666667,1,1,1
"2026-04-03 04:00:00",2.73249628333333,3.64219541666667,4.78268731666667,1,1,1
"2026-04-03 05:00:00",2.06436673333333,2.65636423333333,3.36995288333333,1,1,1
"2026-04-03 06:00:00",1.43016313333333,1.77993966666667,2.34156765,1,1,1
"2026-04-03 07:00:00",1.02160363333333,1.25699505,1.76844753333333,1,1,1
"2026-04-03 08:00:00",0.773209966666667,0.907020316666667,1.33417483333333,1,1,1
"2026-04-03 09:00:00",0.8692596,1.02909411666667,1.51910435,1,1,1
"2026-04-03 10:00:00",0.855876766666667,1.10487676666667,2.24945975,1,1,1
"2026-04-03 11:00:00",0.68028705,0.963243766666667,2.11945556666667,1,1,1
"2026-04-03 12:00:00",0.756287633333333,1.10953833333333,2.54424123333333,1,1,1
"2026-04-03 13:00:00",0.617846383333333,1.0755849,3.7444209,1,1,1
"2026-04-03 14:00:00",1.51704588333333,2.51480553333333,5.64024433333333,1,1,1
"2026-04-03 15:00:00",2.47423583333333,4.15489323333333,7.75066981666667,1,1,1
"2026-04-03 16:00:00",2.87300573333333,5.02660085,8.67408036666667,1,1,1
"2026-04-03 17:00:00",2.95495896666667,5.22838203333333,8.68558641666667,1,1,1
"2026-04-03 18:00:00",3.03196495,5.40387,9.37472523333333,1,1,1
"2026-04-03 19:00:00",2.68096993333333,4.621079,8.53973091666667,1,1,1
"2026-04-03 20:00:00",2.50932305,4.48363585,7.49995638333333,1,1,1
"2026-04-03 21:00:00",2.24120466666667,4.32577025,7.88129335,1,1,1
"2026-04-03 22:00:00",1.97682911666667,3.88893373333333,7.05168613333333,1,1,1
"2026-04-03 23:00:00",1.93727941666667,3.8061691,6.72108553333333,1,1,1
"2026-04-04 00:00:00",1.99128491666667,3.73809155,6.49848766666667,1,1,1
"2026-04-04 01:00:00",1.77829708333333,3.44156288333333,6.20838846666667,1,1,1
"2026-04-04 02:00:00",1.729641,3.30593403333333,5.86781451666667,1,1,1
"2026-04-04 03:00:00",2.11792736666667,3.97327926666667,7.14800431666667,1,1,1
"2026-04-04 04:00:00",2.38546901666667,4.48350106666667,7.68481313333333,1,1,1
"2026-04-04 05:00:00",2.33371081666667,4.20814,7.022396,1,1,1
"2026-04-04 06:00:00",4.30257525,6.76523991666667,10.3065633166667,1,1,1
"2026-04-04 07:00:00",5.26530576666667,8.92215335,13.9445000833333,1,1,1
"2026-04-04 08:00:00",3.27506668333333,6.84798093333333,12.2306991,1,1,1
"2026-04-04 09:00:00",2.30638133333333,5.09326153333333,9.36520281666667,1,1,1
"2026-04-04 10:00:00",2.0337205,3.72634755,6.69690813333333,1,1,1
"2026-04-04 11:00:00",1.82262308333333,2.76979601666667,4.90411678333333,1,1,1
"2026-04-04 12:00:00",1.19996806666667,1.72350136666667,4.39934866666667,1,1,1
"2026-04-04 13:00:00",NA,NA,NA,2,2,2
"2026-04-04 14:00:00",NA,NA,NA,3,3,3
"2026-04-04 15:00:00",6.51198168333333,10.81876545,16.8865261,1,1,1
"2026-04-04 16:00:00",4.54459156666667,7.05614798333333,10.8132810166667,1,1,1
"2026-04-04 17:00:00",3.24340113333333,4.6664905,7.25822523333333,1,1,1
"2026-04-04 18:00:00",3.25947015,5.3138618,10.0680852833333,1,1,1
"2026-04-04 19:00:00",3.38146073333333,5.46029728333333,9.359932,1,1,1
"2026-04-04 20:00:00",2.96434268333333,4.93439873333333,8.9414417,1,1,1
"2026-04-04 21:00:00",2.12149955,3.57579591666667,6.3570009,1,1,1
"2026-04-04 22:00:00",NA,NA,NA,3,3,3
"2026-04-04 23:00:00",NA,NA,NA,3,3,3
"2026-04-05 00:00:00",NA,NA,NA,2,2,2
"2026-04-05 01:00:00",1.44162248333333,2.94164253333333,5.7814648,1,1,1
"2026-04-05 02:00:00",1.3249841,2.85204673333333,5.75994046666667,1,1,1
"2026-04-05 03:00:00",1.3175342,2.94153416666667,6.16126781666667,1,1,1
"2026-04-05 04:00:00",1.42354638333333,3.13657416666667,6.47340188333333,1,1,1
"2026-04-05 05:00:00",1.7067203,3.9202826,8.81120126666667,1,1,1
"2026-04-05 06:00:00",1.68727298333333,3.83701381666667,8.3206913,1,1,1
"2026-04-05 07:00:00",1.37964096666667,2.98176421666667,5.45083835,1,1,1
"2026-04-05 08:00:00",0.808740266666667,1.66793471666667,3.19260425,1,1,1
"2026-04-05 09:00:00",0.48092905,1.04158476666667,2.64205136666667,1,1,1
"2026-04-05 10:00:00",0.640195983333333,1.3825778,3.36751933333333,1,1,1
"2026-04-05 11:00:00",0.69656455,1.45107683333333,3.19957815,1,1,1
"2026-04-05 12:00:00",0.652790383333333,1.39713126666667,3.04903621666667,1,1,1
"2026-04-05 13:00:00",1.06484973333333,2.23792195,4.91498623333333,1,1,1
"2026-04-05 14:00:00",1.1028308,2.4307088,5.25237828333333,1,1,1
"2026-04-05 15:00:00",1.05613825,2.37450338333333,4.95615733333333,1,1,1
"2026-04-05 16:00:00",1.21239975,2.61051823333333,5.2841946,1,1,1
"2026-04-05 17:00:00",1.30100531666667,2.6298825,5.47567755,1,1,1
"2026-04-05 18:00:00",1.5010988,2.72483075,4.9842376,1,1,1
"2026-04-05 19:00:00",1.37198753333333,2.8240544,6.01552628333333,1,1,1
"2026-04-05 20:00:00",2.2033948,3.74035206666667,6.59919265,1,1,1
"2026-04-05 21:00:00",4.25586561666667,6.07980255,10.1489944333333,1,1,1
"2026-04-05 22:00:00",5.43431721666667,7.59937963333333,11.7074655666667,1,1,1
"2026-04-05 23:00:00",3.09654316666667,5.1874213,9.4391295,1,1,1
"2026-04-06 00:00:00",5.07479253333333,6.98644525,10.28548475,1,1,1
"2026-04-06 01:00:00",3.8656559,5.6882401,8.92423958333333,1,1,1
"2026-04-06 02:00:00",3.35341653333333,5.32067765,9.16441771666667,1,1,1
"2026-04-06 03:00:00",2.98219876666667,4.9094317,8.63000525,1,1,1
"2026-04-06 04:00:00",2.6148799,4.37364571666667,7.5312109,1,1,1
"2026-04-06 05:00:00",2.7729694,4.56019358333333,7.71163786666667,1,1,1
"2026-04-06 06:00:00",3.06735496666667,5.7254896,11.4323963,1,1,1
"2026-04-06 07:00:00",3.1620955,6.13219513333333,12.9340535666667,1,1,1
"2026-04-06 08:00:00",2.72855703333333,5.62379543333333,11.5756933333333,1,1,1
"2026-04-06 09:00:00",1.64666196666667,3.8087333,7.91668205,1,1,1
"2026-04-06 10:00:00",1.69148315,3.77722523333333,8.27883013333333,1,1,1
"2026-04-06 11:00:00",1.65060553333333,3.577976,7.2345529,1,1,1
"2026-04-06 12:00:00",1.52162441666667,3.14074933333333,5.96639495,1,1,1
"2026-04-06 13:00:00",1.51888181666667,3.05609,5.58398931666667,1,1,1
"2026-04-06 14:00:00",1.3805058,2.6993563,5.42388851666667,1,1,1
"2026-04-06 15:00:00",1.56963451666667,2.9645383,5.16678251666667,1,1,1
"2026-04-06 16:00:00",1.88490596666667,3.48795965,5.87268901666667,1,1,1
"2026-04-06 17:00:00",1.87482156666667,3.60525291666667,6.2527273,1,1,1
"2026-04-06 18:00:00",1.81535946666667,3.42033148333333,6.01264585,1,1,1
"2026-04-06 19:00:00",3.45211661666667,5.23518586666667,8.05759233333333,1,1,1
"2026-04-06 20:00:00",6.49840743333333,8.65911055,12.4933286666667,1,1,1
"2026-04-06 21:00:00",4.9475084,7.00384641666667,10.6584547666667,1,1,1
"2026-04-06 22:00:00",3.7531762,5.52649135,8.23594441666667,1,1,1
"2026-04-06 23:00:00",2.8094525,4.24082653333333,6.77482101666667,1,1,1
"2026-04-07 00:00:00",2.9358193,4.26637703333333,6.42798156666667,1,1,1
"2026-04-07 01:00:00",3.78095506666667,5.22029681666667,8.12586375,1,1,1
"2026-04-07 02:00:00",3.85301408333333,5.2095676,7.38347561666667,1,1,1
"2026-04-07 03:00:00",4.12222603333333,5.40392773333333,7.7172686,1,1,1
"2026-04-07 04:00:00",5.11957121666667,6.69395511666667,9.78393145,1,1,1
"2026-04-07 05:00:00",6.55256045,8.48636686666667,12.1273202166667,1,1,1
"2026-04-07 06:00:00",8.37783765,10.7990982333333,14.7911462833333,1,1,1
"2026-04-07 07:00:00",8.68152213333333,11.33943675,15.6390236,1,1,1
"2026-04-07 08:00:00",6.87089068333333,9.39191333333333,13.62864555,1,1,1
"2026-04-07 09:00:00",5.46435936666667,7.75789261666667,12.66387435,1,1,1
"2026-04-07 10:00:00",4.12650125,6.1701148,11.9710913,1,1,1
"2026-04-07 11:00:00",3.51024743333333,5.59984953333333,12.6121898,1,1,1
"2026-04-07 12:00:00",3.84825025,5.9140837,12.5871353833333,1,1,1
"2026-04-07 13:00:00",3.60980338333333,5.49704028333333,12.8513252833333,1,1,1
"2026-04-07 14:00:00",3.06952836666667,5.13522406666667,13.7187112166667,1,1,1
"2026-04-07 15:00:00",3.05979258333333,5.27837245,14.7733281333333,1,1,1
"2026-04-07 16:00:00",3.63251856666667,6.03475135,14.7692981166667,1,1,1
"2026-04-07 17:00:00",4.40046706666667,6.92125278333333,16.48967355,1,1,1
"2026-04-07 18:00:00",5.28235263333333,7.63306523333333,15.9107337666667,1,1,1
"2026-04-07 19:00:00",5.52150526666667,7.75478986666667,14.57421615,1,1,1
"2026-04-07 20:00:00",7.9010983,10.23659785,16.5395640166667,1,1,1
"2026-04-07 21:00:00",12.4420312166667,15.2292602166667,22.4760626333333,1,1,1
"2026-04-07 22:00:00",14.470508,17.5435373833333,25.7352892833333,1,1,1
"2026-04-07 23:00:00",15.1783386833333,18.1810091333333,25.3209228833333,1,1,1
"2026-04-08 00:00:00",16.2572460333333,19.2001533666667,26.1871110333333,1,1,1
"2026-04-08 01:00:00",16.93671605,19.8560274666667,26.5237999,1,1,1
"2026-04-08 02:00:00",18.4086087666667,21.3181645666667,27.0802558333333,1,1,1
"2026-04-08 03:00:00",18.4584212333333,21.2949310166667,26.90709815,1,1,1
"2026-04-08 04:00:00",21.5020374,24.5828762833333,31.4896432333333,1,1,1
"2026-04-08 05:00:00",23.5024204666667,26.6428961333333,33.0350980666667,1,1,1
"2026-04-08 06:00:00",23.8244821666667,27.2679738166667,35.29740015,1,1,1
"2026-04-08 07:00:00",22.7526290166667,26.1908914833333,34.1730770333333,1,1,1
"2026-04-08 08:00:00",21.9784219333333,26.0266605166667,38.4756596,1,1,1
"2026-04-08 09:00:00",18.5509888,22.6113307333333,34.4926096666667,1,1,1
"2026-04-08 10:00:00",14.9798478,18.6574206,29.58478775,1,1,1
"2026-04-08 11:00:00",12.2990281333333,15.765404,27.1943629166667,1,1,1
"2026-04-08 12:00:00",10.75928085,13.8213777666667,23.0633493166667,1,1,1
"2026-04-08 13:00:00",7.50633971666667,10.3840964,19.8676939333333,1,1,1
"2026-04-08 14:00:00",5.70879856666667,8.50640408333333,17.28745165,1,1,1
"2026-04-08 15:00:00",5.66796233333333,8.64470921666667,17.6651906333333,1,1,1
"2026-04-08 16:00:00",5.4399405,8.78365188333333,19.1131837666667,1,1,1
"2026-04-08 17:00:00",4.69638528333333,7.98193135,17.8686710333333,1,1,1
"2026-04-08 18:00:00",5.71220461666667,9.24211976666667,21.3195615166667,1,1,1
"2026-04-08 19:00:00",8.08503768333333,11.2935121333333,21.1655224333333,1,1,1
"2026-04-08 20:00:00",9.30254813333333,12.6448167333333,22.1991267166667,1,1,1
"2026-04-08 21:00:00",9.56861555,12.6079169833333,21.13704505,1,1,1
"2026-04-08 22:00:00",8.13677201666667,12.0464260333333,21.6150846666667,1,1,1
"2026-04-08 23:00:00",7.63730855,11.7269969,19.5695694833333,1,1,1
"2026-04-09 00:00:00",10.6664288333333,15.0068874,23.7676011666667,1,1,1
"2026-04-09 01:00:00",12.9730171666667,17.0808810166667,23.8983057833333,1,1,1
"2026-04-09 02:00:00",11.0743498666667,14.77773515,21.1539952666667,1,1,1
"2026-04-09 03:00:00",10.3711301333333,14.1336124833333,21.1309703833333,1,1,1
"2026-04-09 04:00:00",7.49370225,10.8082667,16.21149765,1,1,1
"2026-04-09 05:00:00",7.45644531666667,10.6010276666667,16.474297,1,1,1
"2026-04-09 06:00:00",6.8717692,9.61517113333333,15.2147728166667,1,1,1
"2026-04-09 07:00:00",5.71527465,8.2272878,14.8321915833333,1,1,1
"2026-04-09 08:00:00",3.57742046666667,4.9866094,9.80507278333333,1,1,1
"2026-04-09 09:00:00",3.51992071666667,4.77681683333333,9.59115083333333,1,1,1
"2026-04-09 10:00:00",5.05249975,6.33348253333333,10.8363075666667,1,1,1
"2026-04-09 11:00:00",3.6611721,5.15225933333333,10.0123576333333,1,1,1
"2026-04-09 12:00:00",NA,NA,NA,3,3,3
"2026-04-09 13:00:00",1.95635055,3.0166587,7.13567056666667,1,1,1
"2026-04-09 14:00:00",1.73267161666667,3.18098686666667,8.45438208333333,1,1,1
"2026-04-09 15:00:00",NA,NA,NA,2,2,2
"2026-04-09 16:00:00",NA,NA,NA,2,2,2
"2026-04-09 17:00:00",NA,NA,NA,2,2,2
"2026-04-09 18:00:00",NA,NA,NA,2,2,2
"2026-04-09 19:00:00",NA,NA,NA,2,2,2
"2026-04-09 20:00:00",NA,NA,NA,2,2,2
"2026-04-09 21:00:00",3.37141831666667,5.26661661666667,8.83868963333333,1,1,1
"2026-04-09 22:00:00",3.2647258,5.18682011666667,8.6494703,1,1,1
"2026-04-09 23:00:00",3.235601,5.2261954,8.4236644,1,1,1
"2026-04-10 00:00:00",3.2495141,5.68281656666667,9.4000324,1,1,1
"2026-04-10 01:00:00",3.22057066666667,5.72210918333333,10.0360400166667,1,1,1
"2026-04-10 02:00:00",3.31467123333333,5.88982476666667,9.89827793333333,1,1,1
"2026-04-10 03:00:00",3.3667622,6.00235091666667,10.1234912333333,1,1,1
"2026-04-10 04:00:00",3.39246176666667,5.9612225,10.14965,1,1,1
"2026-04-10 05:00:00",3.70066233333333,6.50346791666667,11.4273637666667,1,1,1
"2026-04-10 06:00:00",4.03446781666667,7.27340775,13.68180865,1,1,1
"2026-04-10 07:00:00",4.6139955,8.08008995,14.8878757666667,1,1,1
"2026-04-10 08:00:00",NA,NA,NA,2,2,2
"2026-04-10 09:00:00",NA,NA,NA,2,2,2
"2026-04-10 10:00:00",NA,NA,NA,2,2,2
"2026-04-10 11:00:00",NA,NA,NA,2,2,2
"2026-04-10 12:00:00",NA,NA,NA,2,2,2
"2026-04-10 13:00:00",NA,NA,NA,2,2,2
"2026-04-10 14:00:00",NA,NA,NA,2,2,2
"2026-04-10 15:00:00",NA,NA,NA,2,2,2
"2026-04-10 16:00:00",NA,NA,NA,2,2,2
"2026-04-10 17:00:00",NA,NA,NA,3,3,3
"2026-04-10 18:00:00",NA,NA,NA,2,2,2
"2026-04-10 19:00:00",NA,NA,NA,2,2,2
"2026-04-10 20:00:00",NA,NA,NA,2,2,2
"2026-04-10 21:00:00",NA,NA,NA,2,2,2
"2026-04-10 22:00:00",NA,NA,NA,2,2,2
"2026-04-10 23:00:00",NA,NA,NA,2,2,2
"2026-04-11 00:00:00",NA,NA,NA,2,2,2
"2026-04-11 01:00:00",NA,NA,NA,2,2,2
"2026-04-11 02:00:00",4.07521078333333,6.17638123333333,9.86656508333333,1,1,1
"2026-04-11 03:00:00",3.691898,6.09640276666667,10.8936541333333,1,1,1
"2026-04-11 04:00:00",3.95319393333333,6.3789519,11.3517211833333,1,1,1
"2026-04-11 05:00:00",3.8057354,5.68612016666667,8.34067493333333,1,1,1
"2026-04-11 06:00:00",0.723717633333333,1.20269706666667,2.38068345,1,1,1
"2026-04-11 07:00:00",0.756222883333333,1.4560717,2.7439289,1,1,1
"2026-04-11 08:00:00",1.95664025,4.2190362,8.38261701666667,1,1,1
"2026-04-11 09:00:00",NA,NA,NA,2,2,2
"2026-04-11 10:00:00",NA,NA,NA,2,2,2
"2026-04-11 11:00:00",NA,NA,NA,2,2,2
"2026-04-11 12:00:00",NA,NA,NA,2,2,2
"2026-04-11 13:00:00",NA,NA,NA,2,2,2
"2026-04-11 14:00:00",NA,NA,NA,2,2,2
"2026-04-11 15:00:00",NA,NA,NA,2,2,2
"2026-04-11 16:00:00",NA,NA,NA,2,2,2
"2026-04-11 17:00:00",NA,NA,NA,2,2,2
"2026-04-11 18:00:00",NA,NA,NA,2,2,2
"2026-04-11 19:00:00",NA,NA,NA,2,2,2
"2026-04-11 20:00:00",NA,NA,NA,2,2,2
"2026-04-11 21:00:00",1.85255761666667,3.47367456666667,5.7725337,1,1,1
"2026-04-11 22:00:00",2.22845338333333,4.25323728333333,7.20242396666667,1,1,1
"2026-04-11 23:00:00",2.8822912,5.6493273,8.728908,1,1,1
"2026-04-12 00:00:00",3.37648726666667,6.46211298333333,9.64828206666667,1,1,1
"2026-04-12 01:00:00",3.5098184,6.51227226666667,9.38502733333333,1,1,1
"2026-04-12 02:00:00",4.4119048,8.33037063333333,12.2487239166667,1,1,1
"2026-04-12 03:00:00",5.31928085,10.4130637666667,16.1463982,1,1,1
"2026-04-12 04:00:00",5.51310968333333,11.0011117833333,17.1945010166667,1,1,1
"2026-04-12 05:00:00",4.29526473333333,8.59282955,14.0487818,1,1,1
"2026-04-12 06:00:00",2.24343106666667,4.51443818333333,7.35976785,1,1,1
"2026-04-12 07:00:00",3.36771891666667,6.81394245,10.9163621666667,1,1,1
"2026-04-12 08:00:00",3.17720893333333,6.21163863333333,9.75190901666667,1,1,1
"2026-04-12 09:00:00",1.624447,3.19328056666667,5.42625123333333,1,1,1
"2026-04-12 10:00:00",1.30635845,2.38250518333333,3.47239923333333,1,1,1
"2026-04-12 11:00:00",0.951163033333333,1.59864585,2.25212241666667,1,1,1
"2026-04-12 12:00:00",NA,NA,NA,2,2,2
"2026-04-12 13:00:00",NA,NA,NA,2,2,2
"2026-04-12 14:00:00",NA,NA,NA,2,2,2
"2026-04-12 15:00:00",NA,NA,NA,2,2,2
"2026-04-12 16:00:00",1.33959448333333,2.2937112,3.64684526666667,1,1,1
"2026-04-12 17:00:00",1.20494161666667,2.3196279,4.87110865,1,1,1
"2026-04-12 18:00:00",1.33001513333333,2.17335768333333,3.78380278333333,1,1,1
"2026-04-12 19:00:00",2.32307713333333,3.24203371666667,4.93951986666667,1,1,1
"2026-04-12 20:00:00",3.3118392,4.28081736666667,6.08852845,1,1,1
"2026-04-12 21:00:00",5.72734521666667,6.86937251666667,8.46590516666667,1,1,1
"2026-04-12 22:00:00",6.90727235,8.38725186666667,10.7174479833333,1,1,1
"2026-04-12 23:00:00",6.51031088333333,8.82069656666667,11.8838263666667,1,1,1
"2026-04-13 00:00:00",6.2109294,8.75202256666667,12.4234776666667,1,1,1
"2026-04-13 01:00:00",6.2625638,9.09630653333333,13.2728898666667,1,1,1
"2026-04-13 02:00:00",5.81155478333333,8.97517421666667,13.8512755666667,1,1,1
"2026-04-13 03:00:00",4.7071059,8.70447196666667,15.8814644833333,1,1,1
"2026-04-13 04:00:00",4.48481928333333,7.41902621666667,11.51748835,1,1,1
"2026-04-13 05:00:00",4.73428533333333,7.30386228333333,10.8222455,1,1,1
"2026-04-13 06:00:00",5.2702092,8.532009,13.6761301666667,1,1,1
"2026-04-13 07:00:00",6.56424475,11.1027716333333,20.2950139333333,1,1,1
"2026-04-13 08:00:00",6.14521003333333,11.50519225,20.4345658833333,1,1,1
"2026-04-13 09:00:00",NA,NA,NA,2,2,2
"2026-04-13 10:00:00",NA,NA,NA,2,2,2
"2026-04-13 11:00:00",NA,NA,NA,3,3,3
"2026-04-13 12:00:00",NA,NA,NA,2,2,2
"2026-04-13 13:00:00",NA,NA,NA,2,2,2
"2026-04-13 14:00:00",NA,NA,NA,2,2,2
"2026-04-13 15:00:00",NA,NA,NA,2,2,2
"2026-04-13 16:00:00",NA,NA,NA,2,2,2
"2026-04-13 17:00:00",NA,NA,NA,2,2,2
"2026-04-13 18:00:00",NA,NA,NA,2,2,2
"2026-04-13 19:00:00",2.60695138333333,4.20837713333333,7.13312305,1,1,1
"2026-04-13 20:00:00",3.23189585,4.70838175,7.44272713333333,1,1,1
"2026-04-13 21:00:00",3.35995573333333,4.88553506666667,7.84654698333333,1,1,1
"2026-04-13 22:00:00",3.4737604,4.87218756666667,7.48104635,1,1,1
"2026-04-13 23:00:00",3.49149556666667,4.80756676666667,7.03963761666667,1,1,1
"2026-04-14 00:00:00",3.10414773333333,4.25955435,5.8356288,1,1,1
"2026-04-14 01:00:00",2.79351031666667,3.8813702,5.249222,1,1,1
"2026-04-14 02:00:00",3.10505441666667,4.32981156666667,6.14828775,1,1,1
"2026-04-14 03:00:00",3.33118043333333,4.51416371666667,6.1239913,1,1,1
"2026-04-14 04:00:00",3.2381059,4.40648246666667,6.16341503333333,1,1,1
"2026-04-14 05:00:00",3.57344891666667,4.87983525,7.21677475,1,1,1
"2026-04-14 06:00:00",4.39180781666667,6.01001441666667,8.78351526666667,1,1,1
"2026-04-14 07:00:00",4.48706923333333,6.11954116666667,8.9130936,1,1,1
"2026-04-14 08:00:00",3.32825556666667,5.04036743333333,8.4296198,1,1,1
"2026-04-14 09:00:00",3.08095673333333,4.62379386666667,7.95669558333333,1,1,1
"2026-04-14 10:00:00",NA,NA,NA,2,2,2
"2026-04-14 11:00:00",NA,NA,NA,2,2,2
"2026-04-14 12:00:00",NA,NA,NA,2,2,2
"2026-04-14 13:00:00",NA,NA,NA,2,2,2
"2026-04-14 14:00:00",NA,NA,NA,2,2,2
"2026-04-14 15:00:00",1.86232058333333,2.93058621666667,5.69340303333333,1,1,1
"2026-04-14 16:00:00",2.27488461666667,3.0357516,5.00269545,1,1,1
"2026-04-14 17:00:00",2.03712805,2.56374365,3.79635973333333,1,1,1
"2026-04-14 18:00:00",2.5155865,2.93883833333333,3.7486038,1,1,1
"2026-04-14 19:00:00",4.67126991666667,5.3087044,6.83412573333333,1,1,1
"2026-04-14 20:00:00",6.42273006666667,7.23142726666667,8.93520335,1,1,1
"2026-04-14 21:00:00",7.56931685,8.66631263333333,10.3817071666667,1,1,1
"2026-04-14 22:00:00",6.8036103,7.95136526666667,9.23703598333333,1,1,1
"2026-04-14 23:00:00",3.56886043333333,4.16792368333333,5.06646445,1,1,1
"2026-04-15 00:00:00",4.18633538333333,5.12469085,6.42880335,1,1,1
"2026-04-15 01:00:00",3.49257131666667,4.26611346666667,5.6108057,1,1,1
"2026-04-15 02:00:00",3.14508581666667,3.69368156666667,4.64415536666667,1,1,1
"2026-04-15 03:00:00",3.12606145,3.61894313333333,4.3708765,1,1,1
"2026-04-15 04:00:00",2.60667375,3.03965818333333,3.89399878333333,1,1,1
"2026-04-15 05:00:00",2.00356376666667,2.27202933333333,2.8416654,1,1,1
"2026-04-15 06:00:00",1.72512768333333,1.95271156666667,2.4836339,1,1,1
"2026-04-15 07:00:00",1.57419376666667,1.85682315,2.73788243333333,1,1,1
"2026-04-15 08:00:00",1.84931538333333,2.22297831666667,3.141805,1,1,1
"2026-04-15 09:00:00",1.80558463333333,2.33967945,4.23969583333333,1,1,1
"2026-04-15 10:00:00",1.696832,2.49805608333333,4.89930481666667,1,1,1
"2026-04-15 11:00:00",2.28359003333333,3.67161088333333,6.04337205,1,1,1
"2026-04-15 12:00:00",2.25385046666667,3.85390755,7.29101883333333,1,1,1
"2026-04-15 13:00:00",2.11837863333333,3.69689491666667,6.94393081666667,1,1,1
"2026-04-15 14:00:00",1.9759286,3.21873555,4.94810818333333,1,1,1
"2026-04-15 15:00:00",1.5494908,2.31498335,3.71964236666667,1,1,1
"2026-04-15 16:00:00",1.42177328333333,2.46279931666667,4.36025426666667,1,1,1
"2026-04-15 17:00:00",2.0297684,3.58607185,5.59630651666667,1,1,1
"2026-04-15 18:00:00",2.18344485,4.65004246666667,8.21195833333333,1,1,1
"2026-04-15 19:00:00",2.96110508333333,6.26663301666667,11.1198071333333,1,1,1
"2026-04-15 20:00:00",3.93532296666667,8.18348191666667,14.8987823666667,1,1,1
"2026-04-15 21:00:00",4.42512678333333,9.353284,16.9650557333333,1,1,1
"2026-04-15 22:00:00",4.48131023333333,9.471927,16.2091792333333,1,1,1
"2026-04-15 23:00:00",4.50207383333333,9.06450871666667,14.9725495166667,1,1,1
"2026-04-16 00:00:00",4.54887391666667,8.96503821666667,13.8731755666667,1,1,1
"2026-04-16 01:00:00",4.8563298,9.785322,15.4786989666667,1,1,1
"2026-04-16 02:00:00",4.95541541666667,10.1530436666667,16.2517822833333,1,1,1
"2026-04-16 03:00:00",4.3074426,8.63565818333333,13.19959345,1,1,1
"2026-04-16 04:00:00",2.49210813333333,4.64468626666667,6.69910758333333,1,1,1
"2026-04-16 05:00:00",2.99067645,5.41941048333333,7.76001206666667,1,1,1
"2026-04-16 06:00:00",1.97020616666667,3.69482588333333,5.76002256666667,1,1,1
"2026-04-16 07:00:00",2.96343318333333,5.80298983333333,9.65973605,1,1,1
"2026-04-16 08:00:00",3.91238955,7.94643921666667,13.0850900166667,1,1,1
"2026-04-16 09:00:00",3.62597098333333,7.51994646666667,13.4087465166667,1,1,1
"2026-04-16 10:00:00",NA,NA,NA,2,2,2
"2026-04-16 11:00:00",NA,NA,NA,2,2,2
"2026-04-16 12:00:00",NA,NA,NA,2,2,2
"2026-04-16 13:00:00",NA,NA,NA,2,2,2
"2026-04-16 14:00:00",NA,NA,NA,2,2,2
"2026-04-16 15:00:00",NA,NA,NA,2,2,2
"2026-04-16 16:00:00",NA,NA,NA,2,2,2
"2026-04-16 17:00:00",NA,NA,NA,2,2,2
"2026-04-16 18:00:00",NA,NA,NA,2,2,2
"2026-04-16 19:00:00",3.31546345,5.8103838,9.2794107,1,1,1
"2026-04-16 20:00:00",3.72041665,6.297441,10.0635413833333,1,1,1
"2026-04-16 21:00:00",3.94585428333333,6.56396328333333,10.5812606333333,1,1,1
"2026-04-16 22:00:00",4.12342748333333,7.20841225,10.8040259666667,1,1,1
"2026-04-16 23:00:00",4.35460213333333,8.06936666666667,11.4571543666667,1,1,1
"2026-04-17 00:00:00",4.72609253333333,8.85674816666667,12.5760771,1,1,1
"2026-04-17 01:00:00",5.14350221666667,9.57233423333333,13.36863715,1,1,1
"2026-04-17 02:00:00",4.89684503333333,9.24457838333333,13.1118574833333,1,1,1
"2026-04-17 03:00:00",4.79446105,9.05491823333333,12.66605155,1,1,1
"2026-04-17 04:00:00",4.64297506666667,8.6136641,11.8760376166667,1,1,1
"2026-04-17 05:00:00",4.65571815,8.61749723333333,12.06991875,1,1,1
"2026-04-17 06:00:00",3.989165,7.3985085,10.9326442166667,1,1,1
"2026-04-17 07:00:00",4.34479378333333,8.14972063333333,12.64301785,1,1,1
"2026-04-17 08:00:00",3.83289895,7.33055511666667,11.5476788,1,1,1
"2026-04-17 09:00:00",3.8308295,7.25096831666667,11.9287216166667,1,1,1
"2026-04-17 10:00:00",3.55982703333333,6.68029806666667,10.1858667333333,1,1,1
"2026-04-17 11:00:00",3.17221875,6.00276236666667,10.3816594166667,1,1,1
"2026-04-17 12:00:00",3.1855745,5.8499592,9.40326771666667,1,1,1
"2026-04-17 13:00:00",3.22900583333333,5.72256945,8.97314333333333,1,1,1
"2026-04-17 14:00:00",3.84329808333333,6.54279023333333,9.53386536666667,1,1,1
"2026-04-17 15:00:00",2.69193436666667,4.08212893333333,5.2627626,1,1,1
"2026-04-17 16:00:00",1.15431523333333,1.68130496666667,2.43226591666667,1,1,1
"2026-04-17 17:00:00",1.84105843333333,2.51839845,3.40013391666667,1,1,1
"2026-04-17 18:00:00",1.95483715,2.75999631666667,3.9868536,1,1,1
"2026-04-17 19:00:00",3.08448611666667,4.0030268,5.40822345,1,1,1
"2026-04-17 20:00:00",4.06261216666667,5.22954791666667,6.57790231666667,1,1,1
"2026-04-17 21:00:00",3.87862806666667,5.28314203333333,7.14197488333333,1,1,1
"2026-04-17 22:00:00",4.34434515,6.25346418333333,9.02837715,1,1,1
"2026-04-17 23:00:00",2.71306236666667,4.88993198333333,7.88709873333333,1,1,1
"2026-04-18 00:00:00",2.84249451666667,5.35319776666667,9.11420866666667,1,1,1
"2026-04-18 01:00:00",2.8738554,5.37477058333333,8.84412176666667,1,1,1
"2026-04-18 02:00:00",3.14085161666667,5.75653678333333,9.11814698333333,1,1,1
"2026-04-18 03:00:00",3.16940378333333,5.52974411666667,8.61472801666667,1,1,1
"2026-04-18 04:00:00",3.17639301666667,5.39646208333333,8.39753825,1,1,1
"2026-04-18 05:00:00",3.29479758333333,5.74583326666667,9.1887748,1,1,1
"2026-04-18 06:00:00",3.02471696666667,5.6106635,9.0074557,1,1,1
"2026-04-18 07:00:00",2.51986925,5.09332576666667,9.11800295,1,1,1
"2026-04-18 08:00:00",2.32831471666667,4.69472658333333,8.27954898333333,1,1,1
"2026-04-18 09:00:00",NA,NA,NA,2,2,2
"2026-04-18 10:00:00",NA,NA,NA,2,2,2
"2026-04-18 11:00:00",NA,NA,NA,2,2,2
"2026-04-18 12:00:00",NA,NA,NA,2,2,2
"2026-04-18 13:00:00",NA,NA,NA,2,2,2
"2026-04-18 14:00:00",NA,NA,NA,2,2,2
"2026-04-18 15:00:00",0.9311993,1.49718646666667,2.93373288333333,1,1,1
"2026-04-18 16:00:00",1.29903056666667,1.90002251666667,3.04766116666667,1,1,1
"2026-04-18 17:00:00",1.98746198333333,3.14608696666667,4.8003438,1,1,1
"2026-04-18 18:00:00",2.52885596666667,4.5103332,7.8892235,1,1,1
"2026-04-18 19:00:00",2.61097036666667,4.5507374,7.94740633333333,1,1,1
"2026-04-18 20:00:00",3.20596866666667,5.63033995,9.84610741666667,1,1,1
"2026-04-18 21:00:00",3.82648143333333,6.29790061666667,10.41098515,1,1,1
"2026-04-18 22:00:00",4.09362048333333,6.39268121666667,9.6323319,1,1,1
"2026-04-18 23:00:00",3.96678845,6.2196649,9.71136095,1,1,1
"2026-04-19 00:00:00",3.51051233333333,5.55008798333333,8.78571176666667,1,1,1
"2026-04-19 01:00:00",3.22413343333333,5.43212078333333,8.80969866666667,1,1,1
"2026-04-19 02:00:00",3.16795561666667,5.3508476,9.12781715,1,1,1
"2026-04-19 03:00:00",2.82805726666667,4.80693798333333,7.60113376666667,1,1,1
"2026-04-19 04:00:00",2.64837368333333,4.4100653,7.27775505,1,1,1
"2026-04-19 05:00:00",2.38616283333333,4.30423338333333,7.59495748333333,1,1,1
"2026-04-19 06:00:00",2.50053218333333,4.91090285,8.65559056666667,1,1,1
"2026-04-19 07:00:00",2.69399868333333,5.38637708333333,9.6183441,1,1,1
"2026-04-19 08:00:00",NA,NA,NA,2,2,2
"2026-04-19 09:00:00",NA,NA,NA,2,2,2
"2026-04-19 10:00:00",NA,NA,NA,2,2,2
"2026-04-19 11:00:00",NA,NA,NA,2,2,2
"2026-04-19 12:00:00",NA,NA,NA,2,2,2
"2026-04-19 13:00:00",NA,NA,NA,2,2,2
"2026-04-19 14:00:00",NA,NA,NA,2,2,2
"2026-04-19 15:00:00",NA,NA,NA,2,2,2
"2026-04-19 16:00:00",NA,NA,NA,2,2,2
"2026-04-19 17:00:00",NA,NA,NA,2,2,2
"2026-04-19 18:00:00",NA,NA,NA,2,2,2
"2026-04-19 19:00:00",NA,NA,NA,2,2,2
"2026-04-19 20:00:00",NA,NA,NA,2,2,2
"2026-04-19 21:00:00",7.743057,9.55737421666667,12.9683306833333,1,1,1
"2026-04-19 22:00:00",7.27037058333333,9.22812128333333,12.6351638166667,1,1,1
"2026-04-19 23:00:00",4.88303961666667,6.60251171666667,9.93352735,1,1,1
"2026-04-20 00:00:00",5.00303785,6.83499046666667,10.4180903,1,1,1
"2026-04-20 01:00:00",4.98928173333333,6.75473963333333,9.54743843333333,1,1,1
"2026-04-20 02:00:00",6.64830143333333,8.42053333333333,11.4280332833333,1,1,1
"2026-04-20 03:00:00",8.02861095,9.88697541666667,13.1255482833333,1,1,1
"2026-04-20 04:00:00",7.18135306666667,8.92921695,12.0236351833333,1,1,1
"2026-04-20 05:00:00",6.74818623333333,8.38681738333333,11.2924984333333,1,1,1
"2026-04-20 06:00:00",7.26328378333333,9.18198941666667,12.723564,1,1,1
"2026-04-20 07:00:00",8.63366701666667,11.4486712666667,17.3982939666667,1,1,1
"2026-04-20 08:00:00",NA,NA,NA,2,2,2
"2026-04-20 09:00:00",NA,NA,NA,2,2,2
"2026-04-20 10:00:00",3.18328861666667,4.98586068333333,9.0260822,1,1,1
"2026-04-20 11:00:00",NA,NA,NA,2,2,2
"2026-04-20 12:00:00",NA,NA,NA,2,2,2
"2026-04-20 13:00:00",1.15604933333333,1.82660365,4.27665493333333,1,1,1
"2026-04-20 14:00:00",NA,NA,NA,2,2,2
"2026-04-20 15:00:00",NA,NA,NA,2,2,2
"2026-04-20 16:00:00",NA,NA,NA,2,2,2
"2026-04-20 17:00:00",NA,NA,NA,2,2,2
"2026-04-20 18:00:00",NA,NA,NA,2,2,2
"2026-04-20 19:00:00",NA,NA,NA,2,2,2
"2026-04-20 20:00:00",NA,NA,NA,2,2,2
"2026-04-20 21:00:00",4.09422386666667,6.33186461666667,11.1125156666667,1,1,1
"2026-04-20 22:00:00",3.47772223333333,5.47696006666667,8.94699308333333,1,1,1
"2026-04-20 23:00:00",3.13169746666667,4.96846845,8.24202136666667,1,1,1
"2026-04-21 00:00:00",3.9386265,5.78601035,8.86442473333333,1,1,1
"2026-04-21 01:00:00",4.74681421666667,6.3787799,8.6740408,1,1,1
"2026-04-21 02:00:00",4.57202605,5.81392981666667,7.54173356666667,1,1,1
"2026-04-21 03:00:00",3.79524828333333,4.63063303333333,6.26667758333333,1,1,1
"2026-04-21 04:00:00",3.48562218333333,4.40844765,5.95588723333333,1,1,1
"2026-04-21 05:00:00",4.79657396666667,6.04875968333333,8.9550057,1,1,1
"2026-04-21 06:00:00",6.75790825,7.94760001666667,10.6607340833333,1,1,1
"2026-04-21 07:00:00",8.17742691666667,10.0895321166667,14.1154835166667,1,1,1
"2026-04-21 08:00:00",8.71073286666667,11.22397385,17.6395381833333,1,1,1
"2026-04-21 09:00:00",NA,NA,NA,2,2,2
"2026-04-21 10:00:00",NA,NA,NA,2,2,2
"2026-04-21 11:00:00",NA,NA,NA,2,2,2
"2026-04-21 12:00:00",NA,NA,NA,2,2,2
"2026-04-21 13:00:00",NA,NA,NA,2,2,2
"2026-04-21 14:00:00",NA,NA,NA,2,2,2
"2026-04-21 15:00:00",NA,NA,NA,2,2,2
"2026-04-21 16:00:00",NA,NA,NA,2,2,2
"2026-04-21 17:00:00",NA,NA,NA,2,2,2
"2026-04-21 18:00:00",NA,NA,NA,2,2,2
"2026-04-21 19:00:00",NA,NA,NA,2,2,2
"2026-04-21 20:00:00",NA,NA,NA,2,2,2
"2026-04-21 21:00:00",NA,NA,NA,2,2,2
"2026-04-21 22:00:00",5.06922186666667,7.4439728,11.36153715,1,1,1
"2026-04-21 23:00:00",5.98320763333333,8.80699766666667,12.8910275166667,1,1,1
"2026-04-22 00:00:00",6.78720946666667,9.89670025,14.03243145,1,1,1
"2026-04-22 01:00:00",7.16416045,10.1551467333333,14.16370085,1,1,1
"2026-04-22 02:00:00",7.69653771666667,10.5306362833333,14.23996515,1,1,1
"2026-04-22 03:00:00",7.6500674,10.2620811333333,14.2369307833333,1,1,1
"2026-04-22 04:00:00",7.04496028333333,9.4546181,13.5327259166667,1,1,1
"2026-04-22 05:00:00",7.35675641666667,9.80307588333333,13.7852383666667,1,1,1
"2026-04-22 06:00:00",7.0603112,9.80928506666667,15.7784501833333,1,1,1
"2026-04-22 07:00:00",6.73959623333333,9.49038003333333,14.99225085,1,1,1
"2026-04-22 08:00:00",7.76068148333333,10.6273531666667,16.6136598333333,1,1,1
"2026-04-22 09:00:00",NA,NA,NA,2,2,2
"2026-04-22 10:00:00",8.4451252,10.6577501,19.2733546,1,1,1
"2026-04-22 11:00:00",8.04406571666667,10.15900775,18.8913065166667,1,1,1
"2026-04-22 12:00:00",NA,NA,NA,2,2,2
"2026-04-22 13:00:00",NA,NA,NA,2,2,2
"2026-04-22 14:00:00",NA,NA,NA,2,2,2
"2026-04-22 15:00:00",6.40212525,9.34335633333333,20.4700236666667,1,1,1
"2026-04-22 16:00:00",NA,NA,NA,2,2,2
"2026-04-22 17:00:00",NA,NA,NA,2,2,2
"2026-04-22 18:00:00",NA,NA,NA,2,2,2
"2026-04-22 19:00:00",NA,NA,NA,2,2,2
"2026-04-22 20:00:00",NA,NA,NA,2,2,2
"2026-04-22 21:00:00",8.67802818333333,11.5301370333333,16.1577324166667,1,1,1
"2026-04-22 22:00:00",9.426078,12.2489864166667,16.1042103,1,1,1
"2026-04-22 23:00:00",9.90894888333333,12.5294617,16.44900675,1,1,1
"2026-04-23 00:00:00",10.4665502666667,13.0549240333333,17.0116058333333,1,1,1
"2026-04-23 01:00:00",9.91451745,12.58147375,17.0804558833333,1,1,1
"2026-04-23 02:00:00",9.50975256666667,12.0657299166667,15.5460205833333,1,1,1
"2026-04-23 03:00:00",8.94995958333333,11.5924551666667,15.2106201666667,1,1,1
"2026-04-23 04:00:00",8.76723925,11.3786912333333,14.8659759166667,1,1,1
"2026-04-23 05:00:00",9.61332898333333,12.2848194666667,16.1937457833333,1,1,1
"2026-04-23 06:00:00",8.4621494,10.8048721166667,14.9562491166667,1,1,1
"2026-04-23 07:00:00",7.54691361666667,10.2311517333333,16.8323732666667,1,1,1
"2026-04-23 08:00:00",NA,NA,NA,3,3,3
"2026-04-23 09:00:00",NA,NA,NA,3,3,3
"2026-04-23 10:00:00",NA,NA,NA,2,2,2
"2026-04-23 11:00:00",NA,NA,NA,2,2,2
"2026-04-23 12:00:00",NA,NA,NA,2,2,2
"2026-04-23 13:00:00",6.91681316666667,8.77305423333333,16.0377057,1,1,1
"2026-04-23 14:00:00",6.01745948333333,7.65014621666667,14.0607801833333,1,1,1
"2026-04-23 15:00:00",5.60686265,7.18220705,13.9603764166667,1,1,1
"2026-04-23 16:00:00",4.50405808333333,6.04851865,12.45840935,1,1,1
"2026-04-23 17:00:00",NA,NA,NA,2,2,2
"2026-04-23 18:00:00",NA,NA,NA,2,2,2
"2026-04-23 19:00:00",NA,NA,NA,2,2,2
"2026-04-23 20:00:00",NA,NA,NA,2,2,2
"2026-04-23 21:00:00",6.77895828333333,8.62708366666667,14.2293106833333,1,1,1
"2026-04-23 22:00:00",7.5108398,9.08683631666667,12.63399545,1,1,1
"2026-04-23 23:00:00",8.23585075,9.83372553333333,14.1488894166667,1,1,1
"2026-04-24 00:00:00",8.47012705,9.94194045,12.8410982,1,1,1
"2026-04-24 01:00:00",9.38064578333333,10.8430524166667,13.2359295666667,1,1,1
"2026-04-24 02:00:00",10.03499585,11.3359736833333,13.3133852,1,1,1
"2026-04-24 03:00:00",10.1478990833333,11.2612505333333,12.8328374666667,1,1,1
"2026-04-24 04:00:00",10.1691828166667,11.2878003666667,12.97708155,1,1,1
"2026-04-24 05:00:00",10.8259121666667,11.9912993833333,14.4396469666667,1,1,1
"2026-04-24 06:00:00",10.0347195166667,11.4284351,15.6008878833333,1,1,1
"2026-04-24 07:00:00",10.02853375,11.5119430333333,17.0994735833333,1,1,1
"2026-04-24 08:00:00",NA,NA,NA,2,2,2
"2026-04-24 09:00:00",7.22621391666667,8.95470655,17.6683790333333,1,1,1
"2026-04-24 10:00:00",5.69204138333333,8.14535455,18.7895177666667,1,1,1
"2026-04-24 11:00:00",4.15557818333333,5.3143671,11.91044245,1,1,1
"2026-04-24 12:00:00",4.51378046666667,5.74052161666667,13.2591247333333,1,1,1
"2026-04-24 13:00:00",3.90998453333333,4.89577835,10.6069784666667,1,1,1
"2026-04-24 14:00:00",2.65162136666667,3.59005216666667,9.0931304,1,1,1
"2026-04-24 15:00:00",2.6812043,3.58628156666667,9.22028423333333,1,1,1
"2026-04-24 16:00:00",2.65492356666667,3.4681239,8.15133996666667,1,1,1
"2026-04-24 17:00:00",NA,NA,NA,2,2,2
"2026-04-24 18:00:00",NA,NA,NA,2,2,2
"2026-04-24 19:00:00",NA,NA,NA,2,2,2
"2026-04-24 20:00:00",NA,NA,NA,2,2,2
"2026-04-24 21:00:00",NA,NA,NA,2,2,2
"2026-04-24 22:00:00",13.4292822833333,15.4727786,21.208933,1,1,1
"2026-04-24 23:00:00",13.0176989,14.9957466666667,20.5546710666667,1,1,1
"2026-04-25 00:00:00",10.6605332333333,12.3883737666667,18.3268162166667,1,1,1
"2026-04-25 01:00:00",8.85229516666667,10.2487744833333,14.5997534666667,1,1,1
"2026-04-25 02:00:00",9.80481998333333,11.16650645,15.00285265,1,1,1
"2026-04-25 03:00:00",10.6282624833333,12.0995619,16.3022544666667,1,1,1
"2026-04-25 04:00:00",9.37942088333333,10.7597756,14.4030733166667,1,1,1
"2026-04-25 05:00:00",9.66772078333333,11.2649485333333,16.0889798333333,1,1,1
"2026-04-25 06:00:00",9.1326589,10.7590108666667,15.7021029666667,1,1,1
"2026-04-25 07:00:00",9.68622013333333,11.4305776333333,16.5052151666667,1,1,1
"2026-04-25 08:00:00",7.52412945,9.2419784,15.5216886833333,1,1,1
"2026-04-25 09:00:00",5.87115128333333,7.18148135,12.2968677166667,1,1,1
"2026-04-25 10:00:00",5.85461646666667,6.92181118333333,11.0710651333333,1,1,1
"2026-04-25 11:00:00",5.53745436666667,6.59988995,11.0204282333333,1,1,1
"2026-04-25 12:00:00",5.51446228333333,6.37993968333333,9.72496,1,1,1
"2026-04-25 13:00:00",5.4618646,6.32375835,10.3507392833333,1,1,1
"2026-04-25 14:00:00",4.96883828333333,5.86909868333333,10.0165096833333,1,1,1
"2026-04-25 15:00:00",4.25682766666667,5.03367751666667,8.80969723333333,1,1,1
"2026-04-25 16:00:00",4.1094846,4.91642421666667,8.81544076666667,1,1,1
"2026-04-25 17:00:00",3.687101,4.47041038333333,7.50823775,1,1,1
"2026-04-25 18:00:00",2.93893946666667,3.72597863333333,7.29324641666667,1,1,1
"2026-04-25 19:00:00",NA,NA,NA,2,2,2
"2026-04-25 20:00:00",NA,NA,NA,2,2,2
"2026-04-25 21:00:00",NA,NA,NA,2,2,2
"2026-04-25 22:00:00",13.4305606666667,15.4386459666667,21.7753530166667,1,1,1
"2026-04-25 23:00:00",11.1288897,12.75618895,17.0143426833333,1,1,1
"2026-04-26 00:00:00",8.9557035,10.2562209833333,13.0612124,1,1,1
"2026-04-26 01:00:00",11.7280826833333,13.0613648833333,16.1371944833333,1,1,1
"2026-04-26 02:00:00",13.1028151166667,14.49636145,16.74243785,1,1,1
"2026-04-26 03:00:00",14.7343772,16.1042925833333,18.6467116666667,1,1,1
"2026-04-26 04:00:00",14.3985821166667,15.6515090833333,17.9679327333333,1,1,1
"2026-04-26 05:00:00",13.67958295,14.9164439333333,16.6373512166667,1,1,1
"2026-04-26 06:00:00",13.5244793666667,14.7360731666667,16.6090306166667,1,1,1
"2026-04-26 07:00:00",20.4039160508475,21.9333904745763,24.4441071694915,1,1,1
"2026-04-26 08:00:00",17.55679335,18.9492123666667,21.6958652833333,1,1,1
"2026-04-26 09:00:00",13.0938992333333,14.3997305666667,16.8727912333333,1,1,1
"2026-04-26 10:00:00",9.9228674,11.13686775,13.8489328666667,1,1,1
"2026-04-26 11:00:00",8.80686668333333,10.0432663,12.95562625,1,1,1
"2026-04-26 12:00:00",6.8090839,7.87110825,11.2838746833333,1,1,1
"2026-04-26 13:00:00",6.54407383333333,7.49839345,10.7748113833333,1,1,1
"2026-04-26 14:00:00",7.99601901666667,9.07259096666667,12.6288451,1,1,1
"2026-04-26 15:00:00",7.44598491666667,8.35926666666667,11.1671839333333,1,1,1
"2026-04-26 16:00:00",6.12063076666667,6.960801,9.77941986666667,1,1,1
"2026-04-26 17:00:00",6.69333275,7.56634338333333,10.7159999666667,1,1,1
"2026-04-26 18:00:00",NA,NA,NA,2,2,2
"2026-04-26 19:00:00",NA,NA,NA,2,2,2
"2026-04-26 20:00:00",NA,NA,NA,2,2,2
"2026-04-26 21:00:00",15.2463362166667,17.1376582166667,20.7034570833333,1,1,1
"2026-04-26 22:00:00",15.1735232333333,17.3339950666667,22.5742429833333,1,1,1
"2026-04-26 23:00:00",NA,NA,NA,2,2,2
"2026-04-27 00:00:00",NA,NA,NA,2,2,2
"2026-04-27 01:00:00",10.6439503,12.24416675,16.9364069833333,1,1,1
"2026-04-27 02:00:00",9.73819728333333,11.1451868166667,14.54058485,1,1,1
"2026-04-27 03:00:00",9.68843806666667,11.1124441166667,14.5756373,1,1,1
"2026-04-27 04:00:00",13.9324363,15.489903,19.86302595,1,1,1
"2026-04-27 05:00:00",23.3417831166667,25.43209615,32.2878318,1,1,1
"2026-04-27 06:00:00",24.0052119833333,26.5819330333333,34.4357081,1,1,1
"2026-04-27 07:00:00",21.8846832166667,24.6168098166667,32.7661540833333,1,1,1
"2026-04-27 08:00:00",22.7514463,25.9657844666667,35.6588874833333,1,1,1
"2026-04-27 09:00:00",26.5081427166667,30.1052385,37.8410308833333,1,1,1
"2026-04-27 10:00:00",NA,NA,NA,3,3,3
"2026-04-27 11:00:00",9.04836348979592,14.2023564285714,31.2595979795918,1,1,1
"2026-04-27 12:00:00",11.80153035,14.0106487,21.2461213833333,1,1,1
"2026-04-27 13:00:00",8.61700406666667,10.4518741333333,17.1672969166667,1,1,1
"2026-04-27 14:00:00",5.94553546666667,7.4866178,13.2122179666667,1,1,1
"2026-04-27 15:00:00",7.20321325,8.85629391666667,14.8507513833333,1,1,1
"2026-04-27 16:00:00",3.37463755,4.58540258333333,8.21658375,1,1,1
"2026-04-27 17:00:00",2.99468675,4.52276515,9.85380311666667,1,1,1
"2026-04-27 18:00:00",NA,NA,NA,2,2,2
"2026-04-27 19:00:00",3.94688985,5.29119658333333,8.89682703333333,1,1,1
"2026-04-27 20:00:00",2.57568543333333,3.68307163333333,6.43810518333333,1,1,1
"2026-04-27 21:00:00",3.41852093333333,4.70016071666667,7.98140235,1,1,1
"2026-04-27 22:00:00",4.0939081,5.582871,8.95708805,1,1,1
"2026-04-27 23:00:00",4.8244537,6.28649535,10.1439103,1,1,1
"2026-04-28 00:00:00",7.18522481666667,8.67094335,11.9371794333333,1,1,1
"2026-04-28 01:00:00",8.7111666,9.83204936666667,11.6710808833333,1,1,1
"2026-04-28 02:00:00",8.24043818333333,9.26561451666667,11.1384303666667,1,1,1
"2026-04-28 03:00:00",6.0505207,7.0231756,8.55358131666667,1,1,1
"2026-04-28 04:00:00",3.7469734,4.9583133,8.74793731666667,1,1,1
"2026-04-28 05:00:00",5.97003818333333,8.1779113,12.0593977166667,1,1,1
"2026-04-28 06:00:00",5.50616251666667,7.3852587,12.2610771166667,1,1,1
"2026-04-28 07:00:00",4.44499061666667,5.9399832,11.7016780666667,1,1,1
"2026-04-28 08:00:00",3.1264367,4.44210701666667,10.4048189,1,1,1
"2026-04-28 09:00:00",3.07605993333333,4.2073317,8.77572493333333,1,1,1
"2026-04-28 10:00:00",5.52767548333333,7.67997446666667,14.7919905166667,1,1,1
"2026-04-28 11:00:00",6.45483908333333,9.78847845,17.8558579,1,1,1
"2026-04-28 12:00:00",6.53507785,9.8698536,22.6913971333333,1,1,1
"2026-04-28 13:00:00",6.90800691666667,9.76352888333333,18.3260920666667,1,1,1
"2026-04-28 14:00:00",6.6944067,9.02466545,16.1934815333333,1,1,1
"2026-04-28 15:00:00",6.07010953333333,8.29724133333333,15.0103848,1,1,1
"2026-04-28 16:00:00",5.68128396666667,8.21812615,17.2046897,1,1,1
"2026-04-28 17:00:00",NA,NA,NA,2,2,2
"2026-04-28 18:00:00",3.34151691666667,5.69510826666667,14.0775229666667,1,1,1
"2026-04-28 19:00:00",NA,NA,NA,2,2,2
"2026-04-28 20:00:00",2.98074105,4.91827493333333,9.77311905,1,1,1
"2026-04-28 21:00:00",NA,NA,NA,2,2,2
"2026-04-28 22:00:00",3.6398257,5.82907346666667,10.1036655166667,1,1,1
"2026-04-28 23:00:00",4.25946165,6.51536878333333,10.0745759833333,1,1,1
"2026-04-29 00:00:00",3.91864083333333,6.219221,9.75087,1,1,1
"2026-04-29 01:00:00",3.59183051666667,5.79141226666667,9.48363821666667,1,1,1
"2026-04-29 02:00:00",3.77841826666667,6.03965151666667,10.4505304166667,1,1,1
"2026-04-29 03:00:00",3.48736456666667,5.65167201666667,9.47191476666667,1,1,1
"2026-04-29 04:00:00",3.53813415,5.77581093333333,10.19183645,1,1,1
"2026-04-29 05:00:00",3.29411138333333,5.7325347,11.0083727333333,1,1,1
"2026-04-29 06:00:00",3.1835304,5.94289378333333,12.1799456166667,1,1,1
"2026-04-29 07:00:00",3.27784903333333,6.72712243333333,16.7974982833333,1,1,1
"2026-04-29 08:00:00",NA,NA,NA,2,2,2
"2026-04-29 09:00:00",3.20866755,7.28710905,22.0489017333333,1,1,1
"2026-04-29 10:00:00",2.24432148333333,5.5174971,21.3454811333333,1,1,1
"2026-04-29 11:00:00",1.499716,4.7424384,24.7497601333333,1,1,1
"2026-04-29 12:00:00",1.2759495,5.10357986666667,30.2453328666667,1,1,1
"2026-04-29 13:00:00",1.18313675,4.62857,26.76594635,1,1,1
"2026-04-29 14:00:00",1.18042833333333,4.29782231666667,24.0700473333333,1,1,1
"2026-04-29 15:00:00",1.41473426666667,4.62370401666667,22.73531385,1,1,1
"2026-04-29 16:00:00",1.90566275,5.1011617,21.4671435,1,1,1
"2026-04-29 17:00:00",NA,NA,NA,2,2,2
"2026-04-29 18:00:00",NA,NA,NA,2,2,2
"2026-04-29 19:00:00",NA,NA,NA,2,2,2
"2026-04-29 20:00:00",NA,NA,NA,2,2,2
"2026-04-29 21:00:00",2.51288746666667,5.17758606666667,12.16417455,1,1,1
"2026-04-29 22:00:00",2.89370293333333,5.61251455,11.16812685,1,1,1
"2026-04-29 23:00:00",2.87687513333333,5.41906906666667,10.4760581333333,1,1,1
"2026-04-30 00:00:00",2.992411,5.72846321666667,10.9712423166667,1,1,1
"2026-04-30 01:00:00",3.18799786666667,5.99349173333333,11.5167284833333,1,1,1
"2026-04-30 02:00:00",3.36752655,6.32511903333333,13.65608745,1,1,1
"2026-04-30 03:00:00",3.6117139,6.51447696666667,12.1318072666667,1,1,1
"2026-04-30 04:00:00",3.83145796666667,6.92318838333333,13.3468191666667,1,1,1
"2026-04-30 05:00:00",3.89869156666667,7.1664233,15.0836676833333,1,1,1
"2026-04-30 06:00:00",3.8175387,7.11291406666667,16.3840219333333,1,1,1
"2026-04-30 07:00:00",NA,NA,NA,2,2,2
"2026-04-30 08:00:00",NA,NA,NA,2,2,2
"2026-04-30 09:00:00",3.01552868333333,5.80914656666667,17.420854,1,1,1
"2026-04-30 10:00:00",2.79022266666667,5.34573023333333,17.7520810166667,1,1,1
"2026-04-30 11:00:00",3.1361083,5.60510251666667,17.74800745,1,1,1
"2026-04-30 12:00:00",3.43390096666667,6.07565188333333,21.1037780166667,1,1,1
"2026-04-30 13:00:00",2.88257826666667,5.05239265,17.0489872666667,1,1,1
"2026-04-30 14:00:00",2.62664286666667,4.57676001666667,15.5161663166667,1,1,1
"2026-04-30 15:00:00",2.10055288333333,3.7753769,13.0819796666667,1,1,1
"2026-04-30 16:00:00",2.2893435,4.00491971666667,13.5275338833333,1,1,1
"2026-04-30 17:00:00",1.76706513333333,3.32899965,12.0110106333333,1,1,1
"2026-04-30 18:00:00",NA,NA,NA,2,2,2
"2026-04-30 19:00:00",NA,NA,NA,2,2,2
"2026-04-30 20:00:00",NA,NA,NA,2,2,2
"2026-04-30 21:00:00",NA,NA,NA,2,2,2
"2026-04-30 22:00:00",NA,NA,NA,2,2,2
"2026-04-30 23:00:00",NA,NA,NA,2,2,2
