"datetime","PM1","PM2p5","PM10","qc_flag_PM1","qc_flag_PM2p5","qc_flag_PM10"
"2024-08-01 00:00:00",7.0944705,8.70576421666667,16.2969121,1,1,1
"2024-08-01 01:00:00",5.15846803333333,6.53561793333333,13.2550720333333,1,1,1
"2024-08-01 02:00:00",4.07826843333333,5.2824598,11.6129615833333,1,1,1
"2024-08-01 03:00:00",3.968216,5.17829048333333,11.0192343,1,1,1
"2024-08-01 04:00:00",3.8928336,5.1048473,10.3862351333333,1,1,1
"2024-08-01 05:00:00",3.91697076666667,4.95327303333333,9.03167765,1,1,1
"2024-08-01 06:00:00",4.1388781,5.31872476666667,9.81982075,1,1,1
"2024-08-01 07:00:00",4.42543055,5.45536441666667,8.91550926666667,1,1,1
"2024-08-01 08:00:00",4.83018341666667,5.98720478333333,9.91470908333333,1,1,1
"2024-08-01 09:00:00",5.32750051666667,6.60936296666667,10.39172925,1,1,1
"2024-08-01 10:00:00",7.04686321666667,8.85406698333333,15.39499665,1,1,1
"2024-08-01 11:00:00",12.26648595,15.5971293666667,28.1491913333333,1,1,1
"2024-08-01 12:00:00",15.0155504333333,18.3493760166667,30.4906458833333,1,1,1
"2024-08-01 13:00:00",15.1308024,18.3292569166667,31.094342,1,1,1
"2024-08-01 14:00:00",15.5968384,18.6667506833333,31.4175431166667,1,1,1
"2024-08-01 15:00:00",16.1440016666667,19.3039821333333,32.5318189666667,1,1,1
"2024-08-01 16:00:00",16.3310599666667,19.1213983333333,29.84681205,1,1,1
"2024-08-01 17:00:00",14.69209185,17.1214124666667,25.8600997166667,1,1,1
"2024-08-01 18:00:00",12.47059935,14.521924,21.5926141666667,1,1,1
"2024-08-01 19:00:00",11.5662754166667,13.4631230666667,19.88517145,1,1,1
"2024-08-01 20:00:00",12.5792356333333,14.2688277833333,20.13920915,1,1,1
"2024-08-01 21:00:00",10.1111754,11.5526738833333,16.1791966333333,1,1,1
"2024-08-01 22:00:00",8.66401955,10.0394332666667,14.4952272833333,1,1,1
"2024-08-01 23:00:00",7.95607466666667,9.1790643,13.26819205,1,1,1
"2024-08-02 00:00:00",8.85263496666667,10.3736885,14.9235997166667,1,1,1
"2024-08-02 01:00:00",9.73555543333333,11.40872435,15.5658281,1,1,1
"2024-08-02 02:00:00",9.78573265,11.4722004166667,15.1826070666667,1,1,1
"2024-08-02 03:00:00",9.86308518333333,11.6170121,16.19013115,1,1,1
"2024-08-02 04:00:00",10.1428799833333,11.9081196333333,15.69141445,1,1,1
"2024-08-02 05:00:00",10.3300694,11.93637805,14.69633745,1,1,1
"2024-08-02 06:00:00",10.46862595,12.1567379,15.3948844166667,1,1,1
"2024-08-02 07:00:00",10.5560540666667,12.6187940166667,16.9115720166667,1,1,1
"2024-08-02 08:00:00",10.7097721166667,13.1243419666667,18.5602412666667,1,1,1
"2024-08-02 09:00:00",9.17315043333333,11.7918945,19.0104594666667,1,1,1
"2024-08-02 10:00:00",7.84389863333333,9.80158231666667,14.5532190333333,1,1,1
"2024-08-02 11:00:00",7.13534311666667,8.43518561666667,12.978293,1,1,1
"2024-08-02 12:00:00",8.63103213333333,9.66796576666667,12.927565,1,1,1
"2024-08-02 13:00:00",7.34018763333333,8.43943693333333,12.5277198166667,1,1,1
"2024-08-02 14:00:00",6.89514658333333,7.89384768333333,12.4167231,1,1,1
"2024-08-02 15:00:00",4.94516126666667,5.77924816666667,9.48058521666667,1,1,1
"2024-08-02 16:00:00",5.1186975,5.8973051,9.01973398333333,1,1,1
"2024-08-02 17:00:00",5.46005201666667,6.14630321666667,8.71811415,1,1,1
"2024-08-02 18:00:00",5.71570598333333,6.50798946666667,9.22512106666667,1,1,1
"2024-08-02 19:00:00",5.24007383333333,6.01975886666667,9.31284683333333,1,1,1
"2024-08-02 20:00:00",3.48014001666667,4.12721055,6.04274505,1,1,1
"2024-08-02 21:00:00",2.67237816666667,3.31153313333333,5.34423766666667,1,1,1
"2024-08-02 22:00:00",3.59604585,4.42233218333333,6.71314888333333,1,1,1
"2024-08-02 23:00:00",4.90802478333333,5.86889646666667,7.87405341666667,1,1,1
"2024-08-03 00:00:00",5.52805538333333,6.6288434,8.08561806666667,1,1,1
"2024-08-03 01:00:00",6.15604601666667,7.50360611666667,9.2344725,1,1,1
"2024-08-03 02:00:00",6.4410018,7.97303055,9.96800203333333,1,1,1
"2024-08-03 03:00:00",5.83129071666667,7.22460181666667,8.96887321666667,1,1,1
"2024-08-03 04:00:00",5.22645525,6.42887068333333,8.25793195,1,1,1
"2024-08-03 05:00:00",3.97060051666667,5.01514083333333,6.66884873333333,1,1,1
"2024-08-03 06:00:00",3.00013003333333,3.76657601666667,4.81625611666667,1,1,1
"2024-08-03 07:00:00",2.02202053333333,2.44214493333333,3.1764665,1,1,1
"2024-08-03 08:00:00",1.4599403,1.76361345,2.62283858333333,1,1,1
"2024-08-03 09:00:00",1.89081783333333,3.23988085,6.15180558333333,1,1,1
"2024-08-03 10:00:00",3.37989906666667,6.335458,13.0343757,1,1,1
"2024-08-03 11:00:00",3.59841756666667,6.3061086,11.36483985,1,1,1
"2024-08-03 12:00:00",3.60778573333333,6.36989096666667,11.8639769,1,1,1
"2024-08-03 13:00:00",3.81009466666667,6.57382431666667,11.5707085666667,1,1,1
"2024-08-03 14:00:00",3.93729785,6.63010456666667,11.65163125,1,1,1
"2024-08-03 15:00:00",3.8578674,6.52286528333333,11.66239285,1,1,1
"2024-08-03 16:00:00",3.4337556,6.21561143333333,11.2897599,1,1,1
"2024-08-03 17:00:00",3.41616365,6.52029308333333,11.5437431833333,1,1,1
"2024-08-03 18:00:00",3.47189093333333,6.59133413333333,11.9633737666667,1,1,1
"2024-08-03 19:00:00",3.0859788,5.99635575,10.8900395,1,1,1
"2024-08-03 20:00:00",3.21592888333333,6.22933816666667,10.9999673,1,1,1
"2024-08-03 21:00:00",3.46745261666667,6.76222321666667,12.5541698166667,1,1,1
"2024-08-03 22:00:00",3.61502678333333,6.79581623333333,11.8348969166667,1,1,1
"2024-08-03 23:00:00",3.37845231666667,6.21711978333333,10.9047488,1,1,1
"2024-08-04 00:00:00",3.02165833333333,5.54939368333333,9.91239876666667,1,1,1
"2024-08-04 01:00:00",2.80096485,5.12112441666667,8.46120378333333,1,1,1
"2024-08-04 02:00:00",2.83056465,5.20679676666667,9.42952046666667,1,1,1
"2024-08-04 03:00:00",2.938275,5.3230675,9.12796998333333,1,1,1
"2024-08-04 04:00:00",2.88059003333333,5.2134637,8.92395781666667,1,1,1
"2024-08-04 05:00:00",2.94514321666667,5.31340941666667,9.29407,1,1,1
"2024-08-04 06:00:00",2.90192061666667,5.21897415,8.99607486666667,1,1,1
"2024-08-04 07:00:00",2.82026475,5.02036825,8.014221,1,1,1
"2024-08-04 08:00:00",2.89367228333333,5.13525586666667,8.78936875,1,1,1
"2024-08-04 09:00:00",2.9654894,5.01686088333333,8.24066438333333,1,1,1
"2024-08-04 10:00:00",3.078995,5.08048553333333,8.69708313333333,1,1,1
"2024-08-04 11:00:00",3.01511403333333,4.77991753333333,7.72317258333333,1,1,1
"2024-08-04 12:00:00",3.37932968333333,4.97842188333333,7.94540126666667,1,1,1
"2024-08-04 13:00:00",3.6866477,5.32104521666667,7.94175695,1,1,1
"2024-08-04 14:00:00",3.83896503333333,5.69308951666667,9.39711136666667,1,1,1
"2024-08-04 15:00:00",4.30033725,6.24295425,9.88085773333333,1,1,1
"2024-08-04 16:00:00",5.27186071666667,7.26601666666667,12.0856892166667,1,1,1
"2024-08-04 17:00:00",4.20513055,5.9499885,9.63718283333333,1,1,1
"2024-08-04 18:00:00",4.0456574,5.87698338333333,9.19735401666667,1,1,1
"2024-08-04 19:00:00",3.7882611,5.62438786666667,9.83410256666667,1,1,1
"2024-08-04 20:00:00",4.14130015,5.93322028333333,9.15669523333333,1,1,1
"2024-08-04 21:00:00",4.52500166666667,6.57500171666667,10.8444491,1,1,1
"2024-08-04 22:00:00",4.90359053333333,6.99352223333333,10.64486905,1,1,1
"2024-08-04 23:00:00",4.94860256666667,7.29589001666667,12.0003523333333,1,1,1
"2024-08-05 00:00:00",5.1239734,7.61028908333333,11.3762277166667,1,1,1
"2024-08-05 01:00:00",5.06881168333333,7.82219786666667,11.8960450833333,1,1,1
"2024-08-05 02:00:00",5.18968033333333,8.14178351666667,12.5123487833333,1,1,1
"2024-08-05 03:00:00",5.30338726666667,8.29884773333333,12.9798231,1,1,1
"2024-08-05 04:00:00",5.50665283333333,8.53981095,12.8902835333333,1,1,1
"2024-08-05 05:00:00",5.12501088333333,7.62303081666667,10.4909057166667,1,1,1
"2024-08-05 06:00:00",4.62696028333333,6.88684971666667,9.84645711666667,1,1,1
"2024-08-05 07:00:00",3.94635961666667,5.63731795,7.87683048333333,1,1,1
"2024-08-05 08:00:00",4.15644305,5.7771601,7.4770613,1,1,1
"2024-08-05 09:00:00",4.5669885,6.46280855,8.93680181666667,1,1,1
"2024-08-05 10:00:00",4.26431098333333,5.94576308333333,8.48954276666667,1,1,1
"2024-08-05 11:00:00",4.05065096666667,5.46595845,8.41484965,1,1,1
"2024-08-05 12:00:00",4.07429466666667,5.49339825,8.59371613333333,1,1,1
"2024-08-05 13:00:00",3.88106166666667,5.02172711666667,7.57149795,1,1,1
"2024-08-05 14:00:00",3.56781551666667,4.8072115,8.6131291,1,1,1
"2024-08-05 15:00:00",3.35734778333333,4.5417821,8.0876647,1,1,1
"2024-08-05 16:00:00",3.76974821666667,5.17271846666667,8.76314925,1,1,1
"2024-08-05 17:00:00",4.14638358333333,5.80747171666667,9.97158136666667,1,1,1
"2024-08-05 18:00:00",4.77657235,6.2424918,9.97038733333333,1,1,1
"2024-08-05 19:00:00",4.41292666666667,6.04022956666667,10.08829935,1,1,1
"2024-08-05 20:00:00",3.96523695,5.30688843333333,8.6802443,1,1,1
"2024-08-05 21:00:00",4.03715901666667,5.32302286666667,8.48656566666667,1,1,1
"2024-08-05 22:00:00",3.97136448333333,5.31761011666667,8.77043286666667,1,1,1
"2024-08-05 23:00:00",4.01247718333333,5.0885094,7.09507843333333,1,1,1
"2024-08-06 00:00:00",3.60415023333333,4.47545785,6.05759011666667,1,1,1
"2024-08-06 01:00:00",3.35299556666667,4.24238216666667,6.15552841666667,1,1,1
"2024-08-06 02:00:00",4.38672668333333,5.53816805,7.48068823333333,1,1,1
"2024-08-06 03:00:00",4.87690135,6.03054138333333,8.13090418333333,1,1,1
"2024-08-06 04:00:00",4.80766803333333,5.89544276666667,7.77431465,1,1,1
"2024-08-06 05:00:00",4.1882965,4.97581761666667,6.4002134,1,1,1
"2024-08-06 06:00:00",0.959436933333333,1.31541238333333,2.88132908333333,1,1,1
"2024-08-06 07:00:00",1.02948188333333,1.63594591666667,3.67478903333333,1,1,1
"2024-08-06 08:00:00",1.47136091666667,2.49907173333333,5.75388035,1,1,1
"2024-08-06 09:00:00",1.6567187,2.80111998333333,6.27664398333333,1,1,1
"2024-08-06 10:00:00",1.71448818333333,2.93631661666667,6.35950423333333,1,1,1
"2024-08-06 11:00:00",2.1440952,3.66926701666667,8.0996083,1,1,1
"2024-08-06 12:00:00",2.23998888333333,3.67475518333333,7.52407283333333,1,1,1
"2024-08-06 13:00:00",2.30432666666667,3.64485018333333,6.7474419,1,1,1
"2024-08-06 14:00:00",2.30988488333333,3.56398386666667,6.99835223333333,1,1,1
"2024-08-06 15:00:00",2.0225857,3.32640205,6.87712545,1,1,1
"2024-08-06 16:00:00",1.92945396666667,3.3093162,6.4436812,1,1,1
"2024-08-06 17:00:00",1.97321125,3.3072753,5.83069921666667,1,1,1
"2024-08-06 18:00:00",2.14505583333333,3.6005717,6.86452588333333,1,1,1
"2024-08-06 19:00:00",2.18714041666667,3.73442086666667,7.14392491666667,1,1,1
"2024-08-06 20:00:00",2.2309195,3.82335043333333,7.71765746666667,1,1,1
"2024-08-06 21:00:00",2.45582825,4.18752001666667,7.81340818333333,1,1,1
"2024-08-06 22:00:00",2.82434058333333,4.645807,8.14425766666667,1,1,1
"2024-08-06 23:00:00",2.6593838,4.40817136666667,8.18185625,1,1,1
"2024-08-07 00:00:00",2.75330025,4.40316568333333,7.8826406,1,1,1
"2024-08-07 01:00:00",2.3052493,3.97200801666667,7.59093993333333,1,1,1
"2024-08-07 02:00:00",2.63541503333333,4.25744831666667,7.65628021666667,1,1,1
"2024-08-07 03:00:00",2.87897695,4.51446543333333,7.3049081,1,1,1
"2024-08-07 04:00:00",2.70528426666667,4.24688438333333,6.86488718333333,1,1,1
"2024-08-07 05:00:00",2.5054815,3.92954441666667,6.70389668333333,1,1,1
"2024-08-07 06:00:00",2.61387661666667,4.20683473333333,6.82909425,1,1,1
"2024-08-07 07:00:00",2.66234135,4.65271996666667,7.89178365,1,1,1
"2024-08-07 08:00:00",2.86655606666667,4.75966811666667,7.99743865,1,1,1
"2024-08-07 09:00:00",1.98652971666667,3.60111948333333,7.33202441666667,1,1,1
"2024-08-07 10:00:00",2.105633,3.97946405,8.37591145,1,1,1
"2024-08-07 11:00:00",2.03508013333333,3.67950425,7.10845033333333,1,1,1
"2024-08-07 12:00:00",1.7126832,3.08238935,6.15456671666667,1,1,1
"2024-08-07 13:00:00",1.57304156666667,2.83743441666667,6.43206126666667,1,1,1
"2024-08-07 14:00:00",1.11706568333333,1.95409466666667,4.3285176,1,1,1
"2024-08-07 15:00:00",1.0324643,1.6623829,3.62220705,1,1,1
"2024-08-07 16:00:00",1.06168726666667,1.81119438333333,4.42802911666667,1,1,1
"2024-08-07 17:00:00",1.58752176666667,2.73068325,5.83960531666667,1,1,1
"2024-08-07 18:00:00",2.52386398333333,4.75878975,9.36078516666667,1,1,1
"2024-08-07 19:00:00",3.40022513333333,6.69779763333333,12.21124775,1,1,1
"2024-08-07 20:00:00",4.34928333333333,8.32779163333333,15.0231297333333,1,1,1
"2024-08-07 21:00:00",4.96050936666667,9.21103823333333,16.2386818666667,1,1,1
"2024-08-07 22:00:00",4.89227278333333,9.23417576666667,15.4075838666667,1,1,1
"2024-08-07 23:00:00",5.10679048333333,9.17558045,14.7103465333333,1,1,1
"2024-08-08 00:00:00",5.00899245,9.1559238,15.1790900666667,1,1,1
"2024-08-08 01:00:00",4.79954178333333,8.58784916666667,13.3758343166667,1,1,1
"2024-08-08 02:00:00",3.6389241,6.26837415,9.53075746666667,1,1,1
"2024-08-08 03:00:00",2.39412815,3.91206118333333,5.91765763333333,1,1,1
"2024-08-08 04:00:00",2.3833109,3.76640365,5.91551715,1,1,1
"2024-08-08 05:00:00",2.6943082,4.16273525,6.1727567,1,1,1
"2024-08-08 06:00:00",3.18878513333333,4.86476346666667,6.91320793333333,1,1,1
"2024-08-08 07:00:00",3.46444651666667,5.58404441666667,9.20819531666667,1,1,1
"2024-08-08 08:00:00",3.88509356666667,6.66297153333333,10.1601877666667,1,1,1
"2024-08-08 09:00:00",4.32038411666667,7.67431786666667,12.9581413666667,1,1,1
"2024-08-08 10:00:00",4.7845214,8.73318456666667,15.3926756666667,1,1,1
"2024-08-08 11:00:00",5.14979133333333,8.48269716666667,12.9373709166667,1,1,1
"2024-08-08 12:00:00",4.86001605,7.35245366666667,9.93695106666667,1,1,1
"2024-08-08 13:00:00",4.08895083333333,5.68725815,7.48249846666667,1,1,1
"2024-08-08 14:00:00",2.60845471666667,3.41222155,4.69129515,1,1,1
"2024-08-08 15:00:00",2.04334251666667,2.6326501,4.45297306666667,1,1,1
"2024-08-08 16:00:00",2.20218643333333,2.74056978333333,4.51893626666667,1,1,1
"2024-08-08 17:00:00",2.42074641666667,2.9099129,4.46551275,1,1,1
"2024-08-08 18:00:00",1.79976576666667,2.2514561,3.91069005,1,1,1
"2024-08-08 19:00:00",1.00388206666667,1.32203811666667,2.5046847,1,1,1
"2024-08-08 20:00:00",0.982354833333333,1.30616106666667,2.5009369,1,1,1
"2024-08-08 21:00:00",1.14909021666667,1.46983518333333,2.46458143333333,1,1,1
"2024-08-08 22:00:00",0.895640783333333,1.22805513333333,2.6551334,1,1,1
"2024-08-08 23:00:00",0.5939041,0.830658883333333,1.84895641666667,1,1,1
"2024-08-09 00:00:00",0.55530255,0.8095895,1.62277788333333,1,1,1
"2024-08-09 01:00:00",0.356877083333333,0.56026815,1.18782403333333,1,1,1
"2024-08-09 02:00:00",0.239644316666667,0.454158916666667,1.33565591666667,1,1,1
"2024-08-09 03:00:00",0.1496631,0.341785733333333,0.966416833333333,1,1,1
"2024-08-09 04:00:00",0.164274983333333,0.381375666666667,1.31795581666667,1,1,1
"2024-08-09 05:00:00",0.266817783333333,0.463148516666667,1.23072563333333,1,1,1
"2024-08-09 06:00:00",0.405841516666667,0.738131066666667,1.95038425,1,1,1
"2024-08-09 07:00:00",0.663217766666667,1.21415001666667,2.95426555,1,1,1
"2024-08-09 08:00:00",1.3648083,2.23802058333333,4.29113091666667,1,1,1
"2024-08-09 09:00:00",1.76542148333333,3.1457214,6.78079565,1,1,1
"2024-08-09 10:00:00",1.7341685,3.04343986666667,6.599079,1,1,1
"2024-08-09 11:00:00",1.67789903333333,2.87678326666667,6.05260753333333,1,1,1
"2024-08-09 12:00:00",1.74966596666667,2.9444974,6.27741676666667,1,1,1
"2024-08-09 13:00:00",1.60765988333333,2.5912073,5.50354508333333,1,1,1
"2024-08-09 14:00:00",1.72031533333333,2.7285809,5.68267505,1,1,1
"2024-08-09 15:00:00",1.84495175,2.827179,5.73614501666667,1,1,1
"2024-08-09 16:00:00",1.9202045,2.83176891666667,5.49444415,1,1,1
"2024-08-09 17:00:00",1.88438156666667,2.82820446666667,5.4245969,1,1,1
"2024-08-09 18:00:00",1.92437901666667,2.8015857,4.79407201666667,1,1,1
"2024-08-09 19:00:00",1.8002127,2.80255541666667,5.82030068333333,1,1,1
"2024-08-09 20:00:00",2.40124933333333,3.71021901666667,7.15561791666667,1,1,1
"2024-08-09 21:00:00",3.49388906666667,5.0381687,9.52797908333333,1,1,1
"2024-08-09 22:00:00",3.54071955,4.99945565,8.48706641666667,1,1,1
"2024-08-09 23:00:00",3.65505295,5.35878755,8.88905351666667,1,1,1
"2024-08-10 00:00:00",3.95226331666667,6.48975365,10.5032081333333,1,1,1
"2024-08-10 01:00:00",3.80966583333333,6.48672678333333,10.57500505,1,1,1
"2024-08-10 02:00:00",3.86146763333333,6.62203463333333,11.2270776833333,1,1,1
"2024-08-10 03:00:00",4.48610896666667,7.12936611666667,10.6700736166667,1,1,1
"2024-08-10 04:00:00",4.71817198333333,7.43041118333333,10.8361015166667,1,1,1
"2024-08-10 05:00:00",5.51577658333333,8.80700871666667,12.8347739333333,1,1,1
"2024-08-10 06:00:00",5.86606065,9.4958239,14.09535385,1,1,1
"2024-08-10 07:00:00",5.24796536666667,8.56241135,12.28227025,1,1,1
"2024-08-10 08:00:00",5.3968005,8.7459866,13.1529136666667,1,1,1
"2024-08-10 09:00:00",5.44297306666667,8.7911526,13.0896498666667,1,1,1
"2024-08-10 10:00:00",4.72070463333333,7.35984476666667,11.53784315,1,1,1
"2024-08-10 11:00:00",4.00831241666667,5.8126421,8.38922768333333,1,1,1
"2024-08-10 12:00:00",4.68419456666667,6.8977913,10.24866465,1,1,1
"2024-08-10 13:00:00",4.42601913333333,6.4590676,9.51735685,1,1,1
"2024-08-10 14:00:00",3.64149541666667,5.21244636666667,8.09403561666667,1,1,1
"2024-08-10 15:00:00",3.08865105,4.30889795,7.52186753333333,1,1,1
"2024-08-10 16:00:00",1.63928888333333,2.03855858333333,3.53275515,1,1,1
"2024-08-10 17:00:00",1.63105818333333,1.99192631666667,4.59701791666667,1,1,1
"2024-08-10 18:00:00",1.67624276666667,1.9672268,3.75523428333333,1,1,1
"2024-08-10 19:00:00",1.67030573333333,1.92541793333333,3.25585333333333,1,1,1
"2024-08-10 20:00:00",1.63924115,1.94169281666667,3.32940236666667,1,1,1
"2024-08-10 21:00:00",2.39422498333333,2.77108095,3.75514863333333,1,1,1
"2024-08-10 22:00:00",4.18773951666667,5.25766926666667,7.42926353333333,1,1,1
"2024-08-10 23:00:00",5.16990835,6.22100071666667,8.15091135,1,1,1
"2024-08-11 00:00:00",6.07657903333333,7.18560458333333,9.268649,1,1,1
"2024-08-11 01:00:00",5.90704753333333,6.89207415,8.56062286666667,1,1,1
"2024-08-11 02:00:00",7.1626026,8.19409128333333,9.87015866666667,1,1,1
"2024-08-11 03:00:00",7.9167032,9.17606398333333,11.7355107166667,1,1,1
"2024-08-11 04:00:00",8.22144622033898,9.59440776271186,12.3779248644068,1,1,1
"2024-08-11 05:00:00",8.09850858333333,9.3929134,11.7935852166667,1,1,1
"2024-08-11 06:00:00",7.45665178333333,8.67504078333333,10.9586135666667,1,1,1
"2024-08-11 07:00:00",7.69386716666667,9.18211995,12.0818277666667,1,1,1
"2024-08-11 08:00:00",6.6463448,8.36522006666667,11.6347634166667,1,1,1
"2024-08-11 09:00:00",4.90591176666667,6.46937486666667,8.72257155,1,1,1
"2024-08-11 10:00:00",4.37730423333333,5.97420295,8.98491,1,1,1
"2024-08-11 11:00:00",4.1992154,5.74419795,8.83544985,1,1,1
"2024-08-11 12:00:00",3.9789786,5.39984651666667,8.61500813333333,1,1,1
"2024-08-11 13:00:00",3.84133481666667,5.01566726666667,7.47526826666667,1,1,1
"2024-08-11 14:00:00",3.50947721666667,4.46128931666667,8.44356266666667,1,1,1
"2024-08-11 15:00:00",2.89467138333333,3.63924126666667,6.33407925,1,1,1
"2024-08-11 16:00:00",2.79783353333333,3.67223865,7.20426606666667,1,1,1
"2024-08-11 17:00:00",3.02510603389831,4.13354110169492,8.5301583559322,1,1,1
"2024-08-11 18:00:00",2.97241423333333,4.1944627,9.83699036666667,1,1,1
"2024-08-11 19:00:00",2.98565058333333,4.69489016666667,11.4961200166667,1,1,1
"2024-08-11 20:00:00",3.81302926666667,5.81246916666667,14.0096175833333,1,1,1
"2024-08-11 21:00:00",4.27590033333333,6.4237694,14.83985725,1,1,1
"2024-08-11 22:00:00",5.37867835,7.86509855,18.7922038,1,1,1
"2024-08-11 23:00:00",5.69406203333333,8.0155069,18.03459795,1,1,1
"2024-08-12 00:00:00",3.09220255,4.27414055,8.86705913333333,1,1,1
"2024-08-12 01:00:00",3.3435431,4.50118428333333,9.18736433333333,1,1,1
"2024-08-12 02:00:00",3.88699441666667,5.31063156666667,10.7012260333333,1,1,1
"2024-08-12 03:00:00",4.32090655,6.04376748333333,10.8339089833333,1,1,1
"2024-08-12 04:00:00",5.01375025,6.93598486666667,11.1826929166667,1,1,1
"2024-08-12 05:00:00",5.31286153333333,7.55227485,12.1619977166667,1,1,1
"2024-08-12 06:00:00",5.4504909,7.65172795,11.2660565333333,1,1,1
"2024-08-12 07:00:00",5.51545816666667,7.75765141666667,11.5396958833333,1,1,1
"2024-08-12 08:00:00",5.30758678333333,7.61110003333333,11.5156044,1,1,1
"2024-08-12 09:00:00",5.03459233333333,7.52407323333333,13.67556675,1,1,1
"2024-08-12 10:00:00",4.61559816666667,6.97080535,14.9940752166667,1,1,1
"2024-08-12 11:00:00",5.0090296,7.17384685,13.5767492833333,1,1,1
"2024-08-12 12:00:00",5.34518183333333,7.60011721666667,14.5541752333333,1,1,1
"2024-08-12 13:00:00",5.64087083333333,7.99675465,14.99010415,1,1,1
"2024-08-12 14:00:00",6.64134475,9.07625683333333,15.7562151833333,1,1,1
"2024-08-12 15:00:00",7.37776695,9.66737533333333,16.7521919666667,1,1,1
"2024-08-12 16:00:00",7.58870995,9.88434468333333,16.3444571666667,1,1,1
"2024-08-12 17:00:00",6.16486356666667,8.03006696666667,13.8029197333333,1,1,1
"2024-08-12 18:00:00",4.94833185,6.3074748,10.7406499833333,1,1,1
"2024-08-12 19:00:00",3.81676275,4.7927586,7.72019313333333,1,1,1
"2024-08-12 20:00:00",3.57443456666667,4.77449051666667,8.22787191666667,1,1,1
"2024-08-12 21:00:00",2.94829955,4.39292465,9.43975121666667,1,1,1
"2024-08-12 22:00:00",2.66243441666667,3.99119161666667,8.12258463333333,1,1,1
"2024-08-12 23:00:00",1.60378361666667,2.793187,6.2347222,1,1,1
"2024-08-13 00:00:00",1.66587796666667,2.96282346666667,6.00552178333333,1,1,1
"2024-08-13 01:00:00",1.65692995,2.99607515,5.95381881666667,1,1,1
"2024-08-13 02:00:00",1.73147088333333,2.99662126666667,5.38257896666667,1,1,1
"2024-08-13 03:00:00",1.83334818333333,3.16536781666667,5.7370676,1,1,1
"2024-08-13 04:00:00",1.95328576666667,3.30813833333333,5.94679003333333,1,1,1
"2024-08-13 05:00:00",2.27039618333333,3.76577075,6.35163765,1,1,1
"2024-08-13 06:00:00",2.83457773333333,4.65901678333333,8.01717166666667,1,1,1
"2024-08-13 07:00:00",2.7544252,4.56047181666667,8.52879425,1,1,1
"2024-08-13 08:00:00",2.86989146666667,4.9036632,8.91866543333333,1,1,1
"2024-08-13 09:00:00",2.66012965,4.8094019,9.3229481,1,1,1
"2024-08-13 10:00:00",2.74268346666667,5.0898999,9.36207648333333,1,1,1
"2024-08-13 11:00:00",2.68806848333333,4.80064801666667,8.52982825,1,1,1
"2024-08-13 12:00:00",2.00160941666667,3.64726483333333,8.7853796,1,1,1
"2024-08-13 13:00:00",1.48948588333333,2.67820485,7.41795413333333,1,1,1
"2024-08-13 14:00:00",1.86254533333333,3.18134406666667,8.01664135,1,1,1
"2024-08-13 15:00:00",2.10191043333333,3.43206285,7.79001403333333,1,1,1
"2024-08-13 16:00:00",2.09927395,3.33375346666667,8.33965261666667,1,1,1
"2024-08-13 17:00:00",2.64427295,4.08190861666667,9.62343445,1,1,1
"2024-08-13 18:00:00",2.97879085,4.46951843333333,9.44902915,1,1,1
"2024-08-13 19:00:00",3.04667518333333,4.83624035,11.5507675833333,1,1,1
"2024-08-13 20:00:00",3.20793363333333,5.16875183333333,11.6713942666667,1,1,1
"2024-08-13 21:00:00",3.09558386666667,5.10460165,11.31854685,1,1,1
"2024-08-13 22:00:00",3.22859513333333,5.20763328333333,10.0671141166667,1,1,1
"2024-08-13 23:00:00",3.39619381666667,5.08843853333333,8.58615193333333,1,1,1
"2024-08-14 00:00:00",2.93588436666667,3.74960438333333,5.14378741666667,1,1,1
"2024-08-14 01:00:00",2.65598208333333,3.34106951666667,4.75071218333333,1,1,1
"2024-08-14 02:00:00",2.517112,3.08407481666667,4.39358823333333,1,1,1
"2024-08-14 03:00:00",2.13980268333333,3.33676056666667,6.09746495,1,1,1
"2024-08-14 04:00:00",2.70749071666667,4.6835355,8.49741143333333,1,1,1
"2024-08-14 05:00:00",2.88620436666667,4.87205176666667,8.96468225,1,1,1
"2024-08-14 06:00:00",2.2551153,3.58465233333333,6.44496591666667,1,1,1
"2024-08-14 07:00:00",3.72875296666667,5.60530011666667,10.1259666,1,1,1
"2024-08-14 08:00:00",3.37652715,6.11703216666667,13.4501726333333,1,1,1
"2024-08-14 09:00:00",4.13766505,7.13432605,15.30011185,1,1,1
"2024-08-14 10:00:00",3.7580119,6.31890608333333,11.96509965,1,1,1
"2024-08-14 11:00:00",4.28638738333333,6.7155508,12.1317513,1,1,1
"2024-08-14 12:00:00",2.71130366666667,4.35047396666667,7.46106468333333,1,1,1
"2024-08-14 13:00:00",2.98456438333333,4.79407903333333,8.73087258333333,1,1,1
"2024-08-14 14:00:00",3.30924615,5.17756693333333,9.17100691666667,1,1,1
"2024-08-14 15:00:00",4.54809608333333,6.64762513333333,11.8706738833333,1,1,1
"2024-08-14 16:00:00",4.21124378333333,5.98900575,10.7998522166667,1,1,1
"2024-08-14 17:00:00",4.70328095,6.46506676666667,11.7164237166667,1,1,1
"2024-08-14 18:00:00",5.45256278333333,6.95188121666667,11.0255201166667,1,1,1
"2024-08-14 19:00:00",3.49241366666667,4.8253025,8.25220763333333,1,1,1
"2024-08-14 20:00:00",3.32380481666667,4.72363563333333,7.61385226666667,1,1,1
"2024-08-14 21:00:00",4.15703136666667,5.72976356666667,9.05277606666667,1,1,1
"2024-08-14 22:00:00",4.56603576666667,6.04534683333333,8.7910919,1,1,1
"2024-08-14 23:00:00",5.85839638333333,7.42529016666667,10.40072975,1,1,1
"2024-08-15 00:00:00",4.08614895,5.63318766666667,9.35513308333333,1,1,1
"2024-08-15 01:00:00",3.41550628333333,4.85920556666667,7.7988462,1,1,1
"2024-08-15 02:00:00",2.53845153333333,4.0633505,7.05115291666667,1,1,1
"2024-08-15 03:00:00",2.49554423333333,4.24715068333333,7.9680513,1,1,1
"2024-08-15 04:00:00",2.27173728333333,3.80555646666667,6.57167286666667,1,1,1
"2024-08-15 05:00:00",2.11212421666667,3.60379638333333,6.63439836666667,1,1,1
"2024-08-15 06:00:00",2.52902213333333,4.16384475,7.05197835,1,1,1
"2024-08-15 07:00:00",2.4866844,4.36677363333333,8.40567176666667,1,1,1
"2024-08-15 08:00:00",2.46211866666667,4.26345548333333,7.5618055,1,1,1
"2024-08-15 09:00:00",2.29590796666667,3.97970116666667,7.91127445,1,1,1
"2024-08-15 10:00:00",2.0609179,3.50798323333333,7.30576686666667,1,1,1
"2024-08-15 11:00:00",2.25051791666667,3.81246121666667,8.1382106,1,1,1
"2024-08-15 12:00:00",2.32008505,3.74500698333333,8.04173555,1,1,1
"2024-08-15 13:00:00",2.2244202,3.30266983333333,6.8333283,1,1,1
"2024-08-15 14:00:00",2.15722065,3.19135361666667,7.52113188333333,1,1,1
"2024-08-15 15:00:00",2.29985895,3.49332736666667,10.381976,1,1,1
"2024-08-15 16:00:00",2.55671745,3.57411765,8.56592406666667,1,1,1
"2024-08-15 17:00:00",3.13174241666667,4.24666126666667,7.3432331,1,1,1
"2024-08-15 18:00:00",1.7827228,2.49362593333333,4.37699045,1,1,1
"2024-08-15 19:00:00",0.850031466666667,1.24277851666667,2.6149798,1,1,1
"2024-08-15 20:00:00",0.6840499,1.07036046666667,2.66777661666667,1,1,1
"2024-08-15 21:00:00",0.777973883333333,1.38297288333333,4.12484868333333,1,1,1
"2024-08-15 22:00:00",1.32112628333333,2.31758948333333,6.99604951666667,1,1,1
"2024-08-15 23:00:00",5.05515426666667,6.31155713333333,9.76437273333333,1,1,1
"2024-08-16 00:00:00",3.4982346,4.76100905,8.90034861666667,1,1,1
"2024-08-16 01:00:00",2.55115361666667,4.1415561,9.11286558333333,1,1,1
"2024-08-16 02:00:00",2.36376795,3.87092968333333,8.7063622,1,1,1
"2024-08-16 03:00:00",2.89656653333333,4.35939978333333,9.72339846666667,1,1,1
"2024-08-16 04:00:00",3.9837544,5.33781165,9.45970655,1,1,1
"2024-08-16 05:00:00",3.43204858333333,4.71133008333333,8.96486925,1,1,1
"2024-08-16 06:00:00",2.01649348333333,2.99188988333333,6.29934021666667,1,1,1
"2024-08-16 07:00:00",1.9300957,2.93167333333333,6.29147393333333,1,1,1
"2024-08-16 08:00:00",2.3194525,3.51744543333333,7.87171765,1,1,1
"2024-08-16 09:00:00",2.33999295,3.88162508333333,7.70075225,1,1,1
"2024-08-16 10:00:00",2.49567061666667,4.43014676666667,8.68638815,1,1,1
"2024-08-16 11:00:00",2.0671297,3.71315225,7.45327378333333,1,1,1
"2024-08-16 12:00:00",2.3366334,3.73806576666667,6.73235711666667,1,1,1
"2024-08-16 13:00:00",2.12774008333333,3.55796118333333,7.0583801,1,1,1
"2024-08-16 14:00:00",2.30160225,3.71471495,7.14968478333333,1,1,1
"2024-08-16 15:00:00",2.325243,3.65428931666667,6.96191153333333,1,1,1
"2024-08-16 16:00:00",2.28305448333333,3.4820169,6.23474428333333,1,1,1
"2024-08-16 17:00:00",2.31067761666667,3.50139606666667,6.8790767,1,1,1
"2024-08-16 18:00:00",2.45359821666667,3.69630356666667,7.25056456666667,1,1,1
"2024-08-16 19:00:00",2.64097073333333,3.89900428333333,7.02083558333333,1,1,1
"2024-08-16 20:00:00",3.03765896666667,4.34538096666667,7.62534215,1,1,1
"2024-08-16 21:00:00",3.5420996,5.11429393333333,9.34027896666667,1,1,1
"2024-08-16 22:00:00",3.06120295,4.78132446666667,8.78992878333333,1,1,1
"2024-08-16 23:00:00",2.99780156666667,4.63325636666667,8.11261553333333,1,1,1
"2024-08-17 00:00:00",2.50355011666667,4.05872098333333,7.19408865,1,1,1
"2024-08-17 01:00:00",2.11308923333333,3.5556062,6.56754003333333,1,1,1
"2024-08-17 02:00:00",1.89466103333333,3.35983813333333,6.55262921666667,1,1,1
"2024-08-17 03:00:00",2.08717531666667,3.53899106666667,6.46984618333333,1,1,1
"2024-08-17 04:00:00",1.83404071666667,3.11301073333333,5.49111055,1,1,1
"2024-08-17 05:00:00",1.84430833333333,3.10085328333333,5.57140581666667,1,1,1
"2024-08-17 06:00:00",1.9575655,3.1488017,5.7738278,1,1,1
"2024-08-17 07:00:00",1.97734095,3.26158516666667,5.9927974,1,1,1
"2024-08-17 08:00:00",2.29456525,4.09671041666667,8.04910765,1,1,1
"2024-08-17 09:00:00",2.46987096666667,4.32245736666667,7.69700736666667,1,1,1
"2024-08-17 10:00:00",2.57462258333333,4.43054105,8.58881586666667,1,1,1
"2024-08-17 11:00:00",2.15494515,3.58699428333333,6.31726755,1,1,1
"2024-08-17 12:00:00",2.36682711666667,3.60610016666667,6.1035067,1,1,1
"2024-08-17 13:00:00",2.4630679,3.61027421666667,6.4354878,1,1,1
"2024-08-17 14:00:00",2.30086113333333,3.01967655,5.37352633333333,1,1,1
"2024-08-17 15:00:00",2.33283871666667,3.331044,5.83467973333333,1,1,1
"2024-08-17 16:00:00",3.01401366666667,4.00087528333333,6.30395001666667,1,1,1
"2024-08-17 17:00:00",3.37382881666667,4.44580136666667,6.6227428,1,1,1
"2024-08-17 18:00:00",2.87272961666667,3.97560318333333,6.39644453333333,1,1,1
"2024-08-17 19:00:00",3.06085125,4.14703988333333,6.4975695,1,1,1
"2024-08-17 20:00:00",3.20460296666667,4.35916976666667,7.69204495,1,1,1
"2024-08-17 21:00:00",4.05228408333333,5.21483061666667,8.00774298333333,1,1,1
"2024-08-17 22:00:00",6.409767,7.75056163333333,10.7352901833333,1,1,1
"2024-08-17 23:00:00",5.62764633333333,7.08719121666667,10.9262535166667,1,1,1
"2024-08-18 00:00:00",4.11599083333333,5.51372011666667,8.92328625,1,1,1
"2024-08-18 01:00:00",4.36523545,5.71465525,8.33057331666667,1,1,1
"2024-08-18 02:00:00",4.82262651666667,6.05139251666667,8.51382651666667,1,1,1
"2024-08-18 03:00:00",4.86524405,6.1229889,8.35219393333333,1,1,1
"2024-08-18 04:00:00",4.50731143333333,5.88931935,8.05546935,1,1,1
"2024-08-18 05:00:00",4.16062715,5.61339385,7.90304786666667,1,1,1
"2024-08-18 06:00:00",4.17981708333333,5.75892691666667,8.5480612,1,1,1
"2024-08-18 07:00:00",4.37315565,6.12731376666667,9.2230715,1,1,1
"2024-08-18 08:00:00",4.55717536666667,6.4687077,9.83971575,1,1,1
"2024-08-18 09:00:00",4.75841815,6.74875568333333,10.5050031,1,1,1
"2024-08-18 10:00:00",5.05738756666667,7.17667253333333,11.0628198833333,1,1,1
"2024-08-18 11:00:00",5.29249111666667,7.37563528333333,11.0516499166667,1,1,1
"2024-08-18 12:00:00",5.4374068,7.58468426666667,11.4711974333333,1,1,1
"2024-08-18 13:00:00",5.65313721666667,7.77584996666667,11.4149153833333,1,1,1
"2024-08-18 14:00:00",6.12647001666667,8.25088846666667,11.9142031166667,1,1,1
"2024-08-18 15:00:00",8.96419031666667,11.7743242333333,17.1742533,1,1,1
"2024-08-18 16:00:00",13.4559127166667,16.7664407333333,22.3439441666667,1,1,1
"2024-08-18 17:00:00",12.55887325,15.8514217166667,21.09015255,1,1,1
"2024-08-18 18:00:00",10.96647035,14.0305985166667,19.1157669666667,1,1,1
"2024-08-18 19:00:00",12.0152274,14.8263185333333,19.7078299333333,1,1,1
"2024-08-18 20:00:00",13.2150236666667,15.91778365,20.5982255833333,1,1,1
"2024-08-18 21:00:00",11.6706581166667,14.3329009166667,18.4402309,1,1,1
"2024-08-18 22:00:00",12.3685144,14.9937521,19.6778370666667,1,1,1
"2024-08-18 23:00:00",12.6319710666667,15.1789950666667,19.2916792833333,1,1,1
"2024-08-19 00:00:00",12.2779131,14.6550722833333,18.3825275833333,1,1,1
"2024-08-19 01:00:00",11.8960931333333,14.1754587666667,17.73895075,1,1,1
"2024-08-19 02:00:00",11.977218,14.1258488,16.8325665333333,1,1,1
"2024-08-19 03:00:00",12.8736798166667,15.1218918666667,17.9064166166667,1,1,1
"2024-08-19 04:00:00",13.4822470666667,15.8705944833333,18.9687413333333,1,1,1
"2024-08-19 05:00:00",13.6216213166667,16.0468769333333,18.9642083833333,1,1,1
"2024-08-19 06:00:00",13.3926536833333,15.7294559,18.6620284666667,1,1,1
"2024-08-19 07:00:00",13.7642880166667,16.0421212333333,18.6535019,1,1,1
"2024-08-19 08:00:00",13.9098040666667,16.5954133833333,20.9461825666667,1,1,1
"2024-08-19 09:00:00",15.5368437833333,18.2977368666667,22.11696355,1,1,1
"2024-08-19 10:00:00",18.14326335,21.2164502666667,26.89851025,1,1,1
"2024-08-19 11:00:00",17.1343830833333,19.7316150833333,24.2822917,1,1,1
"2024-08-19 12:00:00",19.3024103833333,21.6582235833333,25.98065085,1,1,1
"2024-08-19 13:00:00",17.2843394666667,19.32952995,23.7552136,1,1,1
"2024-08-19 14:00:00",15.1460296166667,16.9024005833333,20.9991120833333,1,1,1
"2024-08-19 15:00:00",18.2905263166667,20.3833304333333,24.6442730666667,1,1,1
"2024-08-19 16:00:00",18.3773514833333,20.4993766833333,24.8156322333333,1,1,1
"2024-08-19 17:00:00",22.86723975,25.7302911166667,31.7796911333333,1,1,1
"2024-08-19 18:00:00",23.7490251166667,26.81196335,32.8138628333333,1,1,1
"2024-08-19 19:00:00",19.2953329,22.15568915,28.9289362166667,1,1,1
"2024-08-19 20:00:00",15.1486743,17.3411300166667,20.6442748833333,1,1,1
"2024-08-19 21:00:00",10.5280235833333,12.1265698333333,14.7750775166667,1,1,1
"2024-08-19 22:00:00",8.70297933333333,10.0470857833333,11.8806090833333,1,1,1
"2024-08-19 23:00:00",7.46384815,8.75628023333333,10.37717245,1,1,1
"2024-08-20 00:00:00",5.99514343333333,7.04898063333333,8.56010638333333,1,1,1
"2024-08-20 01:00:00",4.369951,5.21893736666667,7.03945343333333,1,1,1
"2024-08-20 02:00:00",3.04342665,3.65112183333333,4.58659768333333,1,1,1
"2024-08-20 03:00:00",1.85079166666667,2.26142301666667,3.07611361666667,1,1,1
"2024-08-20 04:00:00",0.93958295,1.24603376666667,1.92825725,1,1,1
"2024-08-20 05:00:00",0.7168736,1.13061736666667,2.10210033333333,1,1,1
"2024-08-20 06:00:00",0.974261366666667,1.42983245,2.58952505,1,1,1
"2024-08-20 07:00:00",1.33577925,1.9118889,3.52106665,1,1,1
"2024-08-20 08:00:00",1.25543405,1.99371303333333,3.7884404,1,1,1
"2024-08-20 09:00:00",2.24483805,3.08734991666667,5.0811968,1,1,1
"2024-08-20 10:00:00",2.67949175,3.4789821,4.93707433333333,1,1,1
"2024-08-20 11:00:00",2.16247315,3.39871066666667,5.98945065,1,1,1
"2024-08-20 12:00:00",1.99780888333333,3.42418785,5.65330481666667,1,1,1
"2024-08-20 13:00:00",1.87554206666667,3.48533883333333,7.4891592,1,1,1
"2024-08-20 14:00:00",1.1949894,2.49610971666667,6.07306923333333,1,1,1
"2024-08-20 15:00:00",1.0751419,2.2498392,5.36625421666667,1,1,1
"2024-08-20 16:00:00",1.15277128333333,2.34380681666667,6.25889393333333,1,1,1
"2024-08-20 17:00:00",0.959484616666667,2.06249531666667,5.76841676666667,1,1,1
"2024-08-20 18:00:00",1.12838688333333,2.3611867,5.78631408333333,1,1,1
"2024-08-20 19:00:00",1.3270203,2.85784056666667,6.73404186666667,1,1,1
"2024-08-20 20:00:00",NA,NA,NA,2,2,2
"2024-08-20 21:00:00",1.67493278333333,3.497109,7.25330605,1,1,1
"2024-08-20 22:00:00",1.92717395,3.61757498333333,7.01531313333333,1,1,1
"2024-08-20 23:00:00",2.07211698333333,4.05158071666667,7.71352423333333,1,1,1
"2024-08-21 00:00:00",2.12470836666667,4.05877388333333,8.1191645,1,1,1
"2024-08-21 01:00:00",1.95323001666667,4.07253775,7.98148126666667,1,1,1
"2024-08-21 02:00:00",2.07723225,4.49096778333333,9.166063,1,1,1
"2024-08-21 03:00:00",2.08355806666667,4.33106025,8.57286983333333,1,1,1
"2024-08-21 04:00:00",1.9226392,4.13877903333333,8.2129975,1,1,1
"2024-08-21 05:00:00",1.85933071666667,4.10158795,8.09720965,1,1,1
"2024-08-21 06:00:00",1.9330281,3.91624891666667,6.96619215,1,1,1
"2024-08-21 07:00:00",2.3701888,4.5616407,8.0954753,1,1,1
"2024-08-21 08:00:00",2.22457736666667,4.89718605,10.1003725333333,1,1,1
"2024-08-21 09:00:00",2.46467365,5.6673694,12.2892754833333,1,1,1
"2024-08-21 10:00:00",2.32717276666667,5.21149251666667,10.5282050833333,1,1,1
"2024-08-21 11:00:00",1.93220773333333,4.2468484,8.46688756666667,1,1,1
"2024-08-21 12:00:00",NA,NA,NA,2,2,2
"2024-08-21 13:00:00",2.05654323333333,4.18124363333333,9.01923335,1,1,1
"2024-08-21 14:00:00",NA,NA,NA,2,2,2
"2024-08-21 15:00:00",NA,NA,NA,2,2,2
"2024-08-21 16:00:00",NA,NA,NA,2,2,2
"2024-08-21 17:00:00",2.97962571666667,4.6749475,9.19320655,1,1,1
"2024-08-21 18:00:00",3.44738183333333,5.05360675,9.5512371,1,1,1
"2024-08-21 19:00:00",3.8262848,5.5620853,10.9961894166667,1,1,1
"2024-08-21 20:00:00",2.86299875,4.71222891666667,9.11483971666667,1,1,1
"2024-08-21 21:00:00",2.82208645,4.51750086666667,8.12760773333333,1,1,1
"2024-08-21 22:00:00",3.35332381355932,4.89799552542373,8.35143703389831,1,1,1
"2024-08-21 23:00:00",4.49301853333333,6.24017295,10.31450725,1,1,1
"2024-08-22 00:00:00",4.74563085,6.52076268333333,9.7283944,1,1,1
"2024-08-22 01:00:00",5.1888827,7.01608791666667,10.4178839666667,1,1,1
"2024-08-22 02:00:00",5.0744823,6.94932143333333,10.0246043833333,1,1,1
"2024-08-22 03:00:00",4.33898371666667,6.14406763333333,9.08233863333333,1,1,1
"2024-08-22 04:00:00",3.45604651666667,5.54245136666667,9.04020471666667,1,1,1
"2024-08-22 05:00:00",2.99049481666667,5.09947036666667,8.67170595,1,1,1
"2024-08-22 06:00:00",3.05807915,5.32908495,9.25704248333333,1,1,1
"2024-08-22 07:00:00",3.22116116666667,5.7950391,10.6889568,1,1,1
"2024-08-22 08:00:00",3.35426923333333,6.05949728333333,11.3894047166667,1,1,1
"2024-08-22 09:00:00",2.7314044,4.59396748333333,8.09112536666667,1,1,1
"2024-08-22 10:00:00",2.37790218333333,3.67390063333333,5.51884406666667,1,1,1
"2024-08-22 11:00:00",2.14998893333333,3.22459386666667,4.9434525,1,1,1
"2024-08-22 12:00:00",1.46484725,2.16522908333333,3.6892263,1,1,1
"2024-08-22 13:00:00",0.86604235,1.42616515,4.14604805,1,1,1
"2024-08-22 14:00:00",1.04524613333333,1.67359128333333,4.4058713,1,1,1
"2024-08-22 15:00:00",1.02894678333333,1.52925856666667,3.7766007,1,1,1
"2024-08-22 16:00:00",1.0676256,1.51741675,3.67874445,1,1,1
"2024-08-22 17:00:00",1.6436778,2.30670406666667,4.60185995,1,1,1
"2024-08-22 18:00:00",1.47217511666667,2.19016365,5.67507625,1,1,1
"2024-08-22 19:00:00",1.6827829,2.43818238333333,5.25930345,1,1,1
"2024-08-22 20:00:00",2.3965613,3.7439423,7.62242696666667,1,1,1
"2024-08-22 21:00:00",2.61021336666667,4.64867043333333,9.35955491666667,1,1,1
"2024-08-22 22:00:00",3.85911991666667,7.67066156666667,14.0590143,1,1,1
"2024-08-22 23:00:00",4.24628438333333,8.51961543333333,15.5532170666667,1,1,1
"2024-08-23 00:00:00",4.88039388333333,8.45349276666667,12.4742720333333,1,1,1
"2024-08-23 01:00:00",5.23152621666667,8.55617318333333,12.10148595,1,1,1
"2024-08-23 02:00:00",3.32540078333333,5.39976728333333,7.62132658333333,1,1,1
"2024-08-23 03:00:00",2.28730476666667,3.15194253333333,4.01790891666667,1,1,1
"2024-08-23 04:00:00",2.30402046666667,3.29660985,4.73355341666667,1,1,1
"2024-08-23 05:00:00",1.68450838333333,2.38239793333333,3.29678176666667,1,1,1
"2024-08-23 06:00:00",0.773664716666667,1.19513681666667,1.82395498333333,1,1,1
"2024-08-23 07:00:00",NA,NA,NA,3,3,3
"2024-08-23 08:00:00",1.88428036666667,2.79583078333333,6.45255415,1,1,1
"2024-08-23 09:00:00",1.32075618333333,2.64790736666667,5.97276733333333,1,1,1
"2024-08-23 10:00:00",1.74924111666667,2.96167566666667,6.5036016,1,1,1
"2024-08-23 11:00:00",1.54530746666667,2.71842978333333,6.07789913333333,1,1,1
"2024-08-23 12:00:00",1.60272043333333,2.81087745,6.1199314,1,1,1
"2024-08-23 13:00:00",2.01890121666667,3.19246503333333,6.5495648,1,1,1
"2024-08-23 14:00:00",2.63559501666667,3.87447001666667,6.58260655,1,1,1
"2024-08-23 15:00:00",2.76522946666667,4.37307486666667,8.6044672,1,1,1
"2024-08-23 16:00:00",2.5960324,3.95788386666667,6.9534519,1,1,1
"2024-08-23 17:00:00",2.68256765,4.10081823333333,7.49793181666667,1,1,1
"2024-08-23 18:00:00",NA,NA,NA,2,2,2
"2024-08-23 19:00:00",NA,NA,NA,2,2,2
"2024-08-23 20:00:00",NA,NA,NA,2,2,2
"2024-08-23 21:00:00",NA,NA,NA,2,2,2
"2024-08-23 22:00:00",3.46999156666667,5.4576968,9.82069956666667,1,1,1
"2024-08-23 23:00:00",3.45621761666667,5.49568718333333,9.91460765,1,1,1
"2024-08-24 00:00:00",3.4247163,5.55784118333333,9.88962476666667,1,1,1
"2024-08-24 01:00:00",3.58634386666667,5.82154876666667,10.6080998333333,1,1,1
"2024-08-24 02:00:00",3.50900035,5.38074818333333,8.54625715,1,1,1
"2024-08-24 03:00:00",3.75684305,5.77541481666667,9.33054603333333,1,1,1
"2024-08-24 04:00:00",3.10810795,4.93822923333333,7.48396185,1,1,1
"2024-08-24 05:00:00",3.0005574,4.73997998333333,6.83061665,1,1,1
"2024-08-24 06:00:00",2.96208846666667,4.62891023333333,6.79905728333333,1,1,1
"2024-08-24 07:00:00",3.0672731,4.6566518,6.522636,1,1,1
"2024-08-24 08:00:00",2.99071596666667,4.51707203333333,6.3354502,1,1,1
"2024-08-24 09:00:00",2.2180371,3.11264363333333,4.35344611666667,1,1,1
"2024-08-24 10:00:00",2.04306885,2.85870931666667,4.01846496666667,1,1,1
"2024-08-24 11:00:00",2.06215001666667,2.77358888333333,3.71612998333333,1,1,1
"2024-08-24 12:00:00",1.52333333333333,1.95784278333333,2.62910695,1,1,1
"2024-08-24 13:00:00",2.16443201666667,2.7811549,3.92442661666667,1,1,1
"2024-08-24 14:00:00",2.19862806666667,3.06593183333333,5.01243416666667,1,1,1
"2024-08-24 15:00:00",2.09460161666667,2.97302526666667,4.73803533333333,1,1,1
"2024-08-24 16:00:00",1.96860953333333,3.00905103333333,5.57775671666667,1,1,1
"2024-08-24 17:00:00",1.33870876666667,2.34768588333333,4.96610221666667,1,1,1
"2024-08-24 18:00:00",1.20633341666667,2.07216605,4.01028415,1,1,1
"2024-08-24 19:00:00",1.3501879,2.22841841666667,4.66198355,1,1,1
"2024-08-24 20:00:00",1.4633471,2.25379543333333,4.37930821666667,1,1,1
"2024-08-24 21:00:00",1.51584373333333,2.37151836666667,4.36144503333333,1,1,1
"2024-08-24 22:00:00",3.9337349,5.02408888333333,7.15328475,1,1,1
"2024-08-24 23:00:00",2.229752,3.38653046666667,6.27023288333333,1,1,1
"2024-08-25 00:00:00",2.46149695,3.7826945,6.51059503333333,1,1,1
"2024-08-25 01:00:00",3.97811708333333,5.29290221666667,7.82879951666667,1,1,1
"2024-08-25 02:00:00",4.77584226666667,5.96046413333333,7.9082909,1,1,1
"2024-08-25 03:00:00",4.59184415,5.82875668333333,8.10968888333333,1,1,1
"2024-08-25 04:00:00",3.49500196666667,4.87756338333333,7.71741771666667,1,1,1
"2024-08-25 05:00:00",3.14128871666667,4.7290862,7.30658153333333,1,1,1
"2024-08-25 06:00:00",3.37111226666667,5.19394341666667,8.45514208333333,1,1,1
"2024-08-25 07:00:00",3.13356355,5.14440706666667,8.45378461666667,1,1,1
"2024-08-25 08:00:00",3.08619065,5.73461966666667,10.0256475333333,1,1,1
"2024-08-25 09:00:00",3.16583996666667,6.0082185,10.79027915,1,1,1
"2024-08-25 10:00:00",3.1107984,5.96713433333333,10.7315373333333,1,1,1
"2024-08-25 11:00:00",3.05621255,6.07233108333333,11.0582460333333,1,1,1
"2024-08-25 12:00:00",2.67288338333333,5.10794468333333,9.90993671666667,1,1,1
"2024-08-25 13:00:00",2.55265396666667,4.61968473333333,8.61096473333333,1,1,1
"2024-08-25 14:00:00",2.06304325,3.8319907,7.36998941666667,1,1,1
"2024-08-25 15:00:00",2.05976123333333,3.60891721666667,6.34416343333333,1,1,1
"2024-08-25 16:00:00",2.2215019,3.44743725,5.55715761666667,1,1,1
"2024-08-25 17:00:00",2.84990341666667,4.2944437,6.95888986666667,1,1,1
"2024-08-25 18:00:00",3.4976858,5.2768822,9.09758118333333,1,1,1
"2024-08-25 19:00:00",3.6218398,5.18858615,7.69264415,1,1,1
"2024-08-25 20:00:00",2.81083528333333,3.97174993333333,6.14068096666667,1,1,1
"2024-08-25 21:00:00",2.8140349,3.94499685,5.77891278333333,1,1,1
"2024-08-25 22:00:00",2.89841288333333,4.04768716666667,5.84289386666667,1,1,1
"2024-08-25 23:00:00",3.01037496666667,4.17404438333333,5.77319915,1,1,1
"2024-08-26 00:00:00",4.09182425,5.85596131666667,8.75238168333333,1,1,1
"2024-08-26 01:00:00",6.6981112,9.12949243333333,12.0656063,1,1,1
"2024-08-26 02:00:00",10.18387685,13.1618914333333,16.8194363833333,1,1,1
"2024-08-26 03:00:00",12.8536788,15.9556310166667,19.3541881166667,1,1,1
"2024-08-26 04:00:00",10.4206623666667,13.2155902333333,16.4689297333333,1,1,1
"2024-08-26 05:00:00",10.9124140166667,14.0399089666667,18.4453209166667,1,1,1
"2024-08-26 06:00:00",11.2308574166667,14.8086272666667,19.69630175,1,1,1
"2024-08-26 07:00:00",10.955493,14.7399798166667,20.1416081166667,1,1,1
"2024-08-26 08:00:00",10.2214492,14.5932680833333,20.6277699333333,1,1,1
"2024-08-26 09:00:00",10.0473669,14.91114785,22.50233855,1,1,1
"2024-08-26 10:00:00",9.40198351666667,14.3918123166667,21.63703725,1,1,1
"2024-08-26 11:00:00",10.0415761,14.8792202,21.8072194333333,1,1,1
"2024-08-26 12:00:00",12.5358340166667,16.9495445166667,23.3932026333333,1,1,1
"2024-08-26 13:00:00",13.7066604666667,16.80740645,20.9766162666667,1,1,1
"2024-08-26 14:00:00",14.8661293,18.3686136,23.5421079666667,1,1,1
"2024-08-26 15:00:00",13.4109809333333,17.2402041833333,22.6368913166667,1,1,1
"2024-08-26 16:00:00",12.98112495,16.8830310666667,22.0434433833333,1,1,1
"2024-08-26 17:00:00",16.7061389666667,20.7908660833333,25.8086845333333,1,1,1
"2024-08-26 18:00:00",24.3197017833333,28.7989634166667,33.5845353166667,1,1,1
"2024-08-26 19:00:00",25.3079662333333,29.4489515333333,34.0138960166667,1,1,1
"2024-08-26 20:00:00",20.1385030333333,23.90620085,28.3476769166667,1,1,1
"2024-08-26 21:00:00",11.5150935,14.9978700833333,19.9259131666667,1,1,1
"2024-08-26 22:00:00",10.1108075833333,13.4886643,17.6473907333333,1,1,1
"2024-08-26 23:00:00",7.91363518333333,11.1887587,15.5642589833333,1,1,1
"2024-08-27 00:00:00",7.30744791666667,10.55975805,14.3805713166667,1,1,1
"2024-08-27 01:00:00",7.2685494,10.6041044333333,14.6873357166667,1,1,1
"2024-08-27 02:00:00",7.04281578333333,10.4513023833333,14.1456021166667,1,1,1
"2024-08-27 03:00:00",5.96961611666667,9.06392495,12.5415305166667,1,1,1
"2024-08-27 04:00:00",5.18623685,8.05473896666667,11.1384760833333,1,1,1
"2024-08-27 05:00:00",4.39211453333333,6.81985121666667,9.45748383333333,1,1,1
"2024-08-27 06:00:00",4.20606965,6.5047613,9.2724625,1,1,1
"2024-08-27 07:00:00",3.84592233333333,6.05121093333333,8.57437228333333,1,1,1
"2024-08-27 08:00:00",3.1506361,4.92145473333333,7.04609828333333,1,1,1
"2024-08-27 09:00:00",3.17519011666667,5.29036168333333,8.34964205,1,1,1
"2024-08-27 10:00:00",3.4563858,5.72329586666667,9.94461535,1,1,1
"2024-08-27 11:00:00",3.41659618333333,5.49316593333333,9.05217948333333,1,1,1
"2024-08-27 12:00:00",3.91000821666667,5.92546751666667,9.41373473333333,1,1,1
"2024-08-27 13:00:00",4.39049311666667,6.44622186666667,10.3111389666667,1,1,1
"2024-08-27 14:00:00",4.79389371666667,6.87894686666667,11.4019365166667,1,1,1
"2024-08-27 15:00:00",4.63095406666667,6.5144695,12.17954915,1,1,1
"2024-08-27 16:00:00",5.19354323333333,7.04346755,12.131354,1,1,1
"2024-08-27 17:00:00",4.73272305,6.40060856666667,11.3326616333333,1,1,1
"2024-08-27 18:00:00",4.32747588333333,6.03627115,11.11288,1,1,1
"2024-08-27 19:00:00",4.71787038333333,6.41179951666667,11.0384298666667,1,1,1
"2024-08-27 20:00:00",5.14016513333333,6.91780293333333,11.9472125666667,1,1,1
"2024-08-27 21:00:00",5.36522525,7.06972476666667,11.27239175,1,1,1
"2024-08-27 22:00:00",5.6542974,7.23805063333333,10.28590955,1,1,1
"2024-08-27 23:00:00",6.25794011666667,7.80776708333333,11.2995380666667,1,1,1
"2024-08-28 00:00:00",6.19297861666667,7.92687586666667,11.9794702833333,1,1,1
"2024-08-28 01:00:00",5.74725071666667,7.43215066666667,11.4999583833333,1,1,1
"2024-08-28 02:00:00",5.0333116,6.39022805,8.9724364,1,1,1
"2024-08-28 03:00:00",4.67215638333333,6.01296833333333,9.02003456666667,1,1,1
"2024-08-28 04:00:00",5.04380216666667,6.4388574,9.41695123333333,1,1,1
"2024-08-28 05:00:00",5.46075085,7.05522228333333,11.0403621166667,1,1,1
"2024-08-28 06:00:00",5.54263203333333,6.9402627,10.3269705166667,1,1,1
"2024-08-28 07:00:00",6.06100228333333,7.55564641666667,11.0798927333333,1,1,1
"2024-08-28 08:00:00",6.42181238333333,8.1251522,12.0278911666667,1,1,1
"2024-08-28 09:00:00",6.53763173333333,8.39530475,12.7555667166667,1,1,1
"2024-08-28 10:00:00",7.62075548333333,9.7575838,15.4181235,1,1,1
"2024-08-28 11:00:00",7.56602785,9.74841473333333,16.0641974833333,1,1,1
"2024-08-28 12:00:00",8.5656193,10.6832128833333,17.2865958833333,1,1,1
"2024-08-28 13:00:00",9.82483768333333,12.0572333333333,18.92019575,1,1,1
"2024-08-28 14:00:00",10.4550869333333,12.7249471333333,20.8518299333333,1,1,1
"2024-08-28 15:00:00",11.7491914666667,14.1879719666667,23.0252401333333,1,1,1
"2024-08-28 16:00:00",11.7577730666667,14.0390885333333,20.8422541833333,1,1,1
"2024-08-28 17:00:00",11.6776658833333,14.1144264333333,20.7773024333333,1,1,1
"2024-08-28 18:00:00",8.67385285,10.5238409666667,15.96551585,1,1,1
"2024-08-28 19:00:00",4.63243995,5.47304503333333,7.84467703333333,1,1,1
"2024-08-28 20:00:00",4.70583055,5.64693921666667,8.78192178333333,1,1,1
"2024-08-28 21:00:00",5.41356323333333,6.43575956666667,9.32093395,1,1,1
"2024-08-28 22:00:00",4.5217696,5.26195003333333,7.48148465,1,1,1
"2024-08-28 23:00:00",4.16431355,5.1572939,6.96362901666667,1,1,1
"2024-08-29 00:00:00",4.44390786666667,5.61508151666667,8.02526003333333,1,1,1
"2024-08-29 01:00:00",4.39562173333333,5.58916555,7.57650393333333,1,1,1
"2024-08-29 02:00:00",4.08043376666667,5.27952,7.18901431666667,1,1,1
"2024-08-29 03:00:00",4.21817318333333,5.69414488333333,7.9294219,1,1,1
"2024-08-29 04:00:00",3.98180963333333,5.71645898333333,8.72197001666667,1,1,1
"2024-08-29 05:00:00",4.00748278333333,5.96359056666667,9.02429845,1,1,1
"2024-08-29 06:00:00",4.2442832,6.28752396666667,9.51951283333333,1,1,1
"2024-08-29 07:00:00",4.34284073333333,6.5626064,9.89379475,1,1,1
"2024-08-29 08:00:00",4.17608941666667,6.72957605,10.53461195,1,1,1
"2024-08-29 09:00:00",4.14344205,6.7898341,10.6638053166667,1,1,1
"2024-08-29 10:00:00",4.30814245,7.0316558,12.0830387333333,1,1,1
"2024-08-29 11:00:00",4.53849815,6.96662805,11.19583105,1,1,1
"2024-08-29 12:00:00",3.80725338333333,5.66815066666667,8.82723276666667,1,1,1
"2024-08-29 13:00:00",4.03408233333333,5.80275623333333,9.13283106666667,1,1,1
"2024-08-29 14:00:00",4.62444271666667,6.4881092,10.4634939,1,1,1
"2024-08-29 15:00:00",6.0181768,7.78946193333333,11.4002231,1,1,1
"2024-08-29 16:00:00",8.40609776666667,10.4310116166667,14.1705226333333,1,1,1
"2024-08-29 17:00:00",10.2557132166667,12.3180699833333,16.1623645,1,1,1
"2024-08-29 18:00:00",10.0869556833333,12.2138841166667,16.794506,1,1,1
"2024-08-29 19:00:00",11.76505025,14.0390466333333,18.60499905,1,1,1
"2024-08-29 20:00:00",13.8463241,16.5094337333333,22.21653985,1,1,1
"2024-08-29 21:00:00",14.3454438666667,17.10614905,21.9881922333333,1,1,1
"2024-08-29 22:00:00",14.9875859333333,17.51000275,21.9809141666667,1,1,1
"2024-08-29 23:00:00",15.4922998833333,17.7147492166667,21.93650035,1,1,1
"2024-08-30 00:00:00",14.49500455,16.5801603666667,20.3534345333333,1,1,1
"2024-08-30 01:00:00",13.0097606666667,14.9524889,18.2773635833333,1,1,1
"2024-08-30 02:00:00",13.0608274,14.9176509666667,17.3763133666667,1,1,1
"2024-08-30 03:00:00",10.30874385,11.8673742333333,14.1603504166667,1,1,1
"2024-08-30 04:00:00",10.6605963333333,12.2909476666667,14.8113120166667,1,1,1
"2024-08-30 05:00:00",10.1001020666667,11.5400429166667,13.6976835833333,1,1,1
"2024-08-30 06:00:00",10.41812785,11.8770477333333,13.7163192666667,1,1,1
"2024-08-30 07:00:00",10.0936525833333,11.5779635666667,13.4692394333333,1,1,1
"2024-08-30 08:00:00",8.80622926666667,10.2016066833333,12.68760115,1,1,1
"2024-08-30 09:00:00",9.27517626666667,12.1753111,21.1701662833333,1,1,1
"2024-08-30 10:00:00",7.4795281,10.5039555166667,20.1658878333333,1,1,1
"2024-08-30 11:00:00",7.30781088333333,9.77256183333333,15.5566416166667,1,1,1
"2024-08-30 12:00:00",5.88151285,7.96347128333333,13.26233875,1,1,1
"2024-08-30 13:00:00",5.0140302,6.7030575,11.4368549666667,1,1,1
"2024-08-30 14:00:00",4.03263578333333,5.16652035,8.70678535,1,1,1
"2024-08-30 15:00:00",4.29527516666667,5.54721398333333,9.98361788333333,1,1,1
"2024-08-30 16:00:00",4.98202148333333,6.55545668333333,12.45105185,1,1,1
"2024-08-30 17:00:00",5.16572281666667,6.8765162,13.5319165833333,1,1,1
"2024-08-30 18:00:00",4.88070463333333,6.3876938,12.1000613833333,1,1,1
"2024-08-30 19:00:00",5.49306116666667,6.91216655,11.8484511333333,1,1,1
"2024-08-30 20:00:00",5.42635718333333,6.9223302,11.5783495333333,1,1,1
"2024-08-30 21:00:00",6.23336523333333,7.90552328333333,13.5923632,1,1,1
"2024-08-30 22:00:00",8.51882121666667,10.6600237833333,19.2319098333333,1,1,1
"2024-08-30 23:00:00",7.00257461666667,8.94884221666667,16.8361015,1,1,1
"2024-08-31 00:00:00",9.27248075,11.1072993833333,16.11035725,1,1,1
"2024-08-31 01:00:00",11.5313857166667,13.5769748833333,19.5574627666667,1,1,1
"2024-08-31 02:00:00",13.57725745,15.6811453833333,20.48186935,1,1,1
"2024-08-31 03:00:00",15.8901354333333,18.1274158,22.3799016,1,1,1
"2024-08-31 04:00:00",17.2242744666667,19.4938867833333,23.1593946833333,1,1,1
"2024-08-31 05:00:00",17.5187919666667,19.6016563833333,22.82571725,1,1,1
"2024-08-31 06:00:00",17.8612644333333,20.1504010166667,23.2813846166667,1,1,1
"2024-08-31 07:00:00",18.43736025,21.0307853833333,24.54737795,1,1,1
"2024-08-31 08:00:00",18.0966546666667,20.8399405666667,24.2511609,1,1,1
"2024-08-31 09:00:00",16.85382745,19.6894277333333,24.7677574333333,1,1,1
"2024-08-31 10:00:00",15.2100775333333,17.9727322,23.6302266666667,1,1,1
"2024-08-31 11:00:00",14.5294427333333,16.99539145,21.758688,1,1,1
"2024-08-31 12:00:00",12.5065315,14.5155998666667,19.54834475,1,1,1
"2024-08-31 13:00:00",12.1864723666667,14.1980039833333,18.9798503666667,1,1,1
"2024-08-31 14:00:00",11.6611312166667,13.6642461,19.450727,1,1,1
"2024-08-31 15:00:00",10.88977245,12.88338075,19.2537584,1,1,1
"2024-08-31 16:00:00",11.2802980333333,13.3445216666667,19.10664925,1,1,1
"2024-08-31 17:00:00",11.1714532333333,13.6862002333333,21.3864489166667,1,1,1
"2024-08-31 18:00:00",10.47852935,13.11719845,21.0416272666667,1,1,1
"2024-08-31 19:00:00",10.0031458666667,12.7363264,20.86486815,1,1,1
"2024-08-31 20:00:00",9.64338496666667,12.0381279666667,17.46295905,1,1,1
"2024-08-31 21:00:00",10.1648539333333,12.78996895,18.3281541666667,1,1,1
"2024-08-31 22:00:00",9.38007196666667,12.1091269833333,17.6029382666667,1,1,1
"2024-08-31 23:00:00",9.41321491666667,12.0775092333333,17.2098102166667,1,1,1
