"datetime","Rain_Intensity","Total_Precip","Liquid_Precip","Solid_Precip","Precipitation.amount","Air_Temp","RH","qc_flag_Rain_Intensity","qc_flag_Total_Precip","qc_flag_Liquid_Precip","qc_flag_Solid_Precip","qc_flag_Precipitation_amount","qc_flag_Air_Temp","qc_flag_RH","Precipitation_amount","qc_flag_Relative_Humidity_pct"
"2020-06-01 00:00:00",0,0,0,0,13.13,-9.9,100,"1b","1b","1b","1b","1b","1b",1,NA,"b"
"2020-06-01 01:00:00",0,0,0,0,13.13,-9.9,100,"1b","1b","1b","1b","1b","1b",1,NA,"b"
"2020-06-01 02:00:00",0,0,0,0,13.13,-9.9,100,"1b","1b","1b","1b","1b","1b",1,NA,"b"
"2020-06-01 03:00:00",0,0,0,0,13.13,-9.9,100,"1b","1b","1b","1b","1b","1b",1,NA,"b"
"2020-06-01 04:00:00",0,0,0,0,13.13,-9.9,99.7333333333333,"1b","1b","1b","1b","1b","1b",1,NA,"b"
"2020-06-01 05:00:00",0,0,0,0,13.13,-9.9,100,"1b","1b","1b","1b","1b","1b",1,NA,"b"
"2020-06-01 06:00:00",0,0,0,0,13.13,-9.9,100,"1b","1b","1b","1b","1b","1b",1,NA,"b"
"2020-06-01 07:00:00",0,0,0,0,13.13,-9.9,99.9333333333333,"1b","1b","1b","1b","1b","1b",1,NA,"b"
"2020-06-01 08:00:00",0,0,0,0,13.13,-9.9,99.65,"1b","1b","1b","1b","1b","1b",1,NA,"b"
"2020-06-01 09:00:00",0,0,0,0,13.13,-9.9,99.9333333333333,"1b","1b","1b","1b","1b","1b",1,NA,"b"
"2020-06-01 10:00:00",0,0,0,0,13.13,-9.9,99.9166666666667,"1b","1b","1b","1b","1b","1b",1,NA,"b"
"2020-06-01 11:00:00",0,0,0,0,13.13,-9.9,99.7333333333333,"1b","1b","1b","1b","1b","1b",1,NA,"b"
"2020-06-01 12:00:00",0,0,0,0,13.13,-9.9,99.8666666666667,"1b","1b","1b","1b","1b","1b",1,NA,"b"
"2020-06-01 13:00:00",0,0,0,0,13.13,-9.9,99.6166666666667,"1b","1b","1b","1b","1b","1b",1,NA,"b"
"2020-06-01 14:00:00",0,0,0,0,13.13,-9.9,99.9333333333333,"1b","1b","1b","1b","1b","1b",1,NA,"b"
"2020-06-01 15:00:00",0,0,0,0,13.13,-9.9,99.9,"1b","1b","1b","1b","1b","1b",1,NA,"b"
"2020-06-01 16:00:00",0,0,0,0,13.13,-9.9,99.9333333333333,"1b","1b","1b","1b","1b","1b",1,NA,"b"
"2020-06-01 17:00:00",0,0,0,0,13.13,-9.9,99.9333333333333,"1b","1b","1b","1b","1b","1b",1,NA,"b"
"2020-06-01 18:00:00",0,0,0,0,13.13,-9.9,99.8166666666667,"1b","1b","1b","1b","1b","1b",1,NA,"b"
"2020-06-01 19:00:00",0,0,0,0,13.13,-9.9,99.7333333333333,"1b","1b","1b","1b","1b","1b",1,NA,"b"
"2020-06-01 20:00:00",0,0,0,0,13.13,-9.9,99.8666666666667,"1b","1b","1b","1b","1b","1b",1,NA,"b"
"2020-06-01 21:00:00",0,0,0,0,13.13,-9.9,99.8833333333333,"1b","1b","1b","1b","1b","1b",1,NA,"b"
"2020-06-01 22:00:00",0,0,0,0,13.13,-9.9,100,"1b","1b","1b","1b","1b","1b",1,NA,"b"
"2020-06-01 23:00:00",0,0,0,0,13.13,-9.9,99.9333333333333,"1b","1b","1b","1b","1b","1b",1,NA,"b"
"2020-06-02 00:00:00",0,0,0,0,13.13,-9.9,100,"1b","1b","1b","1b","1b","1b",1,NA,"b"
"2020-06-02 01:00:00",0,0,0,0,13.13,-9.9,100,"1b","1b","1b","1b","1b","1b",1,NA,"b"
"2020-06-02 02:00:00",0,0,0,0,13.13,-9.9,100,"1b","1b","1b","1b","1b","1b",1,NA,"b"
"2020-06-02 03:00:00",0,0,0,0,13.13,-9.9,100,"1b","1b","1b","1b","1b","1b",1,NA,"b"
"2020-06-02 04:00:00",0,0,0,0,13.13,-9.9,100,"1b","1b","1b","1b","1b","1b",1,NA,"b"
"2020-06-02 05:00:00",0,0,0,0,13.13,-9.9,100,"1b","1b","1b","1b","1b","1b",1,NA,"b"
"2020-06-02 06:00:00",0,0,0,0,13.13,-9.9,100,"1b","1b","1b","1b","1b","1b",1,NA,"b"
"2020-06-02 07:00:00",0,0,0,0,13.13,-9.9,99.9333333333333,"1b","1b","1b","1b","1b","1b",1,NA,"b"
"2020-06-02 08:00:00",0,0,0,0,13.13,-9.9,100,"1b","1b","1b","1b","1b","1b",1,NA,"b"
"2020-06-02 09:00:00",0,0,0,0,13.13,-9.9,99.9333333333333,"1b","1b","1b","1b","1b","1b",1,NA,"b"
"2020-06-02 10:00:00",0,0,0,0,13.13,-9.9,99.9333333333333,"1b","1b","1b","1b","1b","1b",1,NA,"b"
"2020-06-02 11:00:00",0,0,0,0,13.13,-9.9,99.8666666666667,"1b","1b","1b","1b","1b","1b",1,NA,"b"
"2020-06-02 12:00:00",0,0,0,0,13.13,-9.9,100,"1b","1b","1b","1b","1b","1b",1,NA,"b"
"2020-06-02 13:00:00",0,0,0,0,13.13,-9.9,100,"1b","1b","1b","1b","1b","1b",1,NA,"b"
"2020-06-02 14:00:00",0,0,0,0,13.13,-9.9,99.8833333333333,"1b","1b","1b","1b","1b","1b",1,NA,"b"
"2020-06-02 15:00:00",0,0,0,0,13.13,-9.9,99.8666666666667,"1b","1b","1b","1b","1b","1b",1,NA,"b"
"2020-06-02 16:00:00",0,0,0,0,13.13,-9.9,99.9333333333333,"1b","1b","1b","1b","1b","1b",1,NA,"b"
"2020-06-02 17:00:00",0,0,0,0,13.13,-9.9,99.8666666666667,"1b","1b","1b","1b","1b","1b",1,NA,"b"
"2020-06-02 18:00:00",0,0,0,0,13.13,-9.9,100,"1b","1b","1b","1b","1b","1b",1,NA,"b"
"2020-06-02 19:00:00",0,0,0,0,13.13,-9.9,99.9333333333333,"1b","1b","1b","1b","1b","1b",1,NA,"b"
"2020-06-02 20:00:00",0,0,0,0,13.13,-9.9,99.9333333333333,"1b","1b","1b","1b","1b","1b",1,NA,"b"
"2020-06-02 21:00:00",0,0,0,0,13.13,-9.9,100,"1b","1b","1b","1b","1b","1b",1,NA,"b"
"2020-06-02 22:00:00",0,0,0,0,13.13,-9.9,100,"1b","1b","1b","1b","1b","1b",1,NA,"b"
"2020-06-02 23:00:00",0,0,0,0,13.13,-9.9,100,"1b","1b","1b","1b","1b","1b",1,NA,"b"
"2020-06-03 00:00:00",0,0,0,0,13.13,-9.9,100,"1b","1b","1b","1b","1b","1b",1,NA,"b"
"2020-06-03 01:00:00",0,0,0,0,13.13,-9.9,100,"1b","1b","1b","1b","1b","1b",1,NA,"b"
"2020-06-03 02:00:00",0,0,0,0,13.13,-9.9,100,"1b","1b","1b","1b","1b","1b",1,NA,"b"
"2020-06-03 03:00:00",0.0577,0.0593666666666667,0.0593666666666667,0,13.1416666666667,-0.413333333333334,93.75,"1b","1b","1b","1b","1b","1b",1,NA,"b"
"2020-06-03 04:00:00",0.04965,0.0485166666666667,0.0485166666666667,0,13.2123333333333,0.621666666666667,90.55,"1b","1b","1b","1b","1b","1b",1,NA,"b"
"2020-06-03 05:00:00",0.00225,0.00175,0.00175,0,13.2321666666667,-8.79,89.5666666666667,"1b","1b","1b","1b","1b","1b",1,NA,"b"
"2020-06-03 06:00:00",0.0199166666666667,0.02605,0.02605,0,13.2415,-5.18333333333333,96.1,"1b","1b","1b","1b","1b","1b",1,NA,"b"
"2020-06-03 07:00:00",0.1439,0.141783333333333,0.141783333333333,0,13.3513333333333,9.28333333333333,100,"1b","1b","1b","1b","1b","1b",1,NA,"b"
"2020-06-03 08:00:00",0.0641833333333333,0.0609,0.0609,0,13.4441666666667,3.42,96.8166666666667,"1b","1b","1b","1b","1b","1b",1,NA,"b"
"2020-06-03 09:00:00",0.143816666666667,0.149866666666667,0.149866666666667,0,13.5331666666667,9.35333333333333,97.05,"1b","1b","1b","1b","1b","1b",1,NA,"b"
"2020-06-03 10:00:00",0.207683333333333,0.205066666666667,0.205066666666667,0,13.7191666666667,12.455,100,"1b","1b","1b","1b","1b","1b",1,NA,"b"
"2020-06-03 11:00:00",0.26975,0.275666666666667,0.275666666666667,0,13.948,13.725,100,"1b","1b","1b","1b","1b","1b",1,NA,"b"
"2020-06-03 12:00:00",0.525616666666667,0.52515,0.52515,0,14.3685,17.69,100,"1b","1b","1b","1b","1b","1b",1,NA,"b"
"2020-06-03 13:00:00",0.266066666666667,0.26145,0.26145,0,14.7716666666667,12.895,100,"1b","1b","1b","1b","1b","1b",1,NA,"b"
"2020-06-03 14:00:00",0.07745,0.07505,0.07505,0,14.9275,5.10333333333333,99.4666666666667,"1b","1b","1b","1b","1b","1b",1,NA,"b"
"2020-06-03 15:00:00",0.0738166666666667,0.0726666666666667,0.0726666666666667,0,14.9981666666667,4.95333333333333,98.1166666666667,"1b","1b","1b","1b","1b","1b",1,NA,"b"
"2020-06-03 16:00:00",0.0255333333333333,0.0245833333333333,0.0245833333333333,0,15.0433333333333,-2.7,94.15,"1b","1b","1b","1b","1b","1b",1,NA,"b"
"2020-06-03 17:00:00",0.189266666666667,0.191433333333333,0.191433333333333,0,15.1463333333333,4.72,100,"1b","1b","1b","1b","1b","1b",1,NA,"b"
"2020-06-03 18:00:00",0.05865,0.0560333333333333,0.0560333333333333,0,15.268,-2.46166666666667,98.0666666666667,"1b","1b","1b","1b","1b","1b",1,NA,"b"
"2020-06-03 19:00:00",0,0,0,0,15.3,-9.9,98.5,"1b","1b","1b","1b","1b","1b",1,NA,"b"
"2020-06-03 20:00:00",0.000266666666666667,0.000266666666666667,0.000266666666666667,0,15.3,-9.74,97.2333333333333,"1b","1b","1b","1b","1b","1b",1,NA,"b"
"2020-06-03 21:00:00",0,0,0,0,15.3,-9.9,99.8666666666667,"1b","1b","1b","1b","1b","1b",1,NA,"b"
"2020-06-03 22:00:00",0,0,0,0,15.3,-9.9,100,"1b","1b","1b","1b","1b","1b",1,NA,"b"
"2020-06-03 23:00:00",0,0,0,0,15.3,-9.9,100,"1b","1b","1b","1b","1b","1b",1,NA,"b"
"2020-06-04 00:00:00",0,0,0,0,15.3,-9.9,100,"1b","1b","1b","1b","1b","1b",1,NA,"b"
"2020-06-04 01:00:00",0,0,0,0,15.3,-9.9,100,"1b","1b","1b","1b","1b","1b",1,NA,"b"
"2020-06-04 02:00:00",0,0,0,0,15.3,-9.9,99.9333333333333,"1b","1b","1b","1b","1b","1b",1,NA,"b"
"2020-06-04 03:00:00",0,0,0,0,15.3,-9.9,100,"1b","1b","1b","1b","1b","1b",1,NA,"b"
"2020-06-04 04:00:00",0,0,0,0,15.3,-9.9,100,"1b","1b","1b","1b","1b","1b",1,NA,"b"
"2020-06-04 05:00:00",0,0,0,0,15.3,-9.9,100,"1b","1b","1b","1b","1b","1b",1,NA,"b"
"2020-06-04 06:00:00",0,0,0,0,15.3,-9.9,100,"1b","1b","1b","1b","1b","1b",1,NA,"b"
"2020-06-04 07:00:00",0,0,0,0,15.3,-9.9,100,"1b","1b","1b","1b","1b","1b",1,NA,"b"
"2020-06-04 08:00:00",0,0,0,0,15.3,-9.9,100,"1b","1b","1b","1b","1b","1b",1,NA,"b"
"2020-06-04 09:00:00",0.111133333333333,0.11525,0.11525,0,15.3315,-1.49333333333333,100,"1b","1b","1b","1b","1b","1b",1,NA,"b"
"2020-06-04 10:00:00",0.00608333333333333,0.00193333333333333,0.00193333333333333,0,15.42,-9.57833333333333,99.55,"1b","1b","1b","1b","1b","1b",1,NA,"b"
"2020-06-04 11:00:00",0.0235,0.0234833333333333,0.0234833333333333,0,15.4306666666667,-6.625,96.5666666666667,"1b","1b","1b","1b","1b","1b",1,NA,"b"
"2020-06-04 12:00:00",8.33333333333333e-05,1e-04,1e-04,0,15.44,-9.88666666666667,99.5166666666667,"1b","1b","1b","1b","1b","1b",1,NA,"b"
"2020-06-04 13:00:00",0.00045,0.000583333333333333,0.000583333333333333,0,15.44,-9.61166666666667,95.8166666666667,"1b","1b","1b","1b","1b","1b",1,NA,"b"
"2020-06-04 14:00:00",0.0563333333333333,0.0561833333333333,0.0561833333333333,0,15.472,-6.075,94.95,"1b","1b","1b","1b","1b","1b",1,NA,"b"
"2020-06-04 15:00:00",0.00195,0.00203333333333333,0.00203333333333333,0,15.5,-9.05,97.3166666666667,"1b","1b","1b","1b","1b","1b",1,NA,"b"
"2020-06-04 16:00:00",0.0254166666666667,0.0252833333333333,0.0252833333333333,0,15.5278333333333,-8.145,98.3,"1b","1b","1b","1b","1b","1b",1,NA,"b"
"2020-06-04 17:00:00",0.573433333333333,0.6712,0.6712,0,15.6881666666667,6.48,98.9,"1b","1b","1b","1b","1b","1b",1,NA,"b"
"2020-06-04 18:00:00",0.572016666666667,0.474283333333333,0.474283333333333,0,16.5743333333333,6.38,98.75,"1b","1b","1b","1b","1b","1b",1,NA,"b"
"2020-06-04 19:00:00",0.00373333333333333,0.00365,0.00365,0,16.67,-8.46666666666667,96.6166666666667,"1b","1b","1b","1b","1b","1b",1,NA,"b"
"2020-06-04 20:00:00",0,0,0,0,16.67,-9.9,99.9333333333333,"1b","1b","1b","1b","1b","1b",1,NA,"b"
"2020-06-04 21:00:00",0,0,0,0,16.67,-9.9,100,"1b","1b","1b","1b","1b","1b",1,NA,"b"
"2020-06-04 22:00:00",0.7634,0.895466666666667,0.895466666666667,0,16.901,8.78833333333333,96.9333333333333,"1b","1b","1b","1b","1b","1b",1,NA,"b"
"2020-06-04 23:00:00",1.78275,1.6508,1.6508,0,19.0601666666667,3.81166666666667,98.5,"1b","1b","1b","1b","1b","1b",1,NA,"b"
"2020-06-05 00:00:00",0,0,0,0,19.22,-9.9,100,"1b","1b","1b","1b","1b","1b",1,NA,"b"
"2020-06-05 01:00:00",0,0,0,0,19.22,-9.9,100,"1b","1b","1b","1b","1b","1b",1,NA,"b"
"2020-06-05 02:00:00",0,0,0,0,19.22,-9.9,100,"1b","1b","1b","1b","1b","1b",1,NA,"b"
"2020-06-05 03:00:00",0,0,0,0,19.22,-9.9,100,"1b","1b","1b","1b","1b","1b",1,NA,"b"
"2020-06-05 04:00:00",0.00378333333333333,0.00455,0.00455,0,19.2203333333333,-8.89833333333333,98.3833333333333,"1b","1b","1b","1b","1b","1b",1,NA,"b"
"2020-06-05 05:00:00",0.0727,0.0876333333333333,0.0876333333333333,0,19.2516666666667,-1.05666666666667,96.1666666666667,"1b","1b","1b","1b","1b","1b",1,NA,"b"
"2020-06-05 06:00:00",0.159766666666667,0.144066666666667,0.144066666666667,0,19.432,0.686666666666666,97.4666666666667,"1b","1b","1b","1b","1b","1b",1,NA,"b"
"2020-06-05 07:00:00",1.52513333333333,1.55283333333333,1.55283333333333,0,20.2435,21.4833333333333,99.7666666666667,"1b","1b","1b","1b","1b","1b",1,NA,"b"
"2020-06-05 08:00:00",0.1321,0.105883333333333,0.105883333333333,0,21.07,1.34833333333333,96.4666666666667,"1b","1b","1b","1b","1b","1b",1,NA,"b"
"2020-06-05 09:00:00",0.00485,0.00333333333333333,0.00171666666666667,0,21.12,-9.21833333333333,96.2333333333333,"1b","1b","1b","1b","1b","1b",1,NA,"b"
"2020-06-05 10:00:00",0.160233333333333,0.166133333333333,0.166133333333333,0,21.1475,-1.10833333333333,97.1666666666667,"1b","1b","1b","1b","1b","1b",1,NA,"b"
"2020-06-05 11:00:00",0.0632333333333333,0.0572833333333333,0.0572833333333333,0,21.3385,-7.05166666666667,98.7166666666667,"1b","1b","1b","1b","1b","1b",1,NA,"b"
"2020-06-05 12:00:00",0.01345,0.0134833333333333,0.0121833333333333,0,21.3471666666667,-8.40166666666667,93.0333333333333,"1b","1b","1b","1b","1b","1b",1,NA,"b"
"2020-06-05 13:00:00",0.00263333333333333,0.00253333333333333,7e-04,0,21.36,-9.44833333333333,88.7,"1b","1b","1b","1b","1b","1b",1,NA,"b"
"2020-06-05 14:00:00",0.00111666666666667,0.00111666666666667,0.000766666666666667,0,21.36,-9.735,95.7833333333333,"1b","1b","1b","1b","1b","1b",1,NA,"b"
"2020-06-05 15:00:00",0.00358333333333333,0.0036,0.00143333333333333,0,21.36,-9.285,94.85,"1b","1b","1b","1b","1b","1b",1,NA,"b"
"2020-06-05 16:00:00",0.00101666666666667,0.00106666666666667,0,0,21.36,-9.84666666666667,96.7833333333333,"1b","1b","1b","1b","1b","1b",1,NA,"b"
"2020-06-05 17:00:00",0.0029,0.00281666666666667,0.00281666666666667,0,21.369,-9.76166666666667,98.4666666666667,"1b","1b","1b","1b","1b","1b",1,NA,"b"
"2020-06-05 18:00:00",0.00025,0.000283333333333333,0,0,21.37,-9.84666666666667,98.2333333333333,"1b","1b","1b","1b","1b","1b",1,NA,"b"
"2020-06-05 19:00:00",0,0,0,0,21.37,-9.9,98.4166666666667,"1b","1b","1b","1b","1b","1b",1,NA,"b"
"2020-06-05 20:00:00",0,0,0,0,21.37,-9.9,99.65,"1b","1b","1b","1b","1b","1b",1,NA,"b"
"2020-06-05 21:00:00",0.0149833333333333,0.0149666666666667,0.0149666666666667,0,21.3743333333333,-7.6,97.8666666666667,"1b","1b","1b","1b","1b","1b",1,NA,"b"
"2020-06-05 22:00:00",0.29755,0.297533333333333,0,0,21.4601666666667,-9.88166666666667,97.3333333333333,"1b","1b","1b","1b","1b","1b",1,NA,"b"
"2020-06-05 23:00:00",0,0,0,0,21.68,-9.9,99.35,"1b","1b","1b","1b","1b","1b",1,NA,"b"
"2020-06-06 00:00:00",0,0,0,0,21.68,-9.9,100,"1b","1b","1b","1b","1b","1b",1,NA,"b"
"2020-06-06 01:00:00",0,0,0,0,21.68,-9.9,100,"1b","1b","1b","1b","1b","1b",1,NA,"b"
"2020-06-06 02:00:00",0,0,0,0,21.68,-9.9,100,"1b","1b","1b","1b","1b","1b",1,NA,"b"
"2020-06-06 03:00:00",0,0,0,0,21.68,-9.9,100,"1b","1b","1b","1b","1b","1b",1,NA,"b"
"2020-06-06 04:00:00",0,0,0,0,21.68,-9.9,99.9333333333333,"1b","1b","1b","1b","1b","1b",1,NA,"b"
"2020-06-06 05:00:00",0,0,0,0,21.68,-9.9,100,"1b","1b","1b","1b","1b","1b",1,NA,"b"
"2020-06-06 06:00:00",0.0411666666666667,0.0490666666666667,0.0490666666666667,0,21.6966666666667,-4.365,94.45,"1b","1b","1b","1b","1b","1b",1,NA,"b"
"2020-06-06 07:00:00",0.355783333333333,0.354433333333333,0.354433333333333,0,21.923,14.915,99.85,"1b","1b","1b","1b","1b","1b",1,NA,"b"
"2020-06-06 08:00:00",0.207833333333333,0.208183333333333,0.208183333333333,0,22.1958333333333,11.7983333333333,97.7833333333333,"1b","1b","1b","1b","1b","1b",1,NA,"b"
"2020-06-06 09:00:00",0.294883333333333,0.296366666666667,0.296366666666667,0,22.3853333333333,7.06833333333333,99.95,"1b","1b","1b","1b","1b","1b",1,NA,"b"
"2020-06-06 10:00:00",0.22385,0.238966666666667,0.238966666666667,0,22.7393333333333,0.22,97.2833333333333,"1b","1b","1b","1b","1b","1b",1,NA,"b"
"2020-06-06 11:00:00",0.0928,0.0692333333333333,0.0692333333333333,0,22.8785,-1.68,94.45,"1b","1b","1b","1b","1b","1b",1,NA,"b"
"2020-06-06 12:00:00",0.85725,0.857233333333333,0.857233333333333,0,23.0881666666667,-3.26833333333333,98.7833333333333,"1b","1b","1b","1b","1b","1b",1,NA,"b"
"2020-06-06 13:00:00",0.0320833333333333,0.04095,0.04095,0,23.7548333333333,-5.30166666666667,98.9833333333333,"1b","1b","1b","1b","1b","1b",1,NA,"b"
"2020-06-06 14:00:00",0.200816666666667,0.192,0.192,0,23.8808333333333,-3.93,99.3166666666667,"1b","1b","1b","1b","1b","1b",1,NA,"b"
"2020-06-06 15:00:00",0.0330166666666667,0.0329666666666667,0.0329666666666667,0,23.997,-6.23666666666667,98.7333333333333,"1b","1b","1b","1b","1b","1b",1,NA,"b"
"2020-06-06 16:00:00",0.866633333333333,0.974316666666667,0.974316666666667,0,24.1683333333333,2.91,97.6833333333333,"1b","1b","1b","1b","1b","1b",1,NA,"b"
"2020-06-06 17:00:00",1.20168333333333,1.09401666666667,1.09401666666667,0,26.0115,-3.53333333333333,97.1,"1b","1b","1b","1b","1b","1b",1,NA,"b"
"2020-06-06 18:00:00",4.75043333333333,4.75041666666667,4.64375,0.106683333333333,28.5763333333333,10.27,96.1333333333333,"1b","1b","1b","1b","1b","1b",1,NA,"b"
"2020-06-06 19:00:00",0,0,0,0,30.84,-9.9,100,"1b","1b","1b","1b","1b","1b",1,NA,"b"
"2020-06-06 20:00:00",0,0,0,0,30.84,-9.9,100,"1b","1b","1b","1b","1b","1b",1,NA,"b"
"2020-06-06 21:00:00",0.00175,0.00176666666666667,0,0,30.84,-9.51166666666667,100,"1b","1b","1b","1b","1b","1b",1,NA,"b"
"2020-06-06 22:00:00",0,0,0,0,30.84,-9.9,100,"1b","1b","1b","1b","1b","1b",1,NA,"b"
"2020-06-06 23:00:00",0,0,0,0,30.84,-9.9,100,"1b","1b","1b","1b","1b","1b",1,NA,"b"
"2020-06-07 00:00:00",0,0,0,0,30.84,-9.9,100,"1b","1b","1b","1b","1b","1b",1,NA,"b"
"2020-06-07 01:00:00",0,0,0,0,30.84,-9.9,100,"1b","1b","1b","1b","1b","1b",1,NA,"b"
"2020-06-07 02:00:00",0,0,0,0,30.84,-9.9,100,"1b","1b","1b","1b","1b","1b",1,NA,"b"
"2020-06-07 03:00:00",0,0,0,0,30.84,-9.9,100,"1b","1b","1b","1b","1b","1b",1,NA,"b"
"2020-06-07 04:00:00",0,0,0,0,30.84,-9.9,100,"1b","1b","1b","1b","1b","1b",1,NA,"b"
"2020-06-07 05:00:00",0,0,0,0,30.84,-9.9,100,"1b","1b","1b","1b","1b","1b",1,NA,"b"
"2020-06-07 06:00:00",0,0,0,0,30.84,-9.9,99.9333333333333,"1b","1b","1b","1b","1b","1b",1,NA,"b"
"2020-06-07 07:00:00",0,0,0,0,30.84,-9.9,100,"1b","1b","1b","1b","1b","1b",1,NA,"b"
"2020-06-07 08:00:00",0.01,0.0177333333333333,0.0177333333333333,0,30.8408333333333,-7.61166666666667,98.3666666666667,"1b","1b","1b","1b","1b","1b",1,NA,"b"
"2020-06-07 09:00:00",0.40165,0.397333333333333,0.397333333333333,0,31.0895,13.335,100,"1b","1b","1b","1b","1b","1b",1,NA,"b"
"2020-06-07 10:00:00",0.102183333333333,0.101533333333333,0.101533333333333,0,31.294,6.78666666666667,98.7333333333333,"1b","1b","1b","1b","1b","1b",1,NA,"b"
"2020-06-07 11:00:00",0.0316,0.0304,0.0304,0,31.366,-0.428333333333333,88.75,"1b","1b","1b","1b","1b","1b",1,NA,"b"
"2020-06-07 12:00:00",0.213,0.211816666666667,0.211816666666667,0,31.5026666666667,8.11333333333333,96.1333333333333,"1b","1b","1b","1b","1b","1b",1,NA,"b"
"2020-06-07 13:00:00",0.0013,9e-04,9e-04,0,31.6,-9.715,95.8333333333333,"1b","1b","1b","1b","1b","1b",1,NA,"b"
"2020-06-07 14:00:00",0.0209833333333333,0.0208333333333333,0.0208333333333333,0,31.608,-6.88833333333333,94.45,"1b","1b","1b","1b","1b","1b",1,NA,"b"
"2020-06-07 15:00:00",0.000433333333333333,0.00155,0.00155,0,31.62,-9.17833333333333,98.6333333333333,"1b","1b","1b","1b","1b","1b",1,NA,"b"
"2020-06-07 16:00:00",0.0316166666666667,0.0305,0.0305,0,31.6495,-7.83333333333333,99.5,"1b","1b","1b","1b","1b","1b",1,NA,"b"
"2020-06-07 17:00:00",0,0,0,0,31.65,-9.9,99.9333333333333,"1b","1b","1b","1b","1b","1b",1,NA,"b"
"2020-06-07 18:00:00",0,0,0,0,31.65,-9.9,99.95,"1b","1b","1b","1b","1b","1b",1,NA,"b"
"2020-06-07 19:00:00",0,0,0,0,31.65,-9.9,100,"1b","1b","1b","1b","1b","1b",1,NA,"b"
"2020-06-07 20:00:00",0,0,0,0,31.65,-9.9,100,"1b","1b","1b","1b","1b","1b",1,NA,"b"
"2020-06-07 21:00:00",0,0,0,0,31.65,-9.9,100,"1b","1b","1b","1b","1b","1b",1,NA,"b"
"2020-06-07 22:00:00",0,0,0,0,31.65,-9.9,100,"1b","1b","1b","1b","1b","1b",1,NA,"b"
"2020-06-07 23:00:00",0,0,0,0,31.65,-9.9,100,"1b","1b","1b","1b","1b","1b",1,NA,"b"
"2020-06-08 00:00:00",0,0,0,0,31.65,-9.9,100,"1b","1b","1b","1b","1b","1b",1,NA,"b"
"2020-06-08 01:00:00",0,0,0,0,31.65,-9.9,100,"1b","1b","1b","1b","1b","1b",1,NA,"b"
"2020-06-08 02:00:00",0,0,0,0,31.65,-9.9,100,"1b","1b","1b","1b","1b","1b",1,NA,"b"
"2020-06-08 03:00:00",0,0,0,0,31.65,-9.9,100,"1b","1b","1b","1b","1b","1b",1,NA,"b"
"2020-06-08 04:00:00",0,0,0,0,31.65,-9.9,100,"1b","1b","1b","1b","1b","1b",1,NA,"b"
"2020-06-08 05:00:00",0,0,0,0,31.65,-9.9,100,"1b","1b","1b","1b","1b","1b",1,NA,"b"
"2020-06-08 06:00:00",0,0,0,0,31.65,-9.9,100,"1b","1b","1b","1b","1b","1b",1,NA,"b"
"2020-06-08 07:00:00",0,0,0,0,31.65,-9.9,100,"1b","1b","1b","1b","1b","1b",1,NA,"b"
"2020-06-08 08:00:00",0,0,0,0,31.65,-9.9,100,"1b","1b","1b","1b","1b","1b",1,NA,"b"
"2020-06-08 09:00:00",0,0,0,0,31.65,-9.9,100,"1b","1b","1b","1b","1b","1b",1,NA,"b"
"2020-06-08 10:00:00",0,0,0,0,31.65,-9.9,100,"1b","1b","1b","1b","1b","1b",1,NA,"b"
"2020-06-08 11:00:00",0,0,0,0,31.65,-9.9,100,"1b","1b","1b","1b","1b","1b",1,NA,"b"
"2020-06-08 12:00:00",0,0,0,0,31.65,-9.9,99.9333333333333,"1b","1b","1b","1b","1b","1b",1,NA,"b"
"2020-06-08 13:00:00",0,0,0,0,31.65,-9.9,99.8166666666667,"1b","1b","1b","1b","1b","1b",1,NA,"b"
"2020-06-08 14:00:00",0,0,0,0,31.65,-9.9,100,"1b","1b","1b","1b","1b","1b",1,NA,"b"
"2020-06-08 15:00:00",0,0,0,0,31.65,-9.9,100,"1b","1b","1b","1b","1b","1b",1,NA,"b"
"2020-06-08 16:00:00",0,0,0,0,31.65,-9.9,99.8,"1b","1b","1b","1b","1b","1b",1,NA,"b"
"2020-06-08 17:00:00",8.33333333333333e-05,5e-05,5e-05,0,31.65,-9.89666666666667,99.1666666666667,"1b","1b","1b","1b","1b","1b",1,NA,"b"
"2020-06-08 18:00:00",0,0,0,0,31.65,-9.9,100,"1b","1b","1b","1b","1b","1b",1,NA,"b"
"2020-06-08 19:00:00",0,0,0,0,31.65,-9.9,100,"1b","1b","1b","1b","1b","1b",1,NA,"b"
"2020-06-08 20:00:00",0,0,0,0,31.65,-9.9,100,"1b","1b","1b","1b","1b","1b",1,NA,"b"
"2020-06-08 21:00:00",0,0,0,0,31.65,-9.9,99.9333333333333,"1b","1b","1b","1b","1b","1b",1,NA,"b"
"2020-06-08 22:00:00",0,0,0,0,31.65,-9.9,99.9333333333333,"1b","1b","1b","1b","1b","1b",1,NA,"b"
"2020-06-08 23:00:00",0,0,0,0,31.65,-9.9,99.9333333333333,"1b","1b","1b","1b","1b","1b",1,NA,"b"
"2020-06-09 00:00:00",0,0,0,0,31.65,-9.9,99.8793103448276,"1b","1b","1b","1b","1b","1b",1,NA,"b"
"2020-06-09 01:00:00",0,0,0,0,31.65,-9.9,100,"1b","1b","1b","1b","1b","1b",1,NA,"b"
"2020-06-09 02:00:00",0,0,0,0,31.65,-9.9,100,"1b","1b","1b","1b","1b","1b",1,NA,"b"
"2020-06-09 03:00:00",0,0,0,0,31.65,-9.9,100,"1b","1b","1b","1b","1b","1b",1,NA,"b"
"2020-06-09 04:00:00",0,0,0,0,31.65,-9.9,100,"1b","1b","1b","1b","1b","1b",1,NA,"b"
"2020-06-09 05:00:00",0,0,0,0,31.65,-9.9,99.85,"1b","1b","1b","1b","1b","1b",1,NA,"b"
"2020-06-09 06:00:00",0,0,0,0,31.65,-9.9,100,"1b","1b","1b","1b","1b","1b",1,NA,"b"
"2020-06-09 07:00:00",0,0,0,0,31.65,-9.9,100,"1b","1b","1b","1b","1b","1b",1,NA,"b"
"2020-06-09 08:00:00",0,0,0,0,31.65,-9.9,100,"1b","1b","1b","1b","1b","1b",1,NA,"b"
"2020-06-09 09:00:00",0,0,0,0,31.65,-9.9,99.75,"1b","1b","1b","1b","1b","1b",1,NA,"b"
"2020-06-09 10:00:00",0,0,0,0,31.65,-9.9,99.7166666666667,"1b","1b","1b","1b","1b","1b",1,NA,"b"
"2020-06-09 11:00:00",0,0,0,0,31.65,-9.9,100,"1b","1b","1b","1b","1b","1b",1,NA,"b"
"2020-06-09 12:00:00",0,0,0,0,31.65,-9.9,100,"1b","1b","1b","1b","1b","1b",1,NA,"b"
"2020-06-09 13:00:00",0,0,0,0,31.65,-9.9,100,"1b","1b","1b","1b","1b","1b",1,NA,"b"
"2020-06-09 14:00:00",0,0,0,0,31.65,-9.9,99.85,"1b","1b","1b","1b","1b","1b",1,NA,"b"
"2020-06-09 15:00:00",0,0,0,0,31.65,-9.9,99.9333333333333,"1b","1b","1b","1b","1b","1b",1,NA,"b"
"2020-06-09 16:00:00",0.000666666666666667,7e-04,0,0,31.65,-9.59,99.3,"1b","1b","1b","1b","1b","1b",1,NA,"b"
"2020-06-09 17:00:00",0,0,0,0,31.65,-9.9,99.9333333333333,"1b","1b","1b","1b","1b","1b",1,NA,"b"
"2020-06-09 18:00:00",0,0,0,0,31.65,-9.9,100,"1b","1b","1b","1b","1b","1b",1,NA,"b"
"2020-06-09 19:00:00",0.0160833333333333,0.0160833333333333,0.00156666666666667,0.0145,31.6536666666667,-9.105,100,"1b","1b","1b","1b","1b","1b",1,NA,"b"
"2020-06-09 20:00:00",0,0,0,0,31.67,-9.9,100,"1b","1b","1b","1b","1b","1b",1,NA,"b"
"2020-06-09 21:00:00",0,0,0,0,31.67,-9.9,99.7833333333333,"1b","1b","1b","1b","1b","1b",1,NA,"b"
"2020-06-09 22:00:00",0,0,0,0,31.67,-9.9,99.55,"1b","1b","1b","1b","1b","1b",1,NA,"b"
"2020-06-09 23:00:00",0,0,0,0,31.67,-9.9,100,"1b","1b","1b","1b","1b","1b",1,NA,"b"
"2020-06-10 00:00:00",0,0,0,0,31.67,-9.9,100,"1b","1b","1b","1b","1b","1b",1,NA,"b"
"2020-06-10 01:00:00",0.0754833333333333,0.1398,0.1398,0,31.6766666666667,-3.8,98.1333333333333,"1b","1b","1b","1b","1b","1b",1,NA,"b"
"2020-06-10 02:00:00",0.338383333333333,0.2773,0.2773,0,32.0103333333333,12.5216666666667,98.8833333333333,"1b","1b","1b","1b","1b","1b",1,NA,"b"
"2020-06-10 03:00:00",0.130066666666667,0.129433333333333,0.129433333333333,0,32.1418333333333,12.06,94.2833333333333,"1b","1b","1b","1b","1b","1b",1,NA,"b"
"2020-06-10 04:00:00",0.0895666666666667,0.0950333333333333,0.0950333333333333,0,32.27,9.015,95.7166666666667,"1b","1b","1b","1b","1b","1b",1,NA,"b"
"2020-06-10 05:00:00",0.0546333333333333,0.0468333333333333,0.0468333333333333,0,32.3443333333333,-0.103333333333333,94.4666666666667,"1b","1b","1b","1b","1b","1b",1,NA,"b"
"2020-06-10 06:00:00",0.00233333333333333,0.00213333333333333,0.00213333333333333,0,32.36,-9.09333333333333,91.1,"1b","1b","1b","1b","1b","1b",1,NA,"b"
"2020-06-10 07:00:00",0,0,0,0,32.36,-9.9,99.7666666666667,"1b","1b","1b","1b","1b","1b",1,NA,"b"
"2020-06-10 08:00:00",0,0,0,0,32.36,-9.9,99.5333333333333,"1b","1b","1b","1b","1b","1b",1,NA,"b"
"2020-06-10 09:00:00",0,0,0,0,32.36,-9.9,100,"1b","1b","1b","1b","1b","1b",1,NA,"b"
"2020-06-10 10:00:00",0,0,0,0,32.36,-9.9,100,"1b","1b","1b","1b","1b","1b",1,NA,"b"
"2020-06-10 11:00:00",0.411266666666667,0.413316666666667,0.413316666666667,0,32.5613333333333,3.88166666666667,97.15,"1b","1b","1b","1b","1b","1b",1,NA,"b"
"2020-06-10 12:00:00",0.0109833333333333,0.00888333333333333,0.00888333333333333,0,32.7793333333333,-7.36833333333333,96.7666666666667,"1b","1b","1b","1b","1b","1b",1,NA,"b"
"2020-06-10 13:00:00",0,0,0,0,32.78,-9.9,99.9333333333333,"1b","1b","1b","1b","1b","1b",1,NA,"b"
"2020-06-10 14:00:00",3e-04,7e-04,7e-04,0,32.78,-9.415,97.8,"1b","1b","1b","1b","1b","1b",1,NA,"b"
"2020-06-10 15:00:00",0.000716666666666667,0.00035,0.00035,0,32.78,-9.77666666666667,97.45,"1b","1b","1b","1b","1b","1b",1,NA,"b"
"2020-06-10 16:00:00",0,0,0,0,32.78,-9.9,100,"1b","1b","1b","1b","1b","1b",1,NA,"b"
"2020-06-10 17:00:00",0,0,0,0,32.78,-9.9,100,"1b","1b","1b","1b","1b","1b",1,NA,"b"
"2020-06-10 18:00:00",0,0,0,0,32.78,-9.9,100,"1b","1b","1b","1b","1b","1b",1,NA,"b"
"2020-06-10 19:00:00",0,0,0,0,32.78,-9.9,99.2833333333333,"1b","1b","1b","1b","1b","1b",1,NA,"b"
"2020-06-10 20:00:00",0,0,0,0,32.78,-9.9,97.7333333333333,"1b","1b","1b","1b","1b","1b",1,NA,"b"
"2020-06-10 21:00:00",0,0,0,0,32.78,-9.9,98.85,"1b","1b","1b","1b","1b","1b",1,NA,"b"
"2020-06-10 22:00:00",0.000333333333333333,0.000316666666666667,0.000316666666666667,0,32.78,-9.86166666666667,96.3666666666667,"1b","1b","1b","1b","1b","1b",1,NA,"b"
"2020-06-10 23:00:00",0.0269666666666667,0.03135,0.0309833333333333,0,32.7856666666667,-5.91166666666667,91.0833333333333,"1b","1b","1b","1b","1b","1b",1,NA,"b"
"2020-06-11 00:00:00",0.0117241379310345,0.0106034482758621,0.0106034482758621,0,32.8201724137931,-7.44655172413793,95,"1b","1b","1b","1b","1b","1b",1,NA,"b"
"2020-06-11 01:00:00",0.251766666666667,0.249733333333333,0.249733333333333,0,33.0213333333333,1.30666666666667,97.4166666666667,"1b","1b","1b","1b","1b","1b",1,NA,"b"
"2020-06-11 02:00:00",0,0,0,0,33.07,-9.9,99.9333333333333,"1b","1b","1b","1b","1b","1b",1,NA,"b"
"2020-06-11 03:00:00",0.00311666666666667,0.00311666666666667,0.00311666666666667,0,33.0768333333333,-9.375,97.4333333333333,"1b","1b","1b","1b","1b","1b",1,NA,"b"
"2020-06-11 04:00:00",0,0,0,0,33.08,-9.9,99.9166666666667,"1b","1b","1b","1b","1b","1b",1,NA,"b"
"2020-06-11 05:00:00",0,0,0,0,33.08,-9.9,100,"1b","1b","1b","1b","1b","1b",1,NA,"b"
"2020-06-11 06:00:00",0,0,0,0,33.08,-9.9,99.9333333333333,"1b","1b","1b","1b","1b","1b",1,NA,"b"
"2020-06-11 07:00:00",0,0,0,0,33.08,-9.9,99.9333333333333,"1b","1b","1b","1b","1b","1b",1,NA,"b"
"2020-06-11 08:00:00",0.0084,0.00833333333333333,0.00833333333333333,0,33.0865,-7.31,87.3833333333333,"1b","1b","1b","1b","1b","1b",1,NA,"b"
"2020-06-11 09:00:00",0.00495,0.0112666666666667,0.0112666666666667,0,33.0901666666667,-8.27666666666667,93.9333333333333,"1b","1b","1b","1b","1b","1b",1,NA,"b"
"2020-06-11 10:00:00",0.08605,0.07985,0.07985,0,33.1466666666667,-0.391666666666667,94.4833333333333,"1b","1b","1b","1b","1b","1b",1,NA,"b"
"2020-06-11 11:00:00",0.233316666666667,0.2331,0.2331,0,33.2601666666667,-1.105,90.2666666666667,"1b","1b","1b","1b","1b","1b",1,NA,"b"
"2020-06-11 12:00:00",3.33333333333333e-05,0,0,0,33.41,-9.9,99.4833333333333,"1b","1b","1b","1b","1b","1b",1,NA,"b"
"2020-06-11 13:00:00",0,0,0,0,33.41,-9.9,99.9333333333333,"1b","1b","1b","1b","1b","1b",1,NA,"b"
"2020-06-11 14:00:00",0,0,0,0,33.41,-9.9,99.6166666666667,"1b","1b","1b","1b","1b","1b",1,NA,"b"
"2020-06-11 15:00:00",5e-04,0.000533333333333333,0.000533333333333333,0,33.41,-9.73,95.4833333333333,"1b","1b","1b","1b","1b","1b",1,NA,"b"
"2020-06-11 16:00:00",0.00263333333333333,0.00261666666666667,0.000766666666666667,0,33.41,-9.42,94.7666666666667,"1b","1b","1b","1b","1b","1b",1,NA,"b"
"2020-06-11 17:00:00",0.00248333333333333,0.00266666666666667,0.00266666666666667,0,33.412,-9.23333333333333,92.6666666666667,"1b","1b","1b","1b","1b","1b",1,NA,"b"
"2020-06-11 18:00:00",0.114033333333333,0.116083333333333,0.116083333333333,0,33.4661666666667,2.62333333333333,99.9166666666667,"1b","1b","1b","1b","1b","1b",1,NA,"b"
"2020-06-11 19:00:00",0.309183333333333,0.3261,0.3261,0,33.638,12.3033333333333,100,"1b","1b","1b","1b","1b","1b",1,NA,"b"
"2020-06-11 20:00:00",0.52715,0.511316666666667,0.511316666666667,0,34.2086666666667,16.5466666666667,100,"1b","1b","1b","1b","1b","1b",1,NA,"b"
"2020-06-11 21:00:00",1.19861666666667,1.20883333333333,1.20883333333333,0,35.032,22.7783333333333,100,"1b","1b","1b","1b","1b","1b",1,NA,"b"
"2020-06-11 22:00:00",0.1223,0.1091,0.1091,0,35.6575,2.665,99.3833333333333,"1b","1b","1b","1b","1b","1b",1,NA,"b"
"2020-06-11 23:00:00",0.0819833333333333,0.0814833333333333,0.0814833333333333,0,35.7373333333333,-1.71,97.1333333333333,"1b","1b","1b","1b","1b","1b",1,NA,"b"
"2020-06-12 00:00:00",0.00875862068965517,0.0093448275862069,0.0093448275862069,0,35.7720689655172,-8.8948275862069,90.9655172413793,"1b","1b","1b","1b","1b","1b",1,NA,"b"
"2020-06-12 01:00:00",0.0307833333333333,0.0302333333333333,0.0302333333333333,0,35.799,-7.225,90.6,"1b","1b","1b","1b","1b","1b",1,NA,"b"
"2020-06-12 02:00:00",0.00198333333333333,0.00235,0.00235,0,35.81,-9.87666666666667,79.2333333333333,"1b","1b","1b","1b","1b","1b",1,NA,"b"
"2020-06-12 03:00:00",0.20895,0.226483333333333,0.226483333333333,0,35.8838333333333,2.44333333333333,95.65,"1b","1b","1b","1b","1b","1b",1,NA,"b"
"2020-06-12 04:00:00",0.124766666666667,0.113316666666667,0.113316666666667,0,36.1041666666667,0.106666666666667,100,"1b","1b","1b","1b","1b","1b",1,NA,"b"
"2020-06-12 05:00:00",0.1209,0.114483333333333,0.114483333333333,0,36.242,-1.935,93.4333333333333,"1b","1b","1b","1b","1b","1b",1,NA,"b"
"2020-06-12 06:00:00",0.000666666666666667,0.000716666666666667,0.000716666666666667,0,36.26,-9.86333333333333,96.6333333333333,"1b","1b","1b","1b","1b","1b",1,NA,"b"
"2020-06-12 07:00:00",0,0,0,0,36.26,-9.9,99.1166666666667,"1b","1b","1b","1b","1b","1b",1,NA,"b"
"2020-06-12 08:00:00",0.000883333333333333,0.000916666666666667,0.000916666666666667,0,36.2631666666667,-9.86166666666667,92.3666666666667,"1b","1b","1b","1b","1b","1b",1,NA,"b"
"2020-06-12 09:00:00",0,3.33333333333333e-05,3.33333333333333e-05,0,36.27,-9.9,98.7666666666667,"1b","1b","1b","1b","1b","1b",1,NA,"b"
"2020-06-12 10:00:00",0,0,0,0,36.27,-9.9,100,"1b","1b","1b","1b","1b","1b",1,NA,"b"
"2020-06-12 11:00:00",0,0,0,0,36.27,-9.9,100,"1b","1b","1b","1b","1b","1b",1,NA,"b"
"2020-06-12 12:00:00",0,0,0,0,36.27,-9.9,99.9833333333333,"1b","1b","1b","1b","1b","1b",1,NA,"b"
"2020-06-12 13:00:00",0,0,0,0,36.27,-9.9,99.8,"1b","1b","1b","1b","1b","1b",1,NA,"b"
"2020-06-12 14:00:00",0.00105,0.0011,0.0011,0,36.27,-9.88333333333333,92.9333333333333,"1b","1b","1b","1b","1b","1b",1,NA,"b"
"2020-06-12 15:00:00",0.00225,0.00653333333333333,0.00653333333333333,0,36.27,-9.02166666666667,99.5166666666667,"1b","1b","1b","1b","1b","1b",1,NA,"b"
"2020-06-12 16:00:00",0.144366666666667,0.142716666666667,0.142716666666667,0,36.3291666666667,6.32166666666667,92.3166666666667,"1b","1b","1b","1b","1b","1b",1,NA,"b"
"2020-06-12 17:00:00",0.13855,0.135883333333333,0.135883333333333,0,36.4853333333333,5.83,96.0666666666667,"1b","1b","1b","1b","1b","1b",1,NA,"b"
"2020-06-12 18:00:00",0.381466666666667,0.46505,0.46505,0,36.6465,4.335,95.8833333333333,"1b","1b","1b","1b","1b","1b",1,NA,"b"
"2020-06-12 19:00:00",1.43206666666667,1.41286666666667,1.41286666666667,0,37.9418333333333,17.1633333333333,97.0666666666667,"1b","1b","1b","1b","1b","1b",1,NA,"b"
"2020-06-12 20:00:00",0.208983333333333,0.145,0.145,0,38.5133333333333,2.34,95.1666666666667,"1b","1b","1b","1b","1b","1b",1,NA,"b"
"2020-06-12 21:00:00",0.01145,0.0110833333333333,0.0110833333333333,0,38.5803333333333,-7.27833333333333,85.3333333333333,"1b","1b","1b","1b","1b","1b",1,NA,"b"
"2020-06-12 22:00:00",0.228933333333333,0.22895,0.22895,0,38.6861666666667,4.11833333333333,98.65,"1b","1b","1b","1b","1b","1b",1,NA,"b"
"2020-06-12 23:00:00",0.00025,0.000216666666666667,0.000216666666666667,0,38.81,-9.9,96.65,"1b","1b","1b","1b","1b","1b",1,NA,"b"
"2020-06-13 00:00:00",0,0,0,0,38.81,-9.9,100,"1b","1b","1b","1b","1b","1b",1,NA,"b"
"2020-06-13 01:00:00",0.000933333333333333,0.000933333333333333,0.000933333333333333,0,38.8151666666667,-9.22166666666667,98.35,"1b","1b","1b","1b","1b","1b",1,NA,"b"
"2020-06-13 02:00:00",0,0,0,0,38.82,-9.9,100,"1b","1b","1b","1b","1b","1b",1,NA,"b"
"2020-06-13 03:00:00",0,0,0,0,38.82,-9.9,100,"1b","1b","1b","1b","1b","1b",1,NA,"b"
"2020-06-13 04:00:00",0,0,0,0,38.82,-9.9,100,"1b","1b","1b","1b","1b","1b",1,NA,"b"
"2020-06-13 05:00:00",0,0,0,0,38.82,-9.9,99.9333333333333,"1b","1b","1b","1b","1b","1b",1,NA,"b"
"2020-06-13 06:00:00",0,0,0,0,38.82,-9.9,100,"1b","1b","1b","1b","1b","1b",1,NA,"b"
"2020-06-13 07:00:00",0,0,0,0,38.82,-9.9,100,"1b","1b","1b","1b","1b","1b",1,NA,"b"
"2020-06-13 08:00:00",0,0,0,0,38.82,-9.9,100,"1b","1b","1b","1b","1b","1b",1,NA,"b"
"2020-06-13 09:00:00",0,0,0,0,38.82,-9.9,99.8,"1b","1b","1b","1b","1b","1b",1,NA,"b"
"2020-06-13 10:00:00",0,0,0,0,38.82,-9.9,100,"1b","1b","1b","1b","1b","1b",1,NA,"b"
"2020-06-13 11:00:00",0,0,0,0,38.82,-9.9,99.8666666666667,"1b","1b","1b","1b","1b","1b",1,NA,"b"
"2020-06-13 12:00:00",0,0,0,0,38.82,-9.9,99.45,"1b","1b","1b","1b","1b","1b",1,NA,"b"
"2020-06-13 13:00:00",0,0,0,0,38.82,-9.9,99.1333333333333,"1b","1b","1b","1b","1b","1b",1,NA,"b"
"2020-06-13 14:00:00",0,0,0,0,38.82,-9.9,99.7,"1b","1b","1b","1b","1b","1b",1,NA,"b"
"2020-06-13 15:00:00",0,0,0,0,38.82,-9.9,99.3166666666667,"1b","1b","1b","1b","1b","1b",1,NA,"b"
"2020-06-13 16:00:00",0.00975,0.00971666666666667,0.00971666666666667,0,38.82,-8.19666666666667,98,"1b","1b","1b","1b","1b","1b",1,NA,"b"
"2020-06-13 17:00:00",0,0,0,0,38.82,-9.9,99.8666666666667,"1b","1b","1b","1b","1b","1b",1,NA,"b"
"2020-06-13 18:00:00",0.958583333333333,1.13445,1.13445,0,38.9176666666667,-1.67166666666667,99.4333333333333,"1b","1b","1b","1b","1b","1b",1,NA,"b"
"2020-06-13 19:00:00",0.255483333333333,0.0796,0.0667,0,40.0326666666667,-7.62,99.6833333333333,"1b","1b","1b","1b","1b","1b",1,NA,"b"
"2020-06-13 20:00:00",0.878216666666667,0.892466666666667,0.892466666666667,0,40.3981666666667,17.4733333333333,98.75,"1b","1b","1b","1b","1b","1b",1,NA,"b"
"2020-06-13 21:00:00",0.152233333333333,0.1398,0.1398,0,41.0436666666667,0.448333333333333,95.7,"1b","1b","1b","1b","1b","1b",1,NA,"b"
"2020-06-13 22:00:00",0.0627666666666667,0.0609166666666667,0.0609166666666667,0,41.1046666666667,-0.203333333333333,94.1333333333333,"1b","1b","1b","1b","1b","1b",1,NA,"b"
"2020-06-13 23:00:00",0,0,0,0,41.13,-9.9,100,"1b","1b","1b","1b","1b","1b",1,NA,"b"
"2020-06-14 00:00:00",0,0,0,0,41.13,-9.9,100,"1b","1b","1b","1b","1b","1b",1,NA,"b"
"2020-06-14 01:00:00",0,0,0,0,41.13,-9.9,100,"1b","1b","1b","1b","1b","1b",1,NA,"b"
"2020-06-14 02:00:00",0,0,0,0,41.13,-9.9,100,"1b","1b","1b","1b","1b","1b",1,NA,"b"
"2020-06-14 03:00:00",0,0,0,0,41.13,-9.9,100,"1b","1b","1b","1b","1b","1b",1,NA,"b"
"2020-06-14 04:00:00",0,0,0,0,41.13,-9.9,100,"1b","1b","1b","1b","1b","1b",1,NA,"b"
"2020-06-14 05:00:00",0,0,0,0,41.13,-9.9,100,"1b","1b","1b","1b","1b","1b",1,NA,"b"
"2020-06-14 06:00:00",0,0,0,0,41.13,-9.9,100,"1b","1b","1b","1b","1b","1b",1,NA,"b"
"2020-06-14 07:00:00",0,0,0,0,41.13,-9.9,100,"1b","1b","1b","1b","1b","1b",1,NA,"b"
"2020-06-14 08:00:00",0,0,0,0,41.13,-9.9,100,"1b","1b","1b","1b","1b","1b",1,NA,"b"
"2020-06-14 09:00:00",0,0,0,0,41.13,-9.9,99.9333333333333,"1b","1b","1b","1b","1b","1b",1,NA,"b"
"2020-06-14 10:00:00",0,0,0,0,41.13,-9.9,99.9333333333333,"1b","1b","1b","1b","1b","1b",1,NA,"b"
"2020-06-14 11:00:00",0,0,0,0,41.13,-9.9,99.9333333333333,"1b","1b","1b","1b","1b","1b",1,NA,"b"
"2020-06-14 12:00:00",8.33333333333333e-05,8.33333333333333e-05,8.33333333333333e-05,0,41.13,-9.82666666666667,99.1166666666667,"1b","1b","1b","1b","1b","1b",1,NA,"b"
"2020-06-14 13:00:00",0,0,0,0,41.13,-9.9,99.9333333333333,"1b","1b","1b","1b","1b","1b",1,NA,"b"
"2020-06-14 14:00:00",0,0,0,0,41.13,-9.9,99.6833333333333,"1b","1b","1b","1b","1b","1b",1,NA,"b"
"2020-06-14 15:00:00",0,0,0,0,41.13,-9.9,99.9333333333333,"1b","1b","1b","1b","1b","1b",1,NA,"b"
"2020-06-14 16:00:00",0,0,0,0,41.13,-9.9,99.7333333333333,"1b","1b","1b","1b","1b","1b",1,NA,"b"
"2020-06-14 17:00:00",0,0,0,0,41.13,-9.9,99.8666666666667,"1b","1b","1b","1b","1b","1b",1,NA,"b"
"2020-06-14 18:00:00",0,0,0,0,41.13,-9.9,99.9333333333333,"1b","1b","1b","1b","1b","1b",1,NA,"b"
"2020-06-14 19:00:00",0,0,0,0,41.13,-9.9,100,"1b","1b","1b","1b","1b","1b",1,NA,"b"
"2020-06-14 20:00:00",0,0,0,0,41.13,-9.9,100,"1b","1b","1b","1b","1b","1b",1,NA,"b"
"2020-06-14 21:00:00",0,0,0,0,41.13,-9.9,100,"1b","1b","1b","1b","1b","1b",1,NA,"b"
"2020-06-14 22:00:00",0,0,0,0,41.13,-9.9,100,"1b","1b","1b","1b","1b","1b",1,NA,"b"
"2020-06-14 23:00:00",0,0,0,0,41.13,-9.9,100,"1b","1b","1b","1b","1b","1b",1,NA,"b"
"2020-06-15 00:00:00",0,0,0,0,41.13,-9.9,100,"1b","1b","1b","1b","1b","1b",1,NA,"b"
"2020-06-15 01:00:00",0,0,0,0,41.13,-9.9,100,"1b","1b","1b","1b","1b","1b",1,NA,"b"
"2020-06-15 02:00:00",0,0,0,0,41.13,-9.9,100,"1b","1b","1b","1b","1b","1b",1,NA,"b"
"2020-06-15 03:00:00",0,0,0,0,41.13,-9.9,100,"1b","1b","1b","1b","1b","1b",1,NA,"b"
"2020-06-15 04:00:00",0,0,0,0,41.13,-9.9,100,"1b","1b","1b","1b","1b","1b",1,NA,"b"
"2020-06-15 05:00:00",0,0,0,0,41.13,-9.9,100,"1b","1b","1b","1b","1b","1b",1,NA,"b"
"2020-06-15 06:00:00",0,0,0,0,41.13,-9.9,100,"1b","1b","1b","1b","1b","1b",1,NA,"b"
"2020-06-15 07:00:00",0,0,0,0,41.13,-9.9,100,"1b","1b","1b","1b","1b","1b",1,NA,"b"
"2020-06-15 08:00:00",0,0,0,0,41.13,-9.9,99.8666666666667,"1b","1b","1b","1b","1b","1b",1,NA,"b"
"2020-06-15 09:00:00",0,0,0,0,41.13,-9.9,99.8833333333333,"1b","1b","1b","1b","1b","1b",1,NA,"b"
"2020-06-15 10:00:00",0,0,0,0,41.13,-9.9,99.8833333333333,"1b","1b","1b","1b","1b","1b",1,NA,"b"
"2020-06-15 11:00:00",0,0,0,0,41.13,-9.9,99.9333333333333,"1b","1b","1b","1b","1b","1b",1,NA,"b"
"2020-06-15 12:00:00",0,0,0,0,41.13,-9.9,99.8666666666667,"1b","1b","1b","1b","1b","1b",1,NA,"b"
"2020-06-15 13:00:00",0,0,0,0,41.13,-9.9,99.8666666666667,"1b","1b","1b","1b","1b","1b",1,NA,"b"
"2020-06-15 14:00:00",0,0,0,0,41.13,-9.9,99.7333333333333,"1b","1b","1b","1b","1b","1b",1,NA,"b"
"2020-06-15 15:00:00",0.00025,2e-04,2e-04,0,41.13,-9.87666666666667,97.7833333333333,"1b","1b","1b","1b","1b","1b",1,NA,"b"
"2020-06-15 16:00:00",0,0,0,0,41.13,-9.9,99.2833333333333,"1b","1b","1b","1b","1b","1b",1,NA,"b"
"2020-06-15 17:00:00",0,0,0,0,41.13,-9.9,99.9666666666667,"1b","1b","1b","1b","1b","1b",1,NA,"b"
"2020-06-15 18:00:00",0,0,0,0,41.13,-9.9,99.8,"1b","1b","1b","1b","1b","1b",1,NA,"b"
"2020-06-15 19:00:00",0,0,0,0,41.13,-9.9,100,"1b","1b","1b","1b","1b","1b",1,NA,"b"
"2020-06-15 20:00:00",0,0,0,0,41.13,-9.9,99.9333333333333,"1b","1b","1b","1b","1b","1b",1,NA,"b"
"2020-06-15 21:00:00",0.0027,0.00263333333333333,0.00263333333333333,0,41.13,-8.49666666666667,91.35,"1b","1b","1b","1b","1b","1b",1,NA,"b"
"2020-06-15 22:00:00",0.00261666666666667,0.00283333333333333,0.00283333333333333,0,41.1316666666667,-8.65666666666667,95.6833333333333,"1b","1b","1b","1b","1b","1b",1,NA,"b"
"2020-06-15 23:00:00",1.01026666666667,1.04626666666667,1.04626666666667,0,41.4501666666667,12.0833333333333,96.4,"1b","1b","1b","1b","1b","1b",1,NA,"b"
"2020-06-16 00:00:00",0.671103448275862,0.673689655172414,0.673689655172414,0,42.3655172413793,12.4844827586207,94.3620689655172,"1b","1b","1b","1b","1b","1b",1,NA,"b"
"2020-06-16 01:00:00",0.124933333333333,0.0894333333333333,0.0894333333333333,0,42.9141666666667,-3.00333333333333,95.8666666666667,"1b","1b","1b","1b","1b","1b",1,NA,"b"
"2020-06-16 02:00:00",0.02445,0.0245333333333333,0.0245333333333333,0,42.9575,-4.415,97.7666666666667,"1b","1b","1b","1b","1b","1b",1,NA,"b"
"2020-06-16 03:00:00",0.000116666666666667,0,0,0,42.98,-9.9,99.9833333333333,"1b","1b","1b","1b","1b","1b",1,NA,"b"
"2020-06-16 04:00:00",0,0,0,0,42.98,-9.9,100,"1b","1b","1b","1b","1b","1b",1,NA,"b"
"2020-06-16 05:00:00",0,0,0,0,42.98,-9.9,99.9333333333333,"1b","1b","1b","1b","1b","1b",1,NA,"b"
"2020-06-16 06:00:00",0,0,0,0,42.98,-9.9,100,"1b","1b","1b","1b","1b","1b",1,NA,"b"
"2020-06-16 07:00:00",0,0,0,0,42.98,-9.9,100,"1b","1b","1b","1b","1b","1b",1,NA,"b"
"2020-06-16 08:00:00",0,0,0,0,42.98,-9.9,99.9333333333333,"1b","1b","1b","1b","1b","1b",1,NA,"b"
"2020-06-16 09:00:00",0,0,0,0,42.98,-9.9,99.9333333333333,"1b","1b","1b","1b","1b","1b",1,NA,"b"
"2020-06-16 10:00:00",0,0,0,0,42.98,-9.9,100,"1b","1b","1b","1b","1b","1b",1,NA,"b"
"2020-06-16 11:00:00",0,0,0,0,42.98,-9.9,100,"1b","1b","1b","1b","1b","1b",1,NA,"b"
"2020-06-16 12:00:00",0.000316666666666667,4e-04,4e-04,0,42.98,-9.555,97.9833333333333,"1b","1b","1b","1b","1b","1b",1,NA,"b"
"2020-06-16 13:00:00",0.00791666666666667,0.00783333333333333,0.00783333333333333,0,42.9851666666667,-6.19833333333333,89.15,"1b","1b","1b","1b","1b","1b",1,NA,"b"
"2020-06-16 14:00:00",0,0,0,0,42.99,-9.9,99.4833333333333,"1b","1b","1b","1b","1b","1b",1,NA,"b"
"2020-06-16 15:00:00",0,0,0,0,42.99,-9.9,99.8666666666667,"1b","1b","1b","1b","1b","1b",1,NA,"b"
"2020-06-16 16:00:00",0.00095,0.00206666666666667,0.00206666666666667,0,42.99,-9.19333333333333,99.4,"1b","1b","1b","1b","1b","1b",1,NA,"b"
"2020-06-16 17:00:00",1.68055,1.70625,1.70625,0,43.924,22.0016666666667,99.1666666666667,"1b","1b","1b","1b","1b","1b",1,NA,"b"
"2020-06-16 18:00:00",7.11146666666667,7.15415,7.09378333333333,0.0603666666666667,47.1786666666667,32.3533333333333,98.95,"1b","1b","1b","1b","1b","1b",1,NA,"b"
"2020-06-16 19:00:00",1.97441666666667,1.91491666666667,1.91491666666667,0,53.3,22.7216666666667,98.2666666666667,"1b","1b","1b","1b","1b","1b",1,NA,"b"
"2020-06-16 20:00:00",0.0397666666666667,0.0296833333333333,0.0296833333333333,0,53.7885,-3.305,91.85,"1b","1b","1b","1b","1b","1b",1,NA,"b"
"2020-06-16 21:00:00",0,0,0,0,53.79,-9.9,100,"1b","1b","1b","1b","1b","1b",1,NA,"b"
"2020-06-16 22:00:00",0,0,0,0,53.79,-9.9,100,"1b","1b","1b","1b","1b","1b",1,NA,"b"
"2020-06-16 23:00:00",0,0,0,0,53.79,-9.9,100,"1b","1b","1b","1b","1b","1b",1,NA,"b"
"2020-06-17 00:00:00",0,0,0,0,53.79,-9.9,100,"1b","1b","1b","1b","1b","1b",1,NA,"b"
"2020-06-17 01:00:00",0,0,0,0,53.79,-9.9,100,"1b","1b","1b","1b","1b","1b",1,NA,"b"
"2020-06-17 02:00:00",0,0,0,0,53.79,-9.9,100,"1b","1b","1b","1b","1b","1b",1,NA,"b"
"2020-06-17 03:00:00",0,0,0,0,53.79,-9.9,100,"1b","1b","1b","1b","1b","1b",1,NA,"b"
"2020-06-17 04:00:00",0,0,0,0,53.79,-9.9,100,"1b","1b","1b","1b","1b","1b",1,NA,"b"
"2020-06-17 05:00:00",0,0,0,0,53.79,-9.9,100,"1b","1b","1b","1b","1b","1b",1,NA,"b"
"2020-06-17 06:00:00",0,0,0,0,53.79,-9.9,100,"1b","1b","1b","1b","1b","1b",1,NA,"b"
"2020-06-17 07:00:00",0,0,0,0,53.79,-9.9,100,"1b","1b","1b","1b","1b","1b",1,NA,"b"
"2020-06-17 08:00:00",0,0,0,0,53.79,-9.9,100,"1b","1b","1b","1b","1b","1b",1,NA,"b"
"2020-06-17 09:00:00",0,0,0,0,53.79,-9.9,100,"1b","1b","1b","1b","1b","1b",1,NA,"b"
"2020-06-17 10:00:00",0,0,0,0,53.79,-9.9,100,"1b","1b","1b","1b","1b","1b",1,NA,"b"
"2020-06-17 11:00:00",0,0,0,0,53.79,-9.9,99.8,"1b","1b","1b","1b","1b","1b",1,NA,"b"
"2020-06-17 12:00:00",0,0,0,0,53.79,-9.9,99.9333333333333,"1b","1b","1b","1b","1b","1b",1,NA,"b"
"2020-06-17 13:00:00",0.00391666666666667,0.00461666666666667,0.00461666666666667,0,53.7908333333333,-8.38,99.0333333333333,"1b","1b","1b","1b","1b","1b",1,NA,"b"
"2020-06-17 14:00:00",0.0118833333333333,0.0124666666666667,0.0124666666666667,0,53.8083333333333,-6.28333333333333,91.65,"1b","1b","1b","1b","1b","1b",1,NA,"b"
"2020-06-17 15:00:00",12.95725,12.9559333333333,12.4326166666667,0.523316666666667,61.9298333333333,21.7,91.3333333333333,"1b","1b","1b","1b","1b","1b",1,NA,"b"
"2020-06-17 16:00:00",0,0,0,0,66.77,-9.9,99.8666666666667,"1b","1b","1b","1b","1b","1b",1,NA,"b"
"2020-06-17 17:00:00",0,0,0,0,66.77,-9.9,100,"1b","1b","1b","1b","1b","1b",1,NA,"b"
"2020-06-17 18:00:00",0,0,0,0,66.77,-9.9,99.7666666666667,"1b","1b","1b","1b","1b","1b",1,NA,"b"
"2020-06-17 19:00:00",8.33333333333333e-05,6.66666666666667e-05,6.66666666666667e-05,0,66.77,-9.89666666666667,99.25,"1b","1b","1b","1b","1b","1b",1,NA,"b"
"2020-06-17 20:00:00",0,0,0,0,66.77,-9.9,99.9333333333333,"1b","1b","1b","1b","1b","1b",1,NA,"b"
"2020-06-17 21:00:00",0,0,0,0,66.77,-9.9,99.9333333333333,"1b","1b","1b","1b","1b","1b",1,NA,"b"
"2020-06-17 22:00:00",0,0,0,0,66.77,-9.9,100,"1b","1b","1b","1b","1b","1b",1,NA,"b"
"2020-06-17 23:00:00",0,0,0,0,66.77,-9.9,100,"1b","1b","1b","1b","1b","1b",1,NA,"b"
"2020-06-18 00:00:00",0,0,0,0,66.77,-9.9,100,"1b","1b","1b","1b","1b","1b",1,NA,"b"
"2020-06-18 01:00:00",0,0,0,0,66.77,-9.9,99.9333333333333,"1b","1b","1b","1b","1b","1b",1,NA,"b"
"2020-06-18 02:00:00",0.0656166666666667,0.0856166666666667,0.0856166666666667,0,66.7783333333333,-1.45333333333333,93.9,"1b","1b","1b","1b","1b","1b",1,NA,"b"
"2020-06-18 03:00:00",1.42551666666667,1.48191666666667,1.48191666666667,0,67.3095,22.92,100,"1b","1b","1b","1b","1b","1b",1,NA,"b"
"2020-06-18 04:00:00",1.86253333333333,1.83268333333333,1.83268333333333,0,69.1725,25.35,100,"1b","1b","1b","1b","1b","1b",1,NA,"b"
"2020-06-18 05:00:00",1.9859,2.02076666666667,2.02076666666667,0,71.0951666666667,27.7983333333333,100,"1b","1b","1b","1b","1b","1b",1,NA,"b"
"2020-06-18 06:00:00",2.77001666666667,2.77941666666667,2.77941666666667,0,73.5941666666667,29.8916666666667,100,"1b","1b","1b","1b","1b","1b",1,NA,"b"
"2020-06-18 07:00:00",2.02651666666667,1.98591666666667,1.98591666666667,0,76.0321666666667,26.5633333333333,100,"1b","1b","1b","1b","1b","1b",1,NA,"b"
"2020-06-18 08:00:00",1.7702,1.76718333333333,1.76718333333333,0,77.9556666666667,27.3166666666667,100,"1b","1b","1b","1b","1b","1b",1,NA,"b"
"2020-06-18 09:00:00",0.928933333333333,0.915933333333333,0.915933333333333,0,79.2158333333333,22.0766666666667,100,"1b","1b","1b","1b","1b","1b",1,NA,"b"
"2020-06-18 10:00:00",2.56291666666667,2.69851666666667,2.69851666666667,0,80.806,28.9716666666667,100,"1b","1b","1b","1b","1b","1b",1,NA,"b"
"2020-06-18 11:00:00",1.56475,1.40995,1.40995,0,83.2551666666667,23.1383333333333,100,"1b","1b","1b","1b","1b","1b",1,NA,"b"
"2020-06-18 12:00:00",0.218,0.21925,0.21925,0,83.8335,9.73833333333333,99.7666666666667,"1b","1b","1b","1b","1b","1b",1,NA,"b"
"2020-06-18 13:00:00",0.497433333333333,0.501533333333333,0.501533333333333,0,84.2185,12.3083333333333,100,"1b","1b","1b","1b","1b","1b",1,NA,"b"
"2020-06-18 14:00:00",0.628283333333333,0.611883333333333,0.611883333333333,0,84.9043333333333,10.0816666666667,100,"1b","1b","1b","1b","1b","1b",1,NA,"b"
"2020-06-18 15:00:00",0.09075,0.0868,0.0868,0,85.144,-2.76833333333333,97.25,"1b","1b","1b","1b","1b","1b",1,NA,"b"
"2020-06-18 16:00:00",0.00045,0.000466666666666667,0.000466666666666667,0,85.16,-9.9,96.5833333333333,"1b","1b","1b","1b","1b","1b",1,NA,"b"
"2020-06-18 17:00:00",0.113333333333333,0.1134,0.1134,0,85.2443333333333,-5.33833333333333,98.5666666666667,"1b","1b","1b","1b","1b","1b",1,NA,"b"
"2020-06-18 18:00:00",2.31158333333333,2.35648333333333,2.35648333333333,0,85.7243333333333,1.88166666666667,99.5833333333333,"1b","1b","1b","1b","1b","1b",1,NA,"b"
"2020-06-18 19:00:00",0.0984,0.0535666666666667,0.0535666666666667,0,87.679,-7.58666666666667,99.4666666666667,"1b","1b","1b","1b","1b","1b",1,NA,"b"
"2020-06-18 20:00:00",0.00321666666666667,0.00323333333333333,0.00323333333333333,0,87.6881666666667,-9.09833333333333,99.3666666666667,"1b","1b","1b","1b","1b","1b",1,NA,"b"
"2020-06-18 21:00:00",0.138766666666667,0.167633333333333,0.167633333333333,0,87.7036666666667,-5.49166666666667,98.5,"1b","1b","1b","1b","1b","1b",1,NA,"b"
"2020-06-18 22:00:00",0.0432833333333333,0.0144666666666667,0.0144666666666667,0,87.8675,-7.82333333333333,98.7666666666667,"1b","1b","1b","1b","1b","1b",1,NA,"b"
"2020-06-18 23:00:00",0.0528833333333333,0.0553,0.0553,0,87.8846666666667,-5.78,98.7,"1b","1b","1b","1b","1b","1b",1,NA,"b"
"2020-06-19 00:00:00",0.125189655172414,0.118844827586207,0.118844827586207,0,88.0086206896552,-3.57931034482759,97.3793103448276,"1b","1b","1b","1b","1b","1b",1,NA,"b"
"2020-06-19 01:00:00",0.0288333333333333,0.0476333333333333,0.0476333333333333,0,88.0548333333333,-7.1,99.1833333333333,"1b","1b","1b","1b","1b","1b",1,NA,"b"
"2020-06-19 02:00:00",0.598333333333333,0.58935,0.58935,0,88.5223333333333,4.05,96.1,"1b","1b","1b","1b","1b","1b",1,NA,"b"
"2020-06-19 03:00:00",0.101633333333333,0.0919,0.0919,0,88.6958333333333,-7.51666666666667,99.05,"1b","1b","1b","1b","1b","1b",1,NA,"b"
"2020-06-19 04:00:00",0.08685,0.0870166666666667,0.0870166666666667,0,88.838,-5.37166666666667,95.05,"1b","1b","1b","1b","1b","1b",1,NA,"b"
"2020-06-19 05:00:00",0.00435,0.00443333333333333,0.00443333333333333,0,88.8656666666667,-9.11166666666667,86.5833333333333,"1b","1b","1b","1b","1b","1b",1,NA,"b"
"2020-06-19 06:00:00",0.163083333333333,0.16295,0.16295,0,88.9321666666667,-3.255,93.9166666666667,"1b","1b","1b","1b","1b","1b",1,NA,"b"
"2020-06-19 07:00:00",0.161266666666667,0.185816666666667,0.185816666666667,0,89.0686666666667,0.356666666666667,99.5333333333333,"1b","1b","1b","1b","1b","1b",1,NA,"b"
"2020-06-19 08:00:00",0.10935,0.0908833333333333,0.0908833333333333,0,89.2546666666667,0.0583333333333332,95.5,"1b","1b","1b","1b","1b","1b",1,NA,"b"
"2020-06-19 09:00:00",0.603166666666667,0.60345,0.60345,0,89.5746666666667,18.9883333333333,100,"1b","1b","1b","1b","1b","1b",1,NA,"b"
"2020-06-19 10:00:00",0.0379333333333333,0.0315333333333333,0.0315333333333333,0,89.9361666666667,-4.22166666666667,98.0166666666667,"1b","1b","1b","1b","1b","1b",1,NA,"b"
"2020-06-19 11:00:00",0,0,0,0,89.94,-9.9,99.05,"1b","1b","1b","1b","1b","1b",1,NA,"b"
"2020-06-19 12:00:00",0.0516833333333333,0.0560166666666667,0.0560166666666667,0,89.953,2.10166666666667,96.2833333333333,"1b","1b","1b","1b","1b","1b",1,NA,"b"
"2020-06-19 13:00:00",0.0348166666666667,0.0304666666666667,0.0304666666666667,0,90.0268333333333,-4.825,98.3,"1b","1b","1b","1b","1b","1b",1,NA,"b"
"2020-06-19 14:00:00",0.000166666666666667,0.000166666666666667,0.000166666666666667,0,90.03,-9.88166666666667,97.6333333333333,"1b","1b","1b","1b","1b","1b",1,NA,"b"
"2020-06-19 15:00:00",0.0100333333333333,0.0101,0.0101,0,90.031,-6.69166666666667,96.3,"1b","1b","1b","1b","1b","1b",1,NA,"b"
"2020-06-19 16:00:00",0.00133333333333333,0.00121666666666667,0.00121666666666667,0,90.04,-9.16833333333333,96.5,"1b","1b","1b","1b","1b","1b",1,NA,"b"
"2020-06-19 17:00:00",0.000166666666666667,0.000166666666666667,0.000166666666666667,0,90.04,-9.9,98.0166666666667,"1b","1b","1b","1b","1b","1b",1,NA,"b"
"2020-06-19 18:00:00",0,0,0,0,90.04,-9.9,100,"1b","1b","1b","1b","1b","1b",1,NA,"b"
"2020-06-19 19:00:00",0,0,0,0,90.04,-9.9,100,"1b","1b","1b","1b","1b","1b",1,NA,"b"
"2020-06-19 20:00:00",0,0,0,0,90.04,-9.9,100,"1b","1b","1b","1b","1b","1b",1,NA,"b"
"2020-06-19 21:00:00",0,0,0,0,90.04,-9.9,100,"1b","1b","1b","1b","1b","1b",1,NA,"b"
"2020-06-19 22:00:00",0,0,0,0,90.04,-9.9,100,"1b","1b","1b","1b","1b","1b",1,NA,"b"
"2020-06-19 23:00:00",0,0,0,0,90.04,-9.9,100,"1b","1b","1b","1b","1b","1b",1,NA,"b"
"2020-06-20 00:00:00",0,0,0,0,90.04,-9.9,100,"1b","1b","1b","1b","1b","1b",1,NA,"b"
"2020-06-20 01:00:00",0,0,0,0,90.04,-9.9,100,"1b","1b","1b","1b","1b","1b",1,NA,"b"
"2020-06-20 02:00:00",0,0,0,0,90.04,-9.9,100,"1b","1b","1b","1b","1b","1b",1,NA,"b"
"2020-06-20 03:00:00",0,0,0,0,90.04,-9.9,100,"1b","1b","1b","1b","1b","1b",1,NA,"b"
"2020-06-20 04:00:00",0,0,0,0,90.04,-9.9,100,"1b","1b","1b","1b","1b","1b",1,NA,"b"
"2020-06-20 05:00:00",0,0,0,0,90.04,-9.9,100,"1b","1b","1b","1b","1b","1b",1,NA,"b"
"2020-06-20 06:00:00",0,0,0,0,90.04,-9.9,100,"1b","1b","1b","1b","1b","1b",1,NA,"b"
"2020-06-20 07:00:00",0.0112166666666667,0.01125,0.01125,0,90.0438333333333,-8.655,99.5,"1b","1b","1b","1b","1b","1b",1,NA,"b"
"2020-06-20 08:00:00",0.0423166666666667,0.0423166666666667,0.0419166666666667,0,90.0585,-6.46666666666667,99.05,"1b","1b","1b","1b","1b","1b",1,NA,"b"
"2020-06-20 09:00:00",0,0,0,0,90.09,-9.9,99.6666666666667,"1b","1b","1b","1b","1b","1b",1,NA,"b"
"2020-06-20 10:00:00",0,0,0,0,90.09,-9.9,99.75,"1b","1b","1b","1b","1b","1b",1,NA,"b"
"2020-06-20 11:00:00",0.0829166666666667,0.0828666666666667,0.0828666666666667,0,90.1236666666667,-6.74333333333333,96.1333333333333,"1b","1b","1b","1b","1b","1b",1,NA,"b"
"2020-06-20 12:00:00",0,0,0,0,90.17,-9.9,100,"1b","1b","1b","1b","1b","1b",1,NA,"b"
"2020-06-20 13:00:00",0,0,0,0,90.17,-9.9,99.75,"1b","1b","1b","1b","1b","1b",1,NA,"b"
"2020-06-20 14:00:00",0,0,0,0,90.17,-9.9,99.8666666666667,"1b","1b","1b","1b","1b","1b",1,NA,"b"
"2020-06-20 15:00:00",0.003,0.0059,0.0059,0,90.1706666666667,-8.33,97.4,"1b","1b","1b","1b","1b","1b",1,NA,"b"
"2020-06-20 16:00:00",0.00403333333333333,0.0012,0.0012,0,90.18,-9.32833333333333,98.8166666666667,"1b","1b","1b","1b","1b","1b",1,NA,"b"
"2020-06-20 17:00:00",0,0,0,0,90.18,-9.9,99.8,"1b","1b","1b","1b","1b","1b",1,NA,"b"
"2020-06-20 18:00:00",0,0,0,0,90.18,-9.9,99.9333333333333,"1b","1b","1b","1b","1b","1b",1,NA,"b"
"2020-06-20 19:00:00",0,0,0,0,90.18,-9.9,99.8666666666667,"1b","1b","1b","1b","1b","1b",1,NA,"b"
"2020-06-20 20:00:00",0,0,0,0,90.18,-9.9,100,"1b","1b","1b","1b","1b","1b",1,NA,"b"
"2020-06-20 21:00:00",0,0,0,0,90.18,-9.9,100,"1b","1b","1b","1b","1b","1b",1,NA,"b"
"2020-06-20 22:00:00",0,0,0,0,90.18,-9.9,100,"1b","1b","1b","1b","1b","1b",1,NA,"b"
"2020-06-20 23:00:00",0,0,0,0,90.18,-9.9,100,"1b","1b","1b","1b","1b","1b",1,NA,"b"
"2020-06-21 00:00:00",0.723068965517241,0.726896551724138,0.726896551724138,0,90.3872413793104,5.17241379310345,98.4655172413793,"1b","1b","1b","1b","1b","1b",1,NA,"b"
"2020-06-21 01:00:00",0.344033333333333,0.380383333333333,0.380383333333333,0,90.9995,16.395,98.0166666666667,"1b","1b","1b","1b","1b","1b",1,NA,"b"
"2020-06-21 02:00:00",1.95808333333333,1.98033333333333,1.98033333333333,0,91.9816666666667,24.7216666666667,100,"1b","1b","1b","1b","1b","1b",1,NA,"b"
"2020-06-21 03:00:00",0.870566666666667,0.817683333333333,0.817683333333333,0,93.7853333333333,17.84,100,"1b","1b","1b","1b","1b","1b",1,NA,"b"
"2020-06-21 04:00:00",0.741383333333333,0.734116666666667,0.734116666666667,0,94.6178333333333,10.0333333333333,96.2666666666667,"1b","1b","1b","1b","1b","1b",1,NA,"b"
"2020-06-21 05:00:00",0.0300833333333333,0.028,0.028,0,94.8175,-5.92833333333333,99.15,"1b","1b","1b","1b","1b","1b",1,NA,"b"
"2020-06-21 06:00:00",0,0,0,0,94.82,-9.9,100,"1b","1b","1b","1b","1b","1b",1,NA,"b"
"2020-06-21 07:00:00",0,0,0,0,94.82,-9.9,99.9333333333333,"1b","1b","1b","1b","1b","1b",1,NA,"b"
"2020-06-21 08:00:00",0,0,0,0,94.82,-9.9,100,"1b","1b","1b","1b","1b","1b",1,NA,"b"
"2020-06-21 09:00:00",0,0,0,0,94.82,-9.9,100,"1b","1b","1b","1b","1b","1b",1,NA,"b"
"2020-06-21 10:00:00",0.00323333333333333,0.00321666666666667,0.00321666666666667,0,94.8288333333333,-9.29166666666667,98.9833333333333,"1b","1b","1b","1b","1b","1b",1,NA,"b"
"2020-06-21 11:00:00",0.00446666666666667,0.00453333333333333,0.00453333333333333,0,94.83,-8.69833333333333,94.35,"1b","1b","1b","1b","1b","1b",1,NA,"b"
"2020-06-21 12:00:00",0.00551666666666667,0.00553333333333333,0.00553333333333333,0,94.8316666666667,-8.75833333333333,97.3166666666667,"1b","1b","1b","1b","1b","1b",1,NA,"b"
"2020-06-21 13:00:00",0.000516666666666667,0.000533333333333333,0.000533333333333333,0,94.84,-9.52333333333333,97.6333333333333,"1b","1b","1b","1b","1b","1b",1,NA,"b"
"2020-06-21 14:00:00",0.531733333333333,0.5317,0.5317,0,95.0386666666667,-1.10833333333333,98.85,"1b","1b","1b","1b","1b","1b",1,NA,"b"
"2020-06-21 15:00:00",0.0776,0.141066666666667,0.141066666666667,0,95.3763333333333,-6.69333333333333,99.3666666666667,"1b","1b","1b","1b","1b","1b",1,NA,"b"
"2020-06-21 16:00:00",0.116683333333333,0.05325,0.05325,0,95.5578333333333,-7.28833333333333,98.8,"1b","1b","1b","1b","1b","1b",1,NA,"b"
"2020-06-21 17:00:00",0,0,0,0,95.56,-9.9,100,"1b","1b","1b","1b","1b","1b",1,NA,"b"
"2020-06-21 18:00:00",0,0,0,0,95.56,-9.9,99.9333333333333,"1b","1b","1b","1b","1b","1b",1,NA,"b"
"2020-06-21 19:00:00",0,0,0,0,95.56,-9.9,100,"1b","1b","1b","1b","1b","1b",1,NA,"b"
"2020-06-21 20:00:00",0,0,0,0,95.56,-9.9,99.8166666666667,"1b","1b","1b","1b","1b","1b",1,NA,"b"
"2020-06-21 21:00:00",0,0,0,0,95.56,-9.9,100,"1b","1b","1b","1b","1b","1b",1,NA,"b"
"2020-06-21 22:00:00",0,0,0,0,95.56,-9.9,100,"1b","1b","1b","1b","1b","1b",1,NA,"b"
"2020-06-21 23:00:00",0,0,0,0,95.56,-9.9,100,"1b","1b","1b","1b","1b","1b",1,NA,"b"
"2020-06-22 00:00:00",0,0,0,0,95.56,-9.9,100,"1b","1b","1b","1b","1b","1b",1,NA,"b"
"2020-06-22 01:00:00",0,0,0,0,95.56,-9.9,100,"1b","1b","1b","1b","1b","1b",1,NA,"b"
"2020-06-22 02:00:00",0,0,0,0,95.56,-9.9,100,"1b","1b","1b","1b","1b","1b",1,NA,"b"
"2020-06-22 03:00:00",0,0,0,0,95.56,-9.9,100,"1b","1b","1b","1b","1b","1b",1,NA,"b"
"2020-06-22 04:00:00",0,0,0,0,95.56,-9.9,100,"1b","1b","1b","1b","1b","1b",1,NA,"b"
"2020-06-22 05:00:00",0,0,0,0,95.56,-9.9,100,"1b","1b","1b","1b","1b","1b",1,NA,"b"
"2020-06-22 06:00:00",0,0,0,0,95.56,-9.9,99.8166666666667,"1b","1b","1b","1b","1b","1b",1,NA,"b"
"2020-06-22 07:00:00",5e-04,5e-04,5e-04,0,95.56,-9.73166666666667,97.1166666666667,"1b","1b","1b","1b","1b","1b",1,NA,"b"
"2020-06-22 08:00:00",0.000233333333333333,3e-04,3e-04,0,95.56,-9.815,91.2333333333333,"1b","1b","1b","1b","1b","1b",1,NA,"b"
"2020-06-22 09:00:00",0.00228333333333333,0.00216666666666667,0.00216666666666667,0,95.5615,-9.325,92.4166666666667,"1b","1b","1b","1b","1b","1b",1,NA,"b"
"2020-06-22 10:00:00",0.00686666666666667,0.00738333333333333,0.00701666666666667,0,95.57,-8.305,92.2833333333333,"1b","1b","1b","1b","1b","1b",1,NA,"b"
"2020-06-22 11:00:00",0.0118166666666667,0.0113,0.01075,0,95.5775,-7.84166666666667,90,"1b","1b","1b","1b","1b","1b",1,NA,"b"
"2020-06-22 12:00:00",0.110616666666667,0.126416666666667,0.00416666666666667,0,95.6155,-8.13,92,"1b","1b","1b","1b","1b","1b",1,NA,"b"
"2020-06-22 13:00:00",0.212683333333333,0.207033333333333,0,0,95.7968333333333,-6.48666666666667,99.1,"1b","1b","1b","1b","1b","1b",1,NA,"b"
"2020-06-22 14:00:00",0.112533333333333,0.10435,8.33333333333333e-05,0,95.9788333333333,-8.525,95.0833333333333,"1b","1b","1b","1b","1b","1b",1,NA,"b"
"2020-06-22 15:00:00",0.113016666666667,0.11215,0.00258333333333333,0,96.089,-8.39166666666667,95.8666666666667,"1b","1b","1b","1b","1b","1b",1,NA,"b"
"2020-06-22 16:00:00",0.148833333333333,0.14805,0.00206666666666667,0,96.2065,-7.91833333333333,97.45,"1b","1b","1b","1b","1b","1b",1,NA,"b"
"2020-06-22 17:00:00",0.00493333333333333,0.00443333333333333,0.00345,0,96.2818333333333,-8.85333333333333,90.0666666666667,"1b","1b","1b","1b","1b","1b",1,NA,"b"
"2020-06-22 18:00:00",0.00121666666666667,0.00118333333333333,0.00118333333333333,0,96.29,-9.465,92.4666666666667,"1b","1b","1b","1b","1b","1b",1,NA,"b"
"2020-06-22 19:00:00",0.000283333333333333,3e-04,3e-04,0,96.29,-9.785,93.55,"1b","1b","1b","1b","1b","1b",1,NA,"b"
"2020-06-22 20:00:00",5e-05,0,0,0,96.29,-9.9,97.8333333333333,"1b","1b","1b","1b","1b","1b",1,NA,"b"
"2020-06-22 21:00:00",0,0,0,0,96.29,-9.9,99.9333333333333,"1b","1b","1b","1b","1b","1b",1,NA,"b"
"2020-06-22 22:00:00",0,0,0,0,96.29,-9.9,100,"1b","1b","1b","1b","1b","1b",1,NA,"b"
"2020-06-22 23:00:00",0,0,0,0,96.29,-9.9,99.9333333333333,"1b","1b","1b","1b","1b","1b",1,NA,"b"
"2020-06-23 00:00:00",0,0,0,0,96.29,-9.9,99.9310344827586,"1b","1b","1b","1b","1b","1b",1,NA,"b"
"2020-06-23 01:00:00",0,0,0,0,96.29,-9.9,100,"1b","1b","1b","1b","1b","1b",1,NA,"b"
"2020-06-23 02:00:00",0,0,0,0,96.29,-9.9,99.9333333333333,"1b","1b","1b","1b","1b","1b",1,NA,"b"
"2020-06-23 03:00:00",0,0,0,0,96.29,-9.9,100,"1b","1b","1b","1b","1b","1b",1,NA,"b"
"2020-06-23 04:00:00",0,0,0,0,96.29,-9.9,100,"1b","1b","1b","1b","1b","1b",1,NA,"b"
"2020-06-23 05:00:00",0,0,0,0,96.29,-9.9,100,"1b","1b","1b","1b","1b","1b",1,NA,"b"
"2020-06-23 06:00:00",8.33333333333333e-05,6.66666666666667e-05,6.66666666666667e-05,0,96.29,-9.9,99.75,"1b","1b","1b","1b","1b","1b",1,NA,"b"
"2020-06-23 07:00:00",0,0,0,0,96.29,-9.9,99.35,"1b","1b","1b","1b","1b","1b",1,NA,"b"
"2020-06-23 08:00:00",0.00591666666666667,0.00593333333333333,0,0,96.29,-9.9,99.4333333333333,"1b","1b","1b","1b","1b","1b",1,NA,"b"
"2020-06-23 09:00:00",0,0,0,0,96.29,-9.9,96.8166666666667,"1b","1b","1b","1b","1b","1b",1,NA,"b"
"2020-06-23 10:00:00",8.33333333333333e-05,1e-04,1e-04,0,96.29,-9.885,98.25,"1b","1b","1b","1b","1b","1b",1,NA,"b"
"2020-06-23 11:00:00",0.000316666666666667,0.000316666666666667,0.000316666666666667,0,96.29,-9.81,96.0833333333333,"1b","1b","1b","1b","1b","1b",1,NA,"b"
"2020-06-23 12:00:00",0.000666666666666667,7e-04,0.000333333333333333,0,96.29,-9.77166666666667,96.2666666666667,"1b","1b","1b","1b","1b","1b",1,NA,"b"
"2020-06-23 13:00:00",0.01375,0.0150666666666667,0.00388333333333333,0,96.2985,-9.08166666666667,93.7333333333333,"1b","1b","1b","1b","1b","1b",1,NA,"b"
"2020-06-23 14:00:00",0.0107166666666667,0.0093,0.00745,0,96.3151666666667,-8.74,89.75,"1b","1b","1b","1b","1b","1b",1,NA,"b"
"2020-06-23 15:00:00",0.0142833333333333,0.0144833333333333,0.0131166666666667,0,96.3246666666667,-6.95333333333333,94.3,"1b","1b","1b","1b","1b","1b",1,NA,"b"
"2020-06-23 16:00:00",0.01075,0.0104166666666667,0.0104166666666667,0,96.3388333333333,-7.11,91.3833333333333,"1b","1b","1b","1b","1b","1b",1,NA,"b"
"2020-06-23 17:00:00",0.0151333333333333,0.0172666666666667,0.0143,0,96.3501666666667,-6.67666666666667,90.5,"1b","1b","1b","1b","1b","1b",1,NA,"b"
"2020-06-23 18:00:00",0.00596666666666667,0.00401666666666667,0.00401666666666667,0,96.36,-8.92666666666667,90.6166666666667,"1b","1b","1b","1b","1b","1b",1,NA,"b"
"2020-06-23 19:00:00",0.000733333333333333,0.00075,0.000516666666666667,0,96.36,-9.6,93.6666666666667,"1b","1b","1b","1b","1b","1b",1,NA,"b"
"2020-06-23 20:00:00",0.000166666666666667,0.000133333333333333,0.000133333333333333,0,96.36,-9.82,95.4666666666667,"1b","1b","1b","1b","1b","1b",1,NA,"b"
"2020-06-23 21:00:00",0,0,0,0,96.36,-9.9,99.4833333333333,"1b","1b","1b","1b","1b","1b",1,NA,"b"
"2020-06-23 22:00:00",0,0,0,0,96.36,-9.9,99.8333333333333,"1b","1b","1b","1b","1b","1b",1,NA,"b"
"2020-06-23 23:00:00",0,0,0,0,96.36,-9.9,99.9333333333333,"1b","1b","1b","1b","1b","1b",1,NA,"b"
"2020-06-24 00:00:00",0,0,0,0,96.36,-9.9,100,"1b","1b","1b","1b","1b","1b",1,NA,"b"
"2020-06-24 01:00:00",0,0,0,0,96.36,-9.9,99.8666666666667,"1b","1b","1b","1b","1b","1b",1,NA,"b"
"2020-06-24 02:00:00",0,0,0,0,96.36,-9.9,100,"1b","1b","1b","1b","1b","1b",1,NA,"b"
"2020-06-24 03:00:00",0,0,0,0,96.36,-9.9,100,"1b","1b","1b","1b","1b","1b",1,NA,"b"
"2020-06-24 04:00:00",0,0,0,0,96.36,-9.9,100,"1b","1b","1b","1b","1b","1b",1,NA,"b"
"2020-06-24 05:00:00",0,0,0,0,96.36,-9.9,100,"1b","1b","1b","1b","1b","1b",1,NA,"b"
"2020-06-24 06:00:00",0.00691666666666667,0.0069,5e-05,0.00685,96.3633333333333,-9.20166666666667,100,"1b","1b","1b","1b","1b","1b",1,NA,"b"
"2020-06-24 07:00:00",0,0,0,0,96.37,-9.9,100,"1b","1b","1b","1b","1b","1b",1,NA,"b"
"2020-06-24 08:00:00",0,0,0,0,96.37,-9.9,99.8833333333333,"1b","1b","1b","1b","1b","1b",1,NA,"b"
"2020-06-24 09:00:00",0,0,0,0,96.37,-9.9,100,"1b","1b","1b","1b","1b","1b",1,NA,"b"
"2020-06-24 10:00:00",0,0,0,0,96.37,-9.9,99.8666666666667,"1b","1b","1b","1b","1b","1b",1,NA,"b"
"2020-06-24 11:00:00",0,0,0,0,96.37,-9.9,99.6666666666667,"1b","1b","1b","1b","1b","1b",1,NA,"b"
"2020-06-24 12:00:00",0,0,0,0,96.37,-9.9,99.8666666666667,"1b","1b","1b","1b","1b","1b",1,NA,"b"
"2020-06-24 13:00:00",0,0,0,0,96.37,-9.9,99.5833333333333,"1b","1b","1b","1b","1b","1b",1,NA,"b"
"2020-06-24 14:00:00",0,0,0,0,96.37,-9.9,99.8666666666667,"1b","1b","1b","1b","1b","1b",1,NA,"b"
"2020-06-24 15:00:00",0.00921666666666667,0.00956666666666667,0.00808333333333333,0,96.3761666666667,-9.83166666666667,97.0833333333333,"1b","1b","1b","1b","1b","1b",1,NA,"b"
"2020-06-24 16:00:00",0.00736666666666667,0.00701666666666667,0,0,96.3886666666667,-9.79333333333333,95.4166666666667,"1b","1b","1b","1b","1b","1b",1,NA,"b"
"2020-06-24 17:00:00",0,0,0,0,96.39,-9.9,95.6,"1b","1b","1b","1b","1b","1b",1,NA,"b"
"2020-06-24 18:00:00",0,0,0,0,96.39,-9.9,99.1666666666667,"1b","1b","1b","1b","1b","1b",1,NA,"b"
"2020-06-24 19:00:00",0,0,0,0,96.39,-9.9,99.6166666666667,"1b","1b","1b","1b","1b","1b",1,NA,"b"
"2020-06-24 20:00:00",0,0,0,0,96.39,-9.9,100,"1b","1b","1b","1b","1b","1b",1,NA,"b"
"2020-06-24 21:00:00",0,0,0,0,96.39,-9.9,99.8,"1b","1b","1b","1b","1b","1b",1,NA,"b"
"2020-06-24 22:00:00",0,0,0,0,96.39,-9.9,99.9333333333333,"1b","1b","1b","1b","1b","1b",1,NA,"b"
"2020-06-24 23:00:00",0,0,0,0,96.39,-9.9,99.7833333333333,"1b","1b","1b","1b","1b","1b",1,NA,"b"
"2020-06-25 00:00:00",0,0,0,0,96.39,-9.9,100,"1b","1b","1b","1b","1b","1b",1,NA,"b"
"2020-06-25 01:00:00",0,0,0,0,96.39,-9.9,100,"1b","1b","1b","1b","1b","1b",1,NA,"b"
"2020-06-25 02:00:00",0,0,0,0,96.39,-9.9,99.9333333333333,"1b","1b","1b","1b","1b","1b",1,NA,"b"
"2020-06-25 03:00:00",0,0,0,0,96.39,-9.9,100,"1b","1b","1b","1b","1b","1b",1,NA,"b"
"2020-06-25 04:00:00",0,0,0,0,96.39,-9.9,100,"1b","1b","1b","1b","1b","1b",1,NA,"b"
"2020-06-25 05:00:00",0,0,0,0,96.39,-9.9,100,"1b","1b","1b","1b","1b","1b",1,NA,"b"
"2020-06-25 06:00:00",0,0,0,0,96.39,-9.9,99.9333333333333,"1b","1b","1b","1b","1b","1b",1,NA,"b"
"2020-06-25 07:00:00",0,0,0,0,96.39,-9.9,100,"1b","1b","1b","1b","1b","1b",1,NA,"b"
"2020-06-25 08:00:00",0,0,0,0,25.1452173913043,-9.9,NA,"1b","1b","1b","1b","1b","1b",2,NA,"b"
"2020-06-26 14:00:00",0.023,0.027,0,0,0,-9.125,NA,"1b","1b","1b","1b","1b","1b",2,NA,"b"
"2020-06-26 15:00:00",0.42485,0.425116666666667,0.237866666666667,0,0.1455,-3.21166666666667,97.55,"1b","1b","1b","1b","1b","1b",1,NA,"b"
"2020-06-26 16:00:00",0.0392833333333333,0.04035,0.0387,0,0.4445,-4.44666666666667,93.8333333333333,"1b","1b","1b","1b","1b","1b",1,NA,"b"
"2020-06-26 17:00:00",0.0387333333333333,0.03695,0.0326166666666667,0,0.483166666666667,-4.73666666666667,93.7666666666667,"1b","1b","1b","1b","1b","1b",1,NA,"b"
"2020-06-26 18:00:00",0.0213,0.0216333333333333,0.0127333333333333,0,0.517666666666667,-7.84333333333333,87.9,"1b","1b","1b","1b","1b","1b",1,NA,"b"
"2020-06-26 19:00:00",0.04455,0.04375,5e-04,0.03335,0.565,-8.93166666666667,94.0666666666667,"1b","1b","1b","1b","1b","1b",1,NA,"b"
"2020-06-26 20:00:00",0,0,0,0,0.57,-9.9,99.9333333333333,"1b","1b","1b","1b","1b","1b",1,NA,"b"
"2020-06-26 21:00:00",0,0,0,0,0.57,-9.9,99.4833333333333,"1b","1b","1b","1b","1b","1b",1,NA,"b"
"2020-06-26 22:00:00",0.00171666666666667,0.00175,0.00175,0,0.57,-9.04333333333333,98.1833333333333,"1b","1b","1b","1b","1b","1b",1,NA,"b"
"2020-06-26 23:00:00",3.33333333333333e-05,0,0,0,0.57,-9.9,99.9333333333333,"1b","1b","1b","1b","1b","1b",1,NA,"b"
"2020-06-27 00:00:00",0,0,0,0,0.57,-9.9,100,"1b","1b","1b","1b","1b","1b",1,NA,"b"
"2020-06-27 00:00:00",0,0,0,0,0.57,-9.9,99.9298245614035,"1b","1b","1b","1b","1b","1b",1,NA,"b"
"2020-06-27 01:00:00",0,0,0,0,0.57,-9.9,100,"1b","1b","1b","1b","1b","1b",1,NA,"b"
"2020-06-27 02:00:00",0.146933333333333,0.154566666666667,0.154566666666667,0,0.617166666666667,-1.26,100,"1b","1b","1b","1b","1b","1b",1,NA,"b"
"2020-06-27 03:00:00",2.7394,2.74445,2.74445,0,2.553,19.3833333333333,97.4833333333333,"1b","1b","1b","1b","1b","1b",1,NA,"b"
"2020-06-27 04:00:00",0.596366666666667,0.5835,0.5835,0,3.88116666666667,7.3,97.1333333333333,"1b","1b","1b","1b","1b","1b",1,NA,"b"
"2020-06-27 05:00:00",0,0,0,0,4.05,-9.9,99.8833333333333,"1b","1b","1b","1b","1b","1b",1,NA,"b"
"2020-06-27 06:00:00",0.00295,0.00515,0.00515,0,4.051,-8.91833333333333,97.5333333333333,"1b","1b","1b","1b","1b","1b",1,NA,"b"
"2020-06-27 07:00:00",0.29895,0.297083333333333,0.297083333333333,0,4.17133333333333,1.37,97.2166666666667,"1b","1b","1b","1b","1b","1b",1,NA,"b"
"2020-06-27 08:00:00",0.0697,0.0763666666666667,0.0763666666666667,0,4.375,-3.22666666666667,96.05,"1b","1b","1b","1b","1b","1b",1,NA,"b"
"2020-06-27 09:00:00",4.38776666666667,4.43055,4.43055,0,6.6765,23.3983333333333,98.6666666666667,"1b","1b","1b","1b","1b","1b",1,NA,"b"
"2020-06-27 10:00:00",0.723483333333333,0.6737,0.6737,0,9.28066666666667,0.678333333333333,98.7666666666667,"1b","1b","1b","1b","1b","1b",1,NA,"b"
"2020-06-27 11:00:00",0,0,0,0,9.54,-9.9,99.05,"1b","1b","1b","1b","1b","1b",1,NA,"b"
"2020-06-27 12:00:00",0,0,0,0,9.54,-9.9,97.7666666666667,"1b","1b","1b","1b","1b","1b",1,NA,"b"
"2020-06-27 13:00:00",0.00656666666666667,0.00661666666666667,0.0046,0,9.54,-9.24166666666667,94.65,"1b","1b","1b","1b","1b","1b",1,NA,"b"
"2020-06-27 14:00:00",0.134766666666667,0.134733333333333,0.131816666666667,0,9.636,-6.01,93.65,"1b","1b","1b","1b","1b","1b",1,NA,"b"
"2020-06-27 15:00:00",0.0116666666666667,0.0120166666666667,0.0094,0,9.68466666666667,-7.94166666666667,92.9333333333333,"1b","1b","1b","1b","1b","1b",1,NA,"b"
"2020-06-27 16:00:00",0.645266666666667,0.687016666666667,0.681533333333333,0,9.86333333333333,-7.31833333333333,96.2833333333333,"1b","1b","1b","1b","1b","1b",1,NA,"b"
"2020-06-27 17:00:00",0.630333333333333,0.633166666666667,0.61655,0,10.6811666666667,0.698333333333333,98.75,"1b","1b","1b","1b","1b","1b",1,NA,"b"
"2020-06-27 18:00:00",0.607016666666667,0.592466666666667,0.575233333333333,0,11.3378333333333,1.35666666666667,97.7666666666667,"1b","1b","1b","1b","1b","1b",1,NA,"b"
"2020-06-27 19:00:00",0.0776333333333333,0.0575333333333333,0.0434,0,11.629,-7.53833333333333,92.1166666666667,"1b","1b","1b","1b","1b","1b",1,NA,"b"
"2020-06-27 20:00:00",0.198833333333333,0.206566666666667,0.166583333333333,0,11.7635,-5.25166666666667,95.8666666666667,"1b","1b","1b","1b","1b","1b",1,NA,"b"
"2020-06-27 21:00:00",2.162,2.15835,2.14595,0,12.5968333333333,12.605,97.75,"1b","1b","1b","1b","1b","1b",1,NA,"b"
"2020-06-27 22:00:00",0.0185,0.004,0.004,0,14.03,-9.11666666666667,98.6166666666667,"1b","1b","1b","1b","1b","1b",1,NA,"b"
"2020-06-27 23:00:00",0.0148166666666667,0.0148166666666667,0.0148166666666667,0,14.0368333333333,-7.91666666666667,98.95,"1b","1b","1b","1b","1b","1b",1,NA,"b"
"2020-06-28 00:00:00",0,0,0,0,14.04,-9.9,100,"1b","1b","1b","1b","1b","1b",1,NA,"b"
"2020-06-28 00:00:00",0,0,0,0,14.04,-9.9,100,"1b","1b","1b","1b","1b","1b",1,NA,"b"
"2020-06-28 01:00:00",0,0,0,0,14.04,-9.9,99.9333333333333,"1b","1b","1b","1b","1b","1b",1,NA,"b"
"2020-06-28 02:00:00",0,0,0,0,14.04,-9.9,100,"1b","1b","1b","1b","1b","1b",1,NA,"b"
"2020-06-28 03:00:00",0,0,0,0,14.04,-9.9,99.8666666666667,"1b","1b","1b","1b","1b","1b",1,NA,"b"
"2020-06-28 04:00:00",0,0,0,0,14.04,-9.9,100,"1b","1b","1b","1b","1b","1b",1,NA,"b"
"2020-06-28 05:00:00",0,0,0,0,14.04,-9.9,99.75,"1b","1b","1b","1b","1b","1b",1,NA,"b"
"2020-06-28 06:00:00",0.000166666666666667,0.00015,0.00015,0,14.04,-9.87333333333333,98.3333333333333,"1b","1b","1b","1b","1b","1b",1,NA,"b"
"2020-06-28 07:00:00",0.000666666666666667,7e-04,7e-04,0,14.04,-9.76333333333333,93.3166666666667,"1b","1b","1b","1b","1b","1b",1,NA,"b"
"2020-06-28 08:00:00",0.00421666666666667,0.0042,0.0042,0,14.05,-9.19333333333333,95.9666666666667,"1b","1b","1b","1b","1b","1b",1,NA,"b"
"2020-06-28 09:00:00",0.111666666666667,0.1127,0.09525,0,14.1011666666667,-6.46833333333333,94.15,"1b","1b","1b","1b","1b","1b",1,NA,"b"
"2020-06-28 10:00:00",0.123983333333333,0.141283333333333,0.138333333333333,0,14.2353333333333,-6.39333333333333,94.9333333333333,"1b","1b","1b","1b","1b","1b",1,NA,"b"
"2020-06-28 11:00:00",0.226066666666667,0.2229,0.20925,0,14.3898333333333,-3.095,95.5666666666667,"1b","1b","1b","1b","1b","1b",1,NA,"b"
"2020-06-28 12:00:00",0.28165,0.276866666666667,0.18325,0,14.6725,-3.56,98.55,"1b","1b","1b","1b","1b","1b",1,NA,"b"
"2020-06-28 13:00:00",0.212566666666667,0.20925,0.0422166666666667,0,14.902,-4.88833333333333,97.9833333333333,"1b","1b","1b","1b","1b","1b",1,NA,"b"
"2020-06-28 14:00:00",0.493683333333333,0.487,0.473083333333333,0,15.3085,1.67,94.6666666666667,"1b","1b","1b","1b","1b","1b",1,NA,"b"
"2020-06-28 15:00:00",0.0252,0.0249,0.02355,0,15.5081666666667,-7.96666666666667,93.1333333333333,"1b","1b","1b","1b","1b","1b",1,NA,"b"
"2020-06-28 16:00:00",0,0,0,0,15.52,-9.9,96.2333333333333,"1b","1b","1b","1b","1b","1b",1,NA,"b"
"2020-06-28 17:00:00",0,0,0,0,15.52,-9.9,94.6833333333333,"1b","1b","1b","1b","1b","1b",1,NA,"b"
"2020-06-28 18:00:00",0,0,0,0,15.52,-9.9,97.4,"1b","1b","1b","1b","1b","1b",1,NA,"b"
"2020-06-28 19:00:00",0.000533333333333333,6e-04,0,0,15.52,-9.795,95.5666666666667,"1b","1b","1b","1b","1b","1b",1,NA,"b"
"2020-06-28 20:00:00",0.000966666666666667,0.000883333333333333,0,0,15.5218333333333,-9.76833333333333,96.7833333333333,"1b","1b","1b","1b","1b","1b",1,NA,"b"
"2020-06-28 21:00:00",0.344183333333333,0.360233333333333,0,0,15.6085,-9.33833333333333,97.5833333333333,"1b","1b","1b","1b","1b","1b",1,NA,"b"
"2020-06-28 22:00:00",0.478683333333333,0.472066666666667,0,0,16.1228333333333,-9.53666666666667,94.8833333333333,"1b","1b","1b","1b","1b","1b",1,NA,"b"
"2020-06-28 23:00:00",0.45675,0.449266666666667,0,0,16.652,-9.515,97.2833333333333,"1b","1b","1b","1b","1b","1b",1,NA,"b"
"2020-06-29 00:00:00",0.078,0.134,0,0,16.81,-9.9,100,"1b","1b","1b","1b","1b","1b",1,NA,"b"
"2020-06-29 00:00:00",0.425689655172414,0.441413793103448,0,0,16.9970689655172,-9.09137931034483,97.0344827586207,"1b","1b","1b","1b","1b","1b",1,NA,"b"
"2020-06-29 01:00:00",0.263583333333333,0.248516666666667,0,0,17.3745,-9.61833333333333,94.75,"1b","1b","1b","1b","1b","1b",1,NA,"b"
"2020-06-29 02:00:00",0.51065,0.53945,0,0,17.7473333333333,-9.17666666666667,96.1833333333333,"1b","1b","1b","1b","1b","1b",1,NA,"b"
"2020-06-29 03:00:00",0.540683333333333,0.53075,0,0,18.2983333333333,-9.28666666666667,96.9333333333333,"1b","1b","1b","1b","1b","1b",1,NA,"b"
"2020-06-29 04:00:00",0.535033333333333,0.515516666666667,0.000733333333333333,0,18.8693333333333,-8.97333333333333,93.55,"1b","1b","1b","1b","1b","1b",1,NA,"b"
"2020-06-29 05:00:00",0.4912,0.49605,0,0,19.3496666666667,-9.13333333333333,95.9,"1b","1b","1b","1b","1b","1b",1,NA,"b"
"2020-06-29 06:00:00",0.518816666666667,0.519183333333333,0,0,19.8655,-9.16833333333333,99.0166666666667,"1b","1b","1b","1b","1b","1b",1,NA,"b"
"2020-06-29 07:00:00",0.618516666666667,0.623516666666667,0,0,20.3625,-8.895,96.6666666666667,"1b","1b","1b","1b","1b","1b",1,NA,"b"
"2020-06-29 08:00:00",0.644566666666667,0.653183333333333,0,0,21.0558333333333,-8.41666666666667,99.1,"1b","1b","1b","1b","1b","1b",1,NA,"b"
"2020-06-29 09:00:00",0.703216666666667,0.7076,0.0300333333333333,0,21.7546666666667,-8.43,98.2666666666667,"1b","1b","1b","1b","1b","1b",1,NA,"b"
"2020-06-29 10:00:00",0.82735,0.813416666666667,0,0,22.4501666666667,-7.94,99.25,"1b","1b","1b","1b","1b","1b",1,NA,"b"
"2020-06-29 11:00:00",0.574866666666667,0.596166666666667,0,0,23.2243333333333,-8.77,99.6666666666667,"1b","1b","1b","1b","1b","1b",1,NA,"b"
"2020-06-29 12:00:00",0.541466666666667,0.529166666666667,0,0,23.7293333333333,-8.79,97.5666666666667,"1b","1b","1b","1b","1b","1b",1,NA,"b"
"2020-06-29 13:00:00",0.7047,0.699033333333333,8.33333333333333e-05,0,24.3231666666667,-8.46333333333333,97.8833333333333,"1b","1b","1b","1b","1b","1b",1,NA,"b"
"2020-06-29 14:00:00",0.633633333333333,0.6331,0,0,25.0381666666667,-8.86166666666667,97.45,"1b","1b","1b","1b","1b","1b",1,NA,"b"
"2020-06-29 15:00:00",0.39265,0.3843,0,0,25.5581666666667,-9.35833333333333,94.6,"1b","1b","1b","1b","1b","1b",1,NA,"b"
"2020-06-29 16:00:00",0.2022,0.201666666666667,0.00101666666666667,0,25.8315,-9.16666666666667,92.9666666666667,"1b","1b","1b","1b","1b","1b",1,NA,"b"
"2020-06-29 17:00:00",0.651616666666667,0.693566666666667,0,0,26.3018333333333,-8.74,98.3666666666667,"1b","1b","1b","1b","1b","1b",1,NA,"b"
"2020-06-29 18:00:00",0.175533333333333,0.13015,0,0,26.7013333333333,-9.81666666666667,93.7833333333333,"1b","1b","1b","1b","1b","1b",1,NA,"b"
"2020-06-29 19:00:00",0.2595,0.275116666666667,0,0,26.8811666666667,-9.485,95.8166666666667,"1b","1b","1b","1b","1b","1b",1,NA,"b"
"2020-06-29 20:00:00",0.218816666666667,0.202883333333333,0,0,27.119,-9.74166666666667,92.8666666666667,"1b","1b","1b","1b","1b","1b",1,NA,"b"
"2020-06-29 21:00:00",0.155833333333333,0.166,0,0,27.2875,-9.73,97.2666666666667,"1b","1b","1b","1b","1b","1b",1,NA,"b"
"2020-06-29 22:00:00",0.209066666666667,0.20005,0,0,27.5216666666667,-9.57166666666667,94.7666666666667,"1b","1b","1b","1b","1b","1b",1,NA,"b"
"2020-06-29 23:00:00",0.2782,0.2836,0,0,27.7511666666667,-9.53,96.8166666666667,"1b","1b","1b","1b","1b","1b",1,NA,"b"
"2020-06-30 00:00:00",0.186034482758621,0.194362068965517,0,0,27.981724137931,-9.49827586206897,95.4310344827586,"1b","1b","1b","1b","1b","1b",1,NA,"b"
"2020-06-30 01:00:00",0.1099,0.10595,0,0,28.1191666666667,-9.83833333333333,96.7166666666667,"1b","1b","1b","1b","1b","1b",1,NA,"b"
"2020-06-30 02:00:00",0.0797,0.07525,0,0,28.2135,-9.89,93.6166666666667,"1b","1b","1b","1b","1b","1b",1,NA,"b"
"2020-06-30 03:00:00",0.0759166666666667,0.0733166666666667,0,0,28.2913333333333,-9.80333333333333,94.3666666666667,"1b","1b","1b","1b","1b","1b",1,NA,"b"
"2020-06-30 04:00:00",0.0374333333333333,0.0403666666666667,0,0,28.3368333333333,-9.9,94.5333333333333,"1b","1b","1b","1b","1b","1b",1,NA,"b"
"2020-06-30 05:00:00",0.06865,0.0770666666666667,0,0,28.3901666666667,-9.83,94.7333333333333,"1b","1b","1b","1b","1b","1b",1,NA,"b"
"2020-06-30 06:00:00",0.0980833333333333,0.0863333333333333,0,0,28.4956666666667,-9.72333333333333,95.6166666666667,"1b","1b","1b","1b","1b","1b",1,NA,"b"
"2020-06-30 07:00:00",0.0229333333333333,0.02325,0.00755,0,28.5373333333333,-7.02,91.6833333333333,"1b","1b","1b","1b","1b","1b",1,NA,"b"
"2020-06-30 08:00:00",0.0748333333333333,0.0824833333333333,0.0197166666666667,0,28.5966666666667,-6.84833333333333,90.7,"1b","1b","1b","1b","1b","1b",1,NA,"b"
"2020-06-30 09:00:00",0.0139166666666667,0.00583333333333333,0.00146666666666667,0,28.636,-9.4,91.5166666666667,"1b","1b","1b","1b","1b","1b",1,NA,"b"
"2020-06-30 10:00:00",0.00671666666666667,0.00716666666666667,0,0,28.64,-9.72166666666667,94.85,"1b","1b","1b","1b","1b","1b",1,NA,"b"
"2020-06-30 11:00:00",0.0184833333333333,0.0179666666666667,0,0,28.6566666666667,-9.63166666666667,94.85,"1b","1b","1b","1b","1b","1b",1,NA,"b"
"2020-06-30 12:00:00",0.00556666666666667,0.00565,0,0,28.6646666666667,-9.75666666666667,92.4166666666667,"1b","1b","1b","1b","1b","1b",1,NA,"b"
"2020-06-30 13:00:00",0.01135,0.01125,0,0,28.6765,-9.68833333333333,96.1333333333333,"1b","1b","1b","1b","1b","1b",1,NA,"b"
"2020-06-30 14:00:00",0.0057,0.0057,0,0,28.6831666666667,-9.89,96.1333333333333,"1b","1b","1b","1b","1b","1b",1,NA,"b"
"2020-06-30 15:00:00",0.02625,0.02645,0,0,28.6986666666667,-9.72333333333333,96.5333333333333,"1b","1b","1b","1b","1b","1b",1,NA,"b"
"2020-06-30 16:00:00",0.02735,0.0280666666666667,0.00213333333333333,0,28.726,-9.68,94.75,"1b","1b","1b","1b","1b","1b",1,NA,"b"
"2020-06-30 17:00:00",0.0597833333333333,0.0653333333333333,0,0,28.7605,-9.79166666666667,95.5333333333333,"1b","1b","1b","1b","1b","1b",1,NA,"b"
"2020-06-30 18:00:00",0.256633333333333,0.252416666666667,0,0,28.9055,-8.80166666666667,95.4833333333333,"1b","1b","1b","1b","1b","1b",1,NA,"b"
"2020-06-30 19:00:00",0.327283333333333,0.459133333333333,0.179,0,29.228,-8.00833333333333,94.9666666666667,"1b","1b","1b","1b","1b","1b",1,NA,"b"
"2020-06-30 20:00:00",0.7664,0.632716666666667,0.60495,0,30.1026666666667,-0.0666666666666669,96.05,"1b","1b","1b","1b","1b","1b",1,NA,"b"
"2020-06-30 21:00:00",0.04065,0.04025,0,0,30.1778333333333,-9.9,96.9333333333333,"1b","1b","1b","1b","1b","1b",1,NA,"b"
"2020-06-30 22:00:00",0.024,0.024,0,0,30.1931666666667,-9.9,99.1333333333333,"1b","1b","1b","1b","1b","1b",1,NA,"b"
"2020-06-30 23:00:00",0.0110833333333333,0.0110833333333333,0,0,30.22,-9.9,98.4166666666667,"1b","1b","1b","1b","1b","1b",1,NA,"b"
