"date (UTC+0)","RH (%)","Temperature (C)","Station Level Pressure (hPa)","MSLP (hPa)","Flag"
2026-06-01,80.9130640166667,14.4332303333333,1000.44987085,1018.07892604803,NA
2026-06-01 01:00:00,81.7773352833333,13.8296636666667,1000.32232678333,1017.98652798052,NA
2026-06-01 02:00:00,82.3043632,13.55350255,1000.15614521667,1017.83456993629,NA
2026-06-01 03:00:00,84.3301248333333,13.3387007333333,999.717255683333,1017.40129061909,NA
2026-06-01 04:00:00,86.2269467333333,13.0724727333333,999.097990033333,1016.78766550541,NA
2026-06-01 05:00:00,84.8285582333333,13.6725172333333,998.841119466667,1016.48891580035,NA
2026-06-01 06:00:00,82.7575075666667,14.5053486,998.606449266667,1016.1985730765,NA
2026-06-01 07:00:00,79.8444623166667,15.1231472166667,998.3269165,1015.87611158087,NA
2026-06-01 08:00:00,76.9479737,15.9049477,997.858508233333,1015.35163209679,NA
2026-06-01 09:00:00,71.6771522666667,16.8715676333333,997.412544833333,1014.83902498286,NA
2026-06-01 10:00:00,75.0731899,16.9202831333333,997.2165731,1014.63667879404,NA
2026-06-01 11:00:00,75.0747867666667,17.60162405,996.75434665,1014.12525728761,NA
2026-06-01 12:00:00,74.7222501666667,18.1714102333333,996.1966563,1013.52356344349,NA
2026-06-01 13:00:00,76.76177785,18.1824767333333,995.871338766667,1013.19192031032,NA
2026-06-01 14:00:00,85.3848436,17.43634545,995.560665966667,1012.92072981283,NA
2026-06-01 15:00:00,90.8921416666667,16.8730681833333,994.8239512,1012.20511142779,NA
2026-06-01 16:00:00,92.4627282666667,16.7432734333333,993.9194072,1011.29260625861,NA
2026-06-01 17:00:00,92.8657016333333,16.9604644333333,993.0384583,1010.38315184134,NA
2026-06-01 18:00:00,93.0678710833333,16.8300051833333,992.108977283333,1009.44529933118,NA
2026-06-01 19:00:00,92.3143567333333,16.5586674333333,991.678793366667,1009.02397972283,NA
2026-06-01 20:00:00,97.5890882,15.5187709,991.1740052,1008.57337100244,NA
2026-06-01 21:00:00,99.8636739666667,15.1107269666667,990.595235133333,1008.00924875119,NA
2026-06-01 22:00:00,99.9804809166667,15.0551981333333,989.9814574,1007.38806362718,NA
2026-06-01 23:00:00,99.9912400833333,14.9589040666667,989.327843233333,1006.72882169172,NA
2026-06-02,100,14.8570205833333,988.624317366667,1006.01912731773,NA
2026-06-02 01:00:00,100,14.9048338166667,987.9738973,1005.35435216722,NA
2026-06-02 02:00:00,100,14.7629196333333,987.12844135,1004.50265943755,NA
2026-06-02 03:00:00,99.9619967666667,14.5163836333333,986.826472933333,1004.21039008711,NA
2026-06-02 04:00:00,98.6512259666667,14.4628694,986.397442733333,1003.77706364571,NA
2026-06-02 05:00:00,96.6938627833333,14.4784899666667,986.195742916667,1003.57085820319,NA
2026-06-02 06:00:00,94.23553475,14.1966311833333,986.15659175,1003.54821508169,NA
2026-06-02 07:00:00,86.7477957333333,15.6416054333333,986.07371625,1003.37615850619,NA
2026-06-02 08:00:00,83.1531586666667,15.7852053833333,986.409792083333,1003.70939940406,NA
2026-06-02 09:00:00,80.61138145,15.7976465,986.4065969,1003.70540772729,NA
2026-06-02 10:00:00,68.194425,18.3432816833333,986.253211416667,1003.39707209838,NA
2026-06-02 11:00:00,62.3830925833333,18.5916994333333,986.341580283333,1003.47217562008,NA
2026-06-02 12:00:00,60.9334522166667,19.1139874666667,986.054727266667,1003.1495017259,NA
2026-06-02 13:00:00,65.9320437666667,18.4838385166667,985.850726366667,1002.97918757665,NA
2026-06-02 14:00:00,72.6260174333333,17.9693154333333,986.391029966667,1003.5594157188,NA
2026-06-02 15:00:00,73.7048991333333,17.6782820333333,986.834255033333,1004.02767876889,NA
2026-06-02 16:00:00,78.8405698833333,17.1295763166667,987.681773966667,1004.92282878096,NA
2026-06-02 17:00:00,74.3590128,17.3087511333333,988.091353416667,1005.32877431065,NA
2026-06-02 18:00:00,70.88408445,17.03753515,988.428569533333,1005.68814280641,NA
2026-06-02 19:00:00,73.1516997666667,15.9646283666667,988.836766533333,1006.16809346402,NA
2026-06-02 20:00:00,77.78898045,14.9763365666667,989.2545867,1006.65323213042,NA
2026-06-02 21:00:00,81.4751226666667,14.22733005,989.73877245,1007.19168690686,NA
2026-06-02 22:00:00,85.3716231166667,13.3111671,989.918275783333,1007.43068379928,NA
2026-06-02 23:00:00,86.4721746166667,13.06415185,989.991989083333,1007.52093969839,NA
2026-06-03,87.7120594666667,12.788113,990.086983066667,1007.63469045917,NA
2026-06-03 01:00:00,89.9570298333333,12.2339438666667,989.951467033333,1007.53114193298,NA
2026-06-03 02:00:00,90.4057603333333,11.8090272,989.6176696,1007.21785777979,NA
2026-06-03 03:00:00,92.0030908666667,11.5820885666667,989.066846716667,1006.67137675744,NA
2026-06-03 04:00:00,91.5438761666667,12.0283968333333,988.630495266667,1006.19948744689,NA
2026-06-03 05:00:00,89.7333927166667,12.8529561666667,987.966802966667,1005.47293574039,NA
2026-06-03 06:00:00,86.02685235,13.3714772666667,987.122714266667,1004.58194898787,NA
2026-06-03 07:00:00,84.39970305,13.4284820833333,986.4370443,1003.88065201414,NA
2026-06-03 08:00:00,89.6607835333333,12.8116731333333,985.769691933333,1003.23942940405,NA
2026-06-03 09:00:00,91.4617479666667,12.8386333666667,984.420788566667,1001.86496158806,NA
2026-06-03 10:00:00,91.21432055,13.2050795666667,982.899269633333,1000.29399989204,NA
2026-06-03 11:00:00,90.4824640333333,14.2339580833333,981.483512366667,998.790543739026,NA
2026-06-03 12:00:00,81.0177685333333,17.2762889,980.427195266667,997.533034963914,NA
2026-06-03 13:00:00,69.0179845333333,19.1789808666667,979.6277568,996.607384968206,NA
2026-06-03 14:00:00,64.3590696666667,18.9938357833333,979.221847433333,996.20525986139,NA
2026-06-03 15:00:00,66.4172334666667,18.1040835166667,979.023812883333,996.056044554308,NA
2026-06-03 16:00:00,72.18935755,17.1360504333333,978.8953672,995.982606795773,NA
2026-06-03 17:00:00,69.1468699,16.5957317,978.833084016667,995.951381415395,NA
2026-06-03 18:00:00,72.8375437333333,15.5218348833333,978.849813883333,996.03265661904,NA
2026-06-03 19:00:00,82.1386540666667,13.6318534666667,978.916210866667,996.214513925491,NA
2026-06-03 20:00:00,80.5517788333333,13.3449334333333,978.941841533333,996.257998451437,NA
2026-06-03 21:00:00,76.7783952666667,13.5477067,978.6813192,995.980514369142,NA
2026-06-03 22:00:00,77.2681082166667,13.4677781666667,978.251149516667,995.547605692453,NA
2026-06-03 23:00:00,83.7731288,12.8457194666667,977.621335833333,994.944593407461,NA
2026-06-04,86.4434082333333,12.4344086666667,977.235355666667,994.576928212373,NA
2026-06-04 01:00:00,84.6550734166667,12.4319814333333,977.00091455,994.338475376227,NA
2026-06-04 02:00:00,87.9258308166667,12.174774,976.689556816667,994.037360253901,NA
2026-06-04 03:00:00,90.9364443666667,11.9283847833333,976.358054783333,993.715081132014,NA
2026-06-04 04:00:00,90.25103405,11.9859108666667,976.15018,993.499980971253,NA
2026-06-04 05:00:00,88.4923058666667,12.1084372,976.189112483333,993.532085243085,NA
2026-06-04 06:00:00,83.6932109333333,12.6635335,976.227567566667,993.53724998272,NA
2026-06-04 07:00:00,84.7037611666667,12.7014549,976.548993066667,993.862058066071,NA
2026-06-04 08:00:00,89.3260327333333,12.586361,977.225270533333,994.557369213445,NA
2026-06-04 09:00:00,81.3564395833333,14.5525705333333,977.766942366667,994.989127521924,NA
2026-06-04 10:00:00,75.7956735833333,15.37371265,978.352333433333,995.535331793019,NA
2026-06-04 11:00:00,70.1392708166667,15.8923909833333,979.096149633333,996.261068724119,NA
2026-06-04 12:00:00,64.6199437333333,17.5514779,979.672619666667,996.748873248725,NA
2026-06-04 13:00:00,59.6747904333333,18.10222655,980.381642583333,997.43759902397,NA
2026-06-04 14:00:00,59.3214957333333,18.2392122333333,980.990609733333,998.04906189006,NA
2026-06-04 15:00:00,61.5790506,17.9132304,981.58722235,998.675318637708,NA
2026-06-04 16:00:00,57.53410835,18.6583998,982.128202383333,999.181673850426,NA
2026-06-04 17:00:00,60.4863018333333,17.5111780333333,982.9267395,1000.06204546921,NA
2026-06-04 18:00:00,65.1567080333333,16.1970931333333,984.0869933,1001.32114382314,NA
2026-06-04 19:00:00,72.8164748666667,14.9791241,984.967946433333,1002.29106249208,NA
2026-06-04 20:00:00,74.4435760166667,14.1324560666667,986.060895733333,1003.45474916399,NA
2026-06-04 21:00:00,74.3247069,13.7210018833333,987.003433216667,1004.43910291776,NA
2026-06-04 22:00:00,74.6760945333333,13.3210969666667,987.763269,1005.23693558838,NA
2026-06-04 23:00:00,78.8779254666667,13.0074548,988.495188433333,1006.00114840591,NA
2026-06-05,83.5091734833333,12.1644382833333,989.081732183333,1006.65028279877,NA
2026-06-05 01:00:00,84.5959753666667,11.5915497333333,989.714515116667,1007.32999991451,NA
2026-06-05 02:00:00,86.7683120333333,11.0005990666667,990.3695018,1008.03361210661,NA
2026-06-05 03:00:00,85.1481131666667,11.5218203666667,991.1046254,1008.7491971066,NA
2026-06-05 04:00:00,83.1155756333333,11.1771679333333,991.854850266667,1009.53439586437,NA
2026-06-05 05:00:00,82.9425808,10.6888385333333,992.624082466667,1010.3480240238,NA
2026-06-05 06:00:00,78.7596344,11.7941689666667,993.382326166667,1011.0504119417,NA
2026-06-05 07:00:00,72.6043641833333,12.7091639,993.95421145,1011.57537083654,NA
2026-06-05 08:00:00,64.7739182333333,14.2320483833333,994.334022,1011.86774222942,NA
2026-06-05 09:00:00,61.6359983333333,14.8434848166667,994.570967566667,1012.07126193642,NA
2026-06-05 10:00:00,56.5716863166667,15.2071715666667,994.5952342,1012.07371163399,NA
2026-06-05 11:00:00,51.5463249,16.0062781333333,994.609429033333,1012.03943954224,NA
2026-06-05 12:00:00,50.0049985666667,16.0502193,994.874084466667,1012.30601900184,NA
2026-06-05 13:00:00,53.16580145,15.93779395,995.04602255,1012.48782235598,NA
2026-06-05 14:00:00,50.5420832,16.72902065,994.820955266667,1012.2108031059,NA
2026-06-05 15:00:00,52.9334494666667,16.5789466333333,994.658888766667,1012.05497373699,NA
2026-06-05 16:00:00,49.8831338,16.8125692666667,994.447357133333,1011.82561962802,NA
2026-06-05 17:00:00,56.3595529,15.6751723333333,994.428131433333,1011.8750844365,NA
2026-06-05 18:00:00,59.214451,14.9237737,994.3466127,1011.83802297881,NA
2026-06-05 19:00:00,63.4355793833333,14.4416106833333,994.261901883333,1011.78139783142,NA
2026-06-05 20:00:00,67.2335382666667,13.9472130166667,994.17698055,1011.72542048642,NA
2026-06-05 21:00:00,67.0130342,13.2718149666667,994.098209583333,1011.68699419049,NA
2026-06-05 22:00:00,68.6867883833333,12.7029521,993.807234783333,1011.42616913765,NA
2026-06-05 23:00:00,74.8985360666667,12.0190965333333,993.2591532,1010.91098434032,NA
2026-06-06,82.2730151666667,11.0869491666667,992.7678549,1010.46932357474,NA
2026-06-06 01:00:00,88.1386952333333,10.4170565666667,992.10050865,1009.83222901715,NA
2026-06-06 02:00:00,90.2033288833333,10.1267260833333,991.221837366667,1008.95617072967,NA
2026-06-06 03:00:00,92.0925987,10.1083951333333,990.3356242,1008.05526062411,NA
2026-06-06 04:00:00,94.0710021333333,10.3691456,989.387815366667,1007.07406831192,NA
2026-06-06 05:00:00,94.6155694833333,10.7036932,988.5888326,1006.23979269327,NA
2026-06-06 06:00:00,93.9245936166667,10.81972115,987.724586,1005.35283994753,NA
2026-06-06 07:00:00,93.28188955,11.02332685,987.123626716667,1004.72842710329,NA
2026-06-06 08:00:00,91.9048989,11.5784264833333,986.5508281,1004.11081769927,NA
2026-06-06 09:00:00,91.1383101833333,12.6512985666667,986.150649016667,1003.63704792585,NA
2026-06-06 10:00:00,84.3961070333333,14.6419287,985.853017233333,1003.21223156407,NA
2026-06-06 11:00:00,76.1321295333333,16.1676358333333,985.766479466667,1003.03178101336,NA
2026-06-06 12:00:00,72.9579007666667,16.0641331333333,985.706970233333,1002.9774393804,NA
2026-06-06 13:00:00,71.77809915,16.5697022166667,985.82371935,1003.06585984099,NA
2026-06-06 14:00:00,88.4251282666667,14.72593205,986.259153166667,1003.62033556105,NA
2026-06-06 15:00:00,92.9426704833333,14.9767631833333,986.668277866667,1004.02141543014,NA
2026-06-06 16:00:00,90.3225696166667,15.7758069,987.2609863,1004.57609084528,NA
2026-06-06 17:00:00,90.0588370833333,16.4062707666667,988.47046405,1005.76870780425,NA
2026-06-06 18:00:00,92.8655467166667,15.54646905,990.005725133333,1007.38294165856,NA
2026-06-06 19:00:00,94.0802590333333,14.3866449833333,991.718179316667,1009.19627168018,NA
2026-06-06 20:00:00,92.6481004833333,13.2568169666667,993.2064993,1010.78043494889,NA
2026-06-06 21:00:00,91.8038392333333,13.5691125333333,994.567305466667,1012.14597751177,NA
2026-06-06 22:00:00,87.7248297666667,13.2177515333333,995.854854333333,1013.4780785337,NA
2026-06-06 23:00:00,85.3422112666667,12.5014484166667,996.9390991,1014.62617052125,NA
2026-06-07,87.0798456166667,11.3443734666667,997.885987333333,1015.66248313329,NA
2026-06-07 01:00:00,85.9962899666667,11.0038274666667,998.672387633333,1016.4843817563,NA
2026-06-07 02:00:00,85.8914705333333,11.0886142333333,999.049449616667,1016.86280590376,NA
2026-06-07 03:00:00,85.4984350666667,11.3847260833333,999.449857633333,1017.25164533645,NA
2026-06-07 04:00:00,86.7163816833333,11.1105935166667,999.756405633333,1017.58098186632,NA
2026-06-07 05:00:00,85.57859885,11.7841412333333,1000.27723688333,1018.06858003329,NA
2026-06-07 06:00:00,86.5821534,12.7513352,1000.89835303333,1018.63997321308,NA
2026-06-07 07:00:00,86.9081446,13.5662025333333,1001.3406657,1019.03924728684,NA
2026-06-07 08:00:00,86.6169303666667,13.8340882,1001.72482303333,1019.41352958864,NA
2026-06-07 09:00:00,81.5621570333333,15.0654464,1001.6359783,1019.24689150307,NA
2026-06-07 10:00:00,73.7018656666667,16.35030105,1001.64492075,1019.17714931513,NA
2026-06-07 11:00:00,65.7205494833333,17.2026878,1001.61629046667,1019.09609495741,NA
2026-06-07 12:00:00,66.8512508166667,16.8504562666667,1001.8752236,1019.38097830528,NA
2026-06-07 13:00:00,66.64587155,16.9679808333333,1002.0119018,1019.51288461423,NA
2026-06-07 14:00:00,64.5389697833333,17.0605671,1001.99793995,1019.49303266996,NA
2026-06-07 15:00:00,64.0562421666667,17.5609146,1001.76649373333,1019.22718469994,NA
2026-06-07 16:00:00,66.7126003666667,17.1485825666667,1001.4487203,1018.92889179302,NA
2026-06-07 17:00:00,68.4379581333333,16.7373556,1001.2632671,1018.76519343683,NA
2026-06-07 18:00:00,73.0797880166667,16.2276592,1000.92238161667,1018.44944731062,NA
2026-06-07 19:00:00,81.0303405,14.8611619333333,1000.67766106667,1018.28434082595,NA
2026-06-07 20:00:00,89.9968074,13.7435687,1000.3809449,1018.05153599516,NA
2026-06-07 21:00:00,94.1010122333333,13.2359323333333,1000.0325174,1017.72853066912,NA
2026-06-07 22:00:00,93.30233085,13.1209818,999.53410955,1017.22846790573,NA
2026-06-07 23:00:00,92.9432038333333,13.0185074666667,998.893773366667,1016.58318289853,NA
2026-06-08,93.0091732166667,12.8512354,998.267409316667,1015.95615785949,NA
2026-06-08 01:00:00,92.9563529666667,12.6764223833333,997.521070333333,1015.20749892805,NA
2026-06-08 02:00:00,92.3781224,12.6589095,996.881410866667,1014.55759130595,NA
2026-06-08 03:00:00,91.6211212666667,12.6858135333333,996.294869,1013.95897132914,NA
2026-06-08 04:00:00,91.2037992,12.7032318,995.760072833333,1013.41360849433,NA
2026-06-08 05:00:00,92.0896319833333,12.7513317,995.482139066667,1013.12775171322,NA
2026-06-08 06:00:00,92.3359412666667,12.85514215,995.575772116667,1013.21658288292,NA
2026-06-08 07:00:00,93.1135567166667,12.7095033333333,995.435440133333,1013.08283007818,NA
2026-06-08 08:00:00,94.8285488135593,12.042539,996.033480338983,1013.73315045349,NA
2026-06-08 09:00:00,94.8666695166667,12.171626,995.889189683333,1013.57820594982,NA
2026-06-08 10:00:00,86.0809704,13.5538242,995.9885498,1013.59351695305,NA
2026-06-08 11:00:00,72.87700295,15.7783848833333,996.183853133333,1013.65531297101,NA
2026-06-08 12:00:00,64.4617613333333,16.1884713333333,996.134383183333,1013.58011708117,NA
2026-06-08 13:00:00,63.1392068333333,16.6944183,996.092946333333,1013.50728526768,NA
2026-06-08 14:00:00,56.4791795666667,17.4931018333333,996.290301566667,1013.65966762229,NA
2026-06-08 15:00:00,55.6614391666667,16.7310668666667,996.260994366667,1013.67587262221,NA
2026-06-08 16:00:00,54.1937864166667,16.8549959666667,996.2829682,1013.69076346021,NA
2026-06-08 17:00:00,50.7490205333333,16.0330945833333,996.671927883333,1014.13649374015,NA
2026-06-08 18:00:00,52.40559845,14.60496885,996.9056813,1014.46172905547,NA
2026-06-08 19:00:00,57.04051555,13.2620985166667,997.106230666667,1014.74887478853,NA
2026-06-08 20:00:00,63.9169658333333,11.8792952333333,997.301285766667,1015.03376165679,NA
2026-06-08 21:00:00,70.8617346166667,10.50916035,997.525634566667,1015.34848617973,NA
2026-06-08 22:00:00,74.3585512333333,10.1995476,997.61446735,1015.45854693053,NA
2026-06-08 23:00:00,76.4366350333333,10.4901331166667,997.34043165,1015.16117530172,NA
2026-06-09,80.2535989333333,9.65869396666667,997.155676366667,1015.02597328248,NA
2026-06-09 01:00:00,83.9257926,8.94898373333333,996.7861755,1014.69518680554,NA
2026-06-09 02:00:00,86.9438467,8.42891676666667,996.391025833333,1014.32629449444,NA
2026-06-09 03:00:00,87.6189490166667,8.34509183333333,996.062948566667,1013.99770305706,NA
2026-06-09 04:00:00,85.4161097666667,9.12709513333333,995.962921183333,1013.8457610541,NA
2026-06-09 05:00:00,84.6675082333333,9.55230561666667,996.099125083333,1013.95725593476,NA
2026-06-09 06:00:00,83.3042076666667,10.2920326333333,996.320731516667,1014.13584040484,NA
2026-06-09 07:00:00,81.4111782,11.1395331,996.498169033333,1014.26288573728,NA
2026-06-09 08:00:00,71.2817712333333,13.1621597,996.530670166667,1014.16934976341,NA
2026-06-09 09:00:00,62.6809309,14.1054507,996.433152266667,1014.01164939763,NA
2026-06-09 10:00:00,64.2647793333333,14.1138659666667,996.2605264,1013.83555921089,NA
2026-06-09 11:00:00,61.9911348333333,14.8941869333333,996.277925733333,1013.80523943689,NA
2026-06-09 12:00:00,55.6229396,16.1744983,996.179504433333,1013.62676037371,NA
2026-06-09 13:00:00,51.2277800333333,16.9296569,996.164383966667,1013.56556940844,NA
2026-06-09 14:00:00,47.9191845666667,17.1572530333333,996.276779216667,1013.6661584129,NA
2026-06-09 15:00:00,46.02092255,17.6619585166667,996.304936933333,1013.66434866188,NA
2026-06-09 16:00:00,47.1404883166667,17.1953813833333,996.5313579,1013.92286927104,NA
2026-06-09 17:00:00,51.4690427166667,16.1024324833333,996.742675766667,1014.20421815773,NA
2026-06-09 18:00:00,54.54240755,14.9100032333333,996.876822883333,1014.41359219124,NA
2026-06-09 19:00:00,58.3701285666667,13.9480417666667,997.1904764,1014.79208666592,NA
2026-06-09 20:00:00,64.0600898333333,12.72703,997.778391633333,1015.46626717757,NA
2026-06-09 21:00:00,69.8661160666667,11.7505394,998.121331733333,1015.87643327371,NA
2026-06-09 22:00:00,71.0359333666667,11.21744685,998.2419892,1016.03283551532,NA
2026-06-09 23:00:00,75.1525261666667,10.1595903,998.42651485,1016.28768054226,NA
2026-06-10,80.0982464333333,9.36419793333333,998.343859833333,1016.25427218708,NA
2026-06-10 01:00:00,83.2193351666667,9.10217423333333,998.389662566667,1016.31765974166,NA
2026-06-10 02:00:00,84.4827981833333,9.14668906666667,998.30012525,1016.22366113738,NA
2026-06-10 03:00:00,84.0239466333333,9.28716546666667,998.216794883333,1016.12984246304,NA
2026-06-10 04:00:00,82.7460282833333,9.28711316666667,998.167806016667,1016.07997905348,NA
2026-06-10 05:00:00,80.64466005,9.90319438333333,998.545100966667,1016.42473517814,NA
2026-06-10 06:00:00,75.3779127666667,11.5028279333333,999.015570033333,1016.80220609984,NA
2026-06-10 07:00:00,77.0856420666667,11.495378,999.332411633333,1017.12515544109,NA
2026-06-10 08:00:00,73.1328029,12.5516783,999.4967955,1017.2260991409,NA
2026-06-10 09:00:00,63.4764063333333,14.1517493,999.455592816667,1017.08457440502,NA
2026-06-10 10:00:00,58.7321333666667,15.08623285,999.1996378,1016.76645737903,NA
2026-06-10 11:00:00,59.9106221166667,15.2146949166667,999.205125983333,1016.76429337521,NA
2026-06-10 12:00:00,81.3122864833333,13.3459512333333,999.247711166667,1016.92323405213,NA
2026-06-10 13:00:00,78.9509571,13.5233980666667,999.560428783333,1017.23053109536,NA
2026-06-10 14:00:00,88.2891318166667,12.20189835,999.779304,1017.53558519687,NA
2026-06-10 15:00:00,89.45172555,12.0229194833333,1000.04441015,1017.81661017641,NA
2026-06-10 16:00:00,83.7976157333333,13.2876243833333,1000.14582723333,1017.84064008097,NA
2026-06-10 17:00:00,82.5395745666667,12.5008223333333,1000.33653766667,1018.08390194928,NA
2026-06-10 18:00:00,84.1960849333333,12.2583644666667,1000.9670411,1018.74082885142,NA
2026-06-10 19:00:00,90.9439037666667,11.2338509333333,1001.264203,1019.107855888,NA
2026-06-10 20:00:00,88.7351122833333,10.4148214,1001.98397318333,1019.89250561196,NA
2026-06-10 21:00:00,90.6640748,9.47671775,1002.49015803333,1020.46773165567,NA
2026-06-10 22:00:00,92.8298105166667,8.6671004,1002.51282243333,1020.54290392937,NA
2026-06-10 23:00:00,93.7596537,8.51493116666667,1002.68934038333,1020.73241995818,NA
2026-06-11,90.5130140666667,8.89816268333333,1002.8212026,1020.84191629321,NA
2026-06-11 01:00:00,90.9629344666667,8.85573613333333,1002.56981605,1020.58874602375,NA
2026-06-11 02:00:00,90.04881435,9.05749526666667,1002.50434881667,1020.5091060912,NA
2026-06-11 03:00:00,90.5380132,9.23193391666667,1002.53847045,1020.53261844354,NA
2026-06-11 04:00:00,90.5182512333333,9.39696396666667,1002.3649292,1020.34536054986,NA
2026-06-11 05:00:00,89.8210203333333,9.80772226666667,1002.20100493333,1020.15217364623,NA
2026-06-11 06:00:00,90.0018698666667,10.2702247333333,1002.3859985,1020.31091382302,NA
2026-06-11 07:00:00,93.3306623166667,10.3673093333333,1001.93863825,1019.84936369473,NA
2026-06-11 08:00:00,94.89245335,10.7633773166667,1001.59501135,1019.47440255502,NA
2026-06-11 09:00:00,94.573559,10.949911,1000.73855798333,1018.59081976254,NA
2026-06-11 10:00:00,96.3893313166667,10.6886602833333,999.65980115,1017.50938628601,NA
2026-06-11 11:00:00,98.7863055666667,10.3636927166667,998.53640245,1016.38654130276,NA
2026-06-11 12:00:00,98.4730616166667,11.1565527166667,997.6588816,1015.44318337982,NA
2026-06-11 13:00:00,96.88201725,13.1538599,997.209487866667,1014.86077040925,NA
2026-06-11 14:00:00,96.0485732333333,15.0206727166667,997.228714033333,1014.76489111638,NA
2026-06-11 15:00:00,95.6346150333333,16.14212395,997.51120905,1014.98374822771,NA
2026-06-11 16:00:00,94.9512238,16.387016,998.020137566667,1015.48666787825,NA
2026-06-11 17:00:00,92.9799554,16.6405893333333,998.272440633333,1015.72796530926,NA
2026-06-11 18:00:00,92.11871365,16.6368013666667,998.595699083333,1016.05710706665,NA
2026-06-11 19:00:00,90.9411154666667,16.3715073833333,999.067532266667,1016.55333664596,NA
2026-06-11 20:00:00,91.0025654666667,16.2606106166667,999.538915916667,1017.03973415733,NA
2026-06-11 21:00:00,91.7312113833333,16.0336334833333,999.818896366667,1017.33847497683,NA
2026-06-11 22:00:00,92.0284749,15.8769768,1000.1458312,1017.68072159247,NA
2026-06-11 23:00:00,93.7544325666667,15.5090894333333,1000.2998963,1017.86003337224,NA
2026-06-12,94.3667390333333,15.2517176,1000.43177086667,1018.01003214779,NA
2026-06-12 01:00:00,93.9675097166667,15.0640892666667,1000.8031097,1018.39944453654,NA
2026-06-12 02:00:00,94.0197298666667,14.8163393,1000.92857155,1018.54238423354,NA
2026-06-12 03:00:00,94.4853286333333,14.6427191333333,1001.09020993333,1018.71758810824,NA
2026-06-12 04:00:00,93.0718925,14.6934073,1001.43040163333,1019.06063721502,NA
2026-06-12 05:00:00,93.2357614,14.753336,1001.57142336667,1019.20044037642,NA
2026-06-12 06:00:00,94.4034100666667,14.7836748166667,1001.89125876667,1019.52403005248,NA
2026-06-12 07:00:00,91.7940030333333,15.1944853833333,1002.1158347,1019.72721818678,NA
2026-06-12 08:00:00,87.7961629166667,15.9995627333333,1001.98992303333,1019.54971430589,NA
2026-06-12 09:00:00,81.4564986666667,17.53756775,1001.95307923333,1019.41846327589,NA
2026-06-12 10:00:00,77.6544018,18.6067988333333,1002.15933945,1019.56372882783,NA
2026-06-12 11:00:00,77.9043301333333,19.1776797,1002.593868,1019.97152377792,NA
2026-06-12 12:00:00,69.1810395333333,20.846994,1002.46200563333,1019.73787426898,NA
2026-06-12 13:00:00,59.6307174166667,21.8156847,1002.50892843333,1019.72836730609,NA
2026-06-12 14:00:00,55.4680691833333,22.0206406,1002.55608005,1019.76426628863,NA
2026-06-12 15:00:00,54.5677525,21.6945328333333,1002.50137323333,1019.72780371742,NA
2026-06-12 16:00:00,53.7379807,21.2021604,1002.80449013333,1020.06520999666,NA
2026-06-12 17:00:00,57.2436724,19.7580952666667,1003.0901977,1020.44170801278,NA
2026-06-12 18:00:00,57.9396813,18.6978882666667,1003.19895238333,1020.61592453796,NA
2026-06-12 19:00:00,65.0669864333333,17.3128291833333,1003.35348003333,1020.85690517051,NA
2026-06-12 20:00:00,70.2655519166667,16.2803829166667,1003.53022755,1021.09976072465,NA
2026-06-12 21:00:00,71.1928138166667,15.3778746666667,1003.87796621667,1021.50900996757,NA
2026-06-12 22:00:00,73.3768116,14.6997448666667,1004.23671873333,1021.91598043065,NA
2026-06-12 23:00:00,78.3236611,13.4305702333333,1004.35622973333,1022.11659731065,NA
2026-06-13,82.2048291,12.6458213,1004.53845203333,1022.35123439815,NA
2026-06-13 01:00:00,84.6637219333333,11.9407176666667,1004.45948795,1022.31530612493,NA
2026-06-13 02:00:00,84.9901328,11.6277853333333,1004.46635436667,1022.3420867757,NA
2026-06-13 03:00:00,83.0229191333333,11.2208816666667,1004.61584473333,1022.52005190857,NA
2026-06-13 04:00:00,83.3614202333333,10.82573005,1004.6657653,1022.59599256955,NA
2026-06-13 05:00:00,78.6149391166667,11.8157006166667,1004.80929776667,1022.67928063941,NA
2026-06-13 06:00:00,68.78685975,13.9892968,1005.26945913333,1023.01114650307,NA
2026-06-13 07:00:00,68.81562895,13.6937515833333,1005.7378651,1023.50620236738,NA
2026-06-13 08:00:00,58.8810098166667,15.4895200166667,1005.91554245,1023.57554688002,NA
2026-06-13 09:00:00,54.9404953333333,17.1074012333333,1005.96520983333,1023.52678522735,NA
2026-06-13 10:00:00,54.0077075,17.3997494,1006.03845206667,1023.5834592107,NA
2026-06-13 11:00:00,54.6923268,17.2753238,1006.1181316,1023.67209040909,NA
2026-06-13 12:00:00,53.68212295,17.8983370833333,1005.9645181,1023.47788250414,NA
2026-06-13 13:00:00,53.7041771666667,18.38417265,1005.81409713333,1023.2954069015,NA
2026-06-13 14:00:00,53.6590514833333,18.5885131,1005.5405231,1023.00474224913,NA
2026-06-13 15:00:00,50.5053926333333,19.3935835,1005.44941698333,1022.86357193612,NA
2026-06-13 16:00:00,51.8950191333333,19.05759815,1005.46955868333,1022.90425605989,NA
2026-06-13 17:00:00,55.7936028666667,17.3646433,1005.5315908,1023.06990706105,NA
2026-06-13 18:00:00,59.0042796833333,16.342183,1005.66851405,1023.27168043815,NA
2026-06-13 19:00:00,59.9951446333333,15.6926430833333,1005.80264296667,1023.44807812084,NA
2026-06-13 20:00:00,63.6853828666667,14.7918453333333,1005.85073043333,1023.55268767284,NA
2026-06-13 21:00:00,68.6793793,14.0216256666667,1006.1236287,1023.87829259851,NA
2026-06-13 22:00:00,75.5412783333333,12.7727093333333,1006.24267576667,1024.07772286444,NA
2026-06-13 23:00:00,81.1275778333333,11.8314996333333,1006.23786925,1024.13221493428,NA
2026-06-14,83.6204911666667,11.3321178,1006.10827625,1024.03201525231,NA
2026-06-14 01:00:00,85.8343734666667,10.71840095,1005.90475565,1023.86395466303,NA
2026-06-14 02:00:00,88.454175,9.94287178333333,1005.73557941667,1023.74137845459,NA
2026-06-14 03:00:00,89.5450496333333,9.61115365,1005.52700801667,1023.55037564896,NA
2026-06-14 04:00:00,87.6922377166667,10.3201608166667,1005.45422353333,1023.43085632894,NA
2026-06-14 05:00:00,84.4609087666667,11.2569005666667,1005.52723681667,1023.44540910286,NA
2026-06-14 06:00:00,81.07848355,12.4671852333333,1005.48603815,1023.32689264759,NA
2026-06-14 07:00:00,74.0518643666667,13.8900857333333,1005.61973048333,1023.37372949058,NA
2026-06-14 08:00:00,67.0370876333333,14.9647276333333,1005.44367263333,1023.12783830306,NA
2026-06-14 09:00:00,66.5456276333333,15.2665756,1005.3612731,1023.02524655808,NA
2026-06-14 10:00:00,63.7114997666667,16.3417423333333,1005.18270073333,1022.77739067604,NA
2026-06-14 11:00:00,60.8999031666667,17.29964625,1005.12134093333,1022.65647463685,NA
2026-06-14 12:00:00,56.3923484833333,18.5139849666667,1004.85554803333,1022.3123724123,NA
2026-06-14 13:00:00,54.0074053,19.5709986333333,1004.55448911667,1021.94250661666,NA
2026-06-14 14:00:00,53.9801494166667,19.56729125,1004.32692363333,1021.71122355046,NA
2026-06-14 15:00:00,51.3869048333333,20.0694079333333,1004.01969796667,1021.36870161065,NA
2026-06-14 16:00:00,52.7536058666667,20.1234961333333,1003.77243863333,1021.11392479237,NA
2026-06-14 17:00:00,57.3793372166667,18.7617731166667,1003.49633796667,1020.91460502979,NA
2026-06-14 18:00:00,60.52689715,18.0796839666667,1003.34133721667,1020.79806816816,NA
2026-06-14 19:00:00,63.1574391333333,16.9765604666667,1003.11492513333,1020.6346477505,NA
2026-06-14 20:00:00,64.2946367,16.4825790666667,1003.14744676667,1020.69787178052,NA
2026-06-14 21:00:00,69.7013955333333,15.1087542666667,1003.08700373333,1020.72079836071,NA
2026-06-14 22:00:00,74.4251369,14.0679521833333,1002.93910323333,1020.63470106444,NA
2026-06-14 23:00:00,77.1540499333333,13.6496671166667,1003.00343313333,1020.72621801501,NA
2026-06-15,78.1610448,12.6635823166667,1002.81410615,1020.59519846441,NA
2026-06-15 01:00:00,76.4292164,12.0014437833333,1002.5682099,1020.38658247051,NA
2026-06-15 02:00:00,77.6714108666667,11.4027529666667,1002.25503956667,1020.10565415635,NA
2026-06-15 03:00:00,79.4462373666667,11.0666697666667,1001.89147543333,1019.75689706931,NA
2026-06-15 04:00:00,83.2609636666667,10.8028553666667,1001.5242656,1019.39990187603,NA
2026-06-15 05:00:00,91.8283441,10.0781646833333,1001.18017475,1019.09577510078,NA
2026-06-15 06:00:00,93.36078985,10.1493106333333,1001.08104653333,1018.99033444165,NA
2026-06-15 07:00:00,92.8831976333333,10.6923014,1000.90384316667,1018.77542158292,NA
2026-06-15 08:00:00,90.6538456,11.3913226333333,1000.4262796,1018.24504665466,NA
2026-06-15 09:00:00,88.40676485,12.5523987166667,1000.00915211667,1017.74756129488,NA
2026-06-15 10:00:00,79.8031485,14.71863575,999.549444516667,1017.14513421624,NA
2026-06-15 11:00:00,75.7150871833333,15.8499188666667,999.135526583333,1016.65437005027,NA
2026-06-15 12:00:00,72.0351578833333,17.43848955,998.5041198,1015.91538798455,NA
2026-06-15 13:00:00,70.2358883333333,18.2748218666667,997.8836975,1015.23375879348,NA
2026-06-15 14:00:00,68.9242978,19.1386459,997.382789933333,1014.67244430221,NA
2026-06-15 15:00:00,70.3759157,19.2748938333333,996.850274633333,1014.12256922984,NA
2026-06-15 16:00:00,70.2525529,19.5919357833333,996.333557116667,1013.57803294477,NA
2026-06-15 17:00:00,71.9432043833333,19.3153932,995.958572433333,1013.21299794824,NA
2026-06-15 18:00:00,73.8301055333333,18.8555316,995.896748883333,1013.17750941646,NA
2026-06-15 19:00:00,76.2622108166667,18.0976968666667,995.754119766667,1013.07775754944,NA
2026-06-15 20:00:00,77.9057503333333,17.4846131333333,995.930629483333,1013.29420431348,NA
2026-06-15 21:00:00,79.249975,16.7495452166667,995.898340783333,1013.30575723868,NA
2026-06-15 22:00:00,80.3546466166667,16.0973398666667,995.8706563,1013.31718028054,NA
2026-06-15 23:00:00,82.54962505,15.6483067833333,995.8811868,1013.35525597159,NA
2026-06-16,85.4494684,15.3078552333333,995.871793633333,1013.36650154519,NA
2026-06-16 01:00:00,87.7018285,15.7317436333333,996.019232233333,1013.4906281991,NA
2026-06-16 02:00:00,89.4313506666667,15.3624185666667,996.031142166667,1013.52530921908,NA
2026-06-16 03:00:00,87.1470447833333,15.5977656833333,996.253433066667,1013.73711607256,NA
2026-06-16 04:00:00,85.8930127666667,15.5529675833333,996.446193416667,1013.93599682859,NA
2026-06-16 05:00:00,84.5286745,15.8418743666667,996.8550874,1014.33444275271,NA
2026-06-16 06:00:00,78.31824275,17.1902220833333,997.286854066667,1014.69186855636,NA
2026-06-16 07:00:00,75.2042472166667,17.8605729166667,997.637127583333,1015.00780617428,NA
2026-06-16 08:00:00,71.4265871666667,18.6612433333333,997.6231609,1014.94558877904,NA
2026-06-16 09:00:00,65.6081890333333,19.80943415,997.903841283333,1015.16256127246,NA
2026-06-16 10:00:00,62.8592478166667,20.7473244166667,998.159566216667,1015.36715908213,NA
2026-06-16 11:00:00,60.0790660333333,21.7283271333333,998.228942766667,1015.37998795565,NA
2026-06-16 12:00:00,54.3697659333333,22.5693953333333,998.174459033333,1015.27542885946,NA
2026-06-16 13:00:00,55.8404369,22.5977894333333,998.1849874,1015.28443452818,NA
2026-06-16 14:00:00,61.8451464,22.1702985,998.19987395,1015.32453928581,NA
2026-06-16 15:00:00,61.1238646,21.9216708333333,998.236255966667,1015.37608396602,NA
2026-06-16 16:00:00,62.2383587666667,21.6394060833333,998.330805483333,1015.48882447525,NA
2026-06-16 17:00:00,65.7937007833333,20.5475523,998.462458183333,1015.68708540522,NA
2026-06-16 18:00:00,72.8949810166667,19.5597151666667,998.507555166667,1015.79157248293,NA
2026-06-16 19:00:00,72.7439078333333,19.4298959,998.675840466667,1015.97050648614,NA
2026-06-16 20:00:00,74.7100374666667,19.0957787,999.059985333333,1016.38126431895,NA
2026-06-16 21:00:00,76.48482305,18.3127297333333,999.244049083333,1016.61547680001,NA
2026-06-16 22:00:00,81.4816280666667,17.4621686666667,999.12933575,1016.55002516002,NA
2026-06-16 23:00:00,82.3919857,17.2116104333333,998.995880233333,1016.42940602917,NA
2026-06-17,85.8112348,17.0988597333333,998.695975633333,1016.13109421565,NA
2026-06-17 01:00:00,89.2709353333333,16.9935449166667,998.293729566667,1015.72820780736,NA
2026-06-17 02:00:00,92.9393383333333,16.49245995,998.039371633333,1015.49982959433,NA
2026-06-17 03:00:00,94.4800918166667,16.1552714166667,998.0851675,1015.5669492885,NA
2026-06-17 04:00:00,94.8289486,16.21670785,998.122709116667,1015.60140414565,NA
2026-06-17 05:00:00,94.0006679,15.9112957333333,998.411625266667,1015.91401537598,NA
2026-06-17 06:00:00,94.7915070333333,15.7655798333333,998.392405066667,1015.90336275846,NA
2026-06-17 07:00:00,93.7706736666667,16.1410677,998.707419966667,1016.20096811067,NA
2026-06-17 08:00:00,91.6706859666667,17.2027961666667,998.9166687,1016.34938617188,NA
2026-06-17 09:00:00,88.4254542542373,18.0349300677966,999.206089813559,1016.59355717732,NA
2026-06-17 10:00:00,87.7661146333333,18.1789439,999.4189595,1016.80146907675,NA
2026-06-17 11:00:00,84.0578984,19.0705919,999.4654245,1016.79524209715,NA
2026-06-17 12:00:00,81.3751555833333,19.8078322166667,999.591800016667,1016.87983029058,NA
2026-06-17 13:00:00,81.1716590333333,19.9999377333333,999.8145629,1017.09499710896,NA
2026-06-17 14:00:00,81.6889375333333,19.7655524333333,1000.15477106667,1017.4550331978,NA
2026-06-17 15:00:00,78.9569531666667,20.2439623666667,1000.24588023333,1017.51927276868,NA
2026-06-17 16:00:00,79.26256045,20.5610986333333,1000.39103486667,1017.64811090237,NA
2026-06-17 17:00:00,77.9185109833333,20.7028484833333,1000.35506111667,1017.60312296433,NA
2026-06-17 18:00:00,77.2426586166667,20.2841119833333,1000.43956203333,1017.71391143931,NA
2026-06-17 19:00:00,80.1963624166667,19.3555322666667,1000.56387223333,1017.89569242753,NA
2026-06-17 20:00:00,82.8355146166667,18.40774005,1000.9322316,1018.32728763194,NA
2026-06-17 21:00:00,86.7281264333333,17.5268999333333,1001.29325866667,1018.7477653712,NA
2026-06-17 22:00:00,90.3508857333333,16.7985224666667,1001.46977536667,1018.97159477322,NA
2026-06-17 23:00:00,91.2247543,16.7619370666667,1001.49862666667,1019.00317147435,NA
2026-06-18,91.2271033833333,16.5864348666667,1001.48741168333,1019.00245951721,NA
2026-06-18 01:00:00,93.4947341666667,15.6017496,1001.37455046667,1018.94787089835,NA
2026-06-18 02:00:00,94.3894543666667,15.5177287666667,1001.21475223333,1018.79041795081,NA
2026-06-18 03:00:00,92.5360831666667,15.648786,1001.09478336667,1018.66030066027,NA
2026-06-18 04:00:00,93.0510783,15.7893779,1000.8081441,1018.36001862657,NA
2026-06-18 05:00:00,93.02174635,16.5286187666667,1000.7140656,1018.21911325674,NA
2026-06-18 06:00:00,89.0925457,17.4314767833333,1000.65980946667,1018.10905934214,NA
2026-06-18 07:00:00,83.5700649833333,18.2535422833333,1000.40362138333,1017.79877177444,NA
2026-06-18 08:00:00,78.38950005,19.3882703833333,1000.34088035,1017.66687014403,NA
2026-06-18 09:00:00,76.6384593,19.9554719833333,1000.30905573333,1017.60068847872,NA
2026-06-18 10:00:00,75.222832,20.1692805,1000.1579895,1017.43428696501,NA
2026-06-18 11:00:00,NA,NA,NA,NA,NA
2026-06-18 12:00:00,NA,NA,NA,NA,NA
2026-06-18 13:00:00,NA,NA,NA,NA,NA
2026-06-18 14:00:00,NA,NA,NA,NA,NA
2026-06-18 15:00:00,NA,NA,NA,NA,NA
2026-06-18 16:00:00,NA,NA,NA,NA,NA
2026-06-18 17:00:00,NA,NA,NA,NA,NA
2026-06-18 18:00:00,NA,NA,NA,NA,NA
2026-06-18 19:00:00,NA,NA,NA,NA,NA
2026-06-18 20:00:00,NA,NA,NA,NA,NA
2026-06-18 21:00:00,NA,NA,NA,NA,NA
2026-06-18 22:00:00,NA,NA,NA,NA,NA
2026-06-18 23:00:00,NA,NA,NA,NA,NA
2026-06-19,NA,NA,NA,NA,NA
2026-06-19 01:00:00,NA,NA,NA,NA,NA
2026-06-19 02:00:00,NA,NA,NA,NA,NA
2026-06-19 03:00:00,NA,NA,NA,NA,NA
2026-06-19 04:00:00,NA,NA,NA,NA,NA
2026-06-19 05:00:00,NA,NA,NA,NA,NA
2026-06-19 06:00:00,NA,NA,NA,NA,NA
2026-06-19 07:00:00,NA,NA,NA,NA,NA
2026-06-19 08:00:00,NA,NA,NA,NA,NA
2026-06-19 09:00:00,NA,NA,NA,NA,NA
2026-06-19 10:00:00,NA,NA,NA,NA,NA
2026-06-19 11:00:00,NA,NA,NA,NA,NA
2026-06-19 12:00:00,NA,NA,NA,NA,NA
2026-06-19 13:00:00,NA,NA,NA,NA,NA
2026-06-19 14:00:00,NA,NA,NA,NA,NA
2026-06-19 15:00:00,NA,NA,NA,NA,NA
2026-06-19 16:00:00,NA,NA,NA,NA,NA
2026-06-19 17:00:00,NA,NA,NA,NA,NA
2026-06-19 18:00:00,NA,NA,NA,NA,NA
2026-06-19 19:00:00,NA,NA,NA,NA,NA
2026-06-19 20:00:00,NA,NA,NA,NA,NA
2026-06-19 21:00:00,NA,NA,NA,NA,NA
2026-06-19 22:00:00,NA,NA,NA,NA,NA
2026-06-19 23:00:00,NA,NA,NA,NA,NA
2026-06-20,NA,NA,NA,NA,NA
2026-06-20 01:00:00,NA,NA,NA,NA,NA
2026-06-20 02:00:00,NA,NA,NA,NA,NA
2026-06-20 03:00:00,NA,NA,NA,NA,NA
2026-06-20 04:00:00,NA,NA,NA,NA,NA
2026-06-20 05:00:00,NA,NA,NA,NA,NA
2026-06-20 06:00:00,NA,NA,NA,NA,NA
2026-06-20 07:00:00,NA,NA,NA,NA,NA
2026-06-20 08:00:00,NA,NA,NA,NA,NA
2026-06-20 09:00:00,NA,NA,NA,NA,NA
2026-06-20 10:00:00,NA,NA,NA,NA,NA
2026-06-20 11:00:00,NA,NA,NA,NA,NA
2026-06-20 12:00:00,NA,NA,NA,NA,NA
2026-06-20 13:00:00,NA,NA,NA,NA,NA
2026-06-20 14:00:00,NA,NA,NA,NA,NA
2026-06-20 15:00:00,NA,NA,NA,NA,NA
2026-06-20 16:00:00,NA,NA,NA,NA,NA
2026-06-20 17:00:00,NA,NA,NA,NA,NA
2026-06-20 18:00:00,NA,NA,NA,NA,NA
2026-06-20 19:00:00,NA,NA,NA,NA,NA
2026-06-20 20:00:00,NA,NA,NA,NA,NA
2026-06-20 21:00:00,NA,NA,NA,NA,NA
2026-06-20 22:00:00,NA,NA,NA,NA,NA
2026-06-20 23:00:00,NA,NA,NA,NA,NA
2026-06-21,NA,NA,NA,NA,NA
2026-06-21 01:00:00,NA,NA,NA,NA,NA
2026-06-21 02:00:00,NA,NA,NA,NA,NA
2026-06-21 03:00:00,NA,NA,NA,NA,NA
2026-06-21 04:00:00,NA,NA,NA,NA,NA
2026-06-21 05:00:00,NA,NA,NA,NA,NA
2026-06-21 06:00:00,NA,NA,NA,NA,NA
2026-06-21 07:00:00,NA,NA,NA,NA,NA
2026-06-21 08:00:00,NA,NA,NA,NA,NA
2026-06-21 09:00:00,NA,NA,NA,NA,NA
2026-06-21 10:00:00,NA,NA,NA,NA,NA
2026-06-21 11:00:00,NA,NA,NA,NA,NA
2026-06-21 12:00:00,NA,NA,NA,NA,NA
2026-06-21 13:00:00,NA,NA,NA,NA,NA
2026-06-21 14:00:00,NA,NA,NA,NA,NA
2026-06-21 15:00:00,NA,NA,NA,NA,NA
2026-06-21 16:00:00,NA,NA,NA,NA,NA
2026-06-21 17:00:00,NA,NA,NA,NA,NA
2026-06-21 18:00:00,NA,NA,NA,NA,NA
2026-06-21 19:00:00,NA,NA,NA,NA,NA
2026-06-21 20:00:00,NA,NA,NA,NA,NA
2026-06-21 21:00:00,NA,NA,NA,NA,NA
2026-06-21 22:00:00,NA,NA,NA,NA,NA
2026-06-21 23:00:00,NA,NA,NA,NA,NA
2026-06-22,NA,NA,NA,NA,NA
2026-06-22 01:00:00,NA,NA,NA,NA,NA
2026-06-22 02:00:00,NA,NA,NA,NA,NA
2026-06-22 03:00:00,NA,NA,NA,NA,NA
2026-06-22 04:00:00,NA,NA,NA,NA,NA
2026-06-22 05:00:00,NA,NA,NA,NA,NA
2026-06-22 06:00:00,NA,NA,NA,NA,NA
2026-06-22 07:00:00,NA,NA,NA,NA,NA
2026-06-22 08:00:00,NA,NA,NA,NA,NA
2026-06-22 09:00:00,NA,NA,NA,NA,NA
2026-06-22 10:00:00,NA,NA,NA,NA,NA
2026-06-22 11:00:00,NA,NA,NA,NA,NA
2026-06-22 12:00:00,NA,NA,NA,NA,NA
2026-06-22 13:00:00,NA,NA,NA,NA,NA
2026-06-22 14:00:00,NA,NA,NA,NA,NA
2026-06-22 15:00:00,NA,NA,NA,NA,NA
2026-06-22 16:00:00,NA,NA,NA,NA,NA
2026-06-22 17:00:00,NA,NA,NA,NA,NA
2026-06-22 18:00:00,NA,NA,NA,NA,NA
2026-06-22 19:00:00,NA,NA,NA,NA,NA
2026-06-22 20:00:00,NA,NA,NA,NA,NA
2026-06-22 21:00:00,NA,NA,NA,NA,NA
2026-06-22 22:00:00,NA,NA,NA,NA,NA
2026-06-22 23:00:00,NA,NA,NA,NA,NA
2026-06-23,NA,NA,NA,NA,NA
2026-06-23 01:00:00,NA,NA,NA,NA,NA
2026-06-23 02:00:00,NA,NA,NA,NA,NA
2026-06-23 03:00:00,NA,NA,NA,NA,NA
2026-06-23 04:00:00,NA,NA,NA,NA,NA
2026-06-23 05:00:00,NA,NA,NA,NA,NA
2026-06-23 06:00:00,NA,NA,NA,NA,NA
2026-06-23 07:00:00,NA,NA,NA,NA,NA
2026-06-23 08:00:00,NA,NA,NA,NA,NA
2026-06-23 09:00:00,NA,NA,NA,NA,NA
2026-06-23 10:00:00,NA,NA,NA,NA,NA
2026-06-23 11:00:00,NA,NA,NA,NA,NA
2026-06-23 12:00:00,NA,NA,NA,NA,NA
2026-06-23 13:00:00,NA,NA,NA,NA,NA
2026-06-23 14:00:00,NA,NA,NA,NA,NA
2026-06-23 15:00:00,NA,NA,NA,NA,NA
2026-06-23 16:00:00,NA,NA,NA,NA,NA
2026-06-23 17:00:00,NA,NA,NA,NA,NA
2026-06-23 18:00:00,NA,NA,NA,NA,NA
2026-06-23 19:00:00,NA,NA,NA,NA,NA
2026-06-23 20:00:00,NA,NA,NA,NA,NA
2026-06-23 21:00:00,NA,NA,NA,NA,NA
2026-06-23 22:00:00,NA,NA,NA,NA,NA
2026-06-23 23:00:00,NA,NA,NA,NA,NA
2026-06-24,NA,NA,NA,NA,NA
2026-06-24 01:00:00,NA,NA,NA,NA,NA
2026-06-24 02:00:00,NA,NA,NA,NA,NA
2026-06-24 03:00:00,NA,NA,NA,NA,NA
2026-06-24 04:00:00,NA,NA,NA,NA,NA
2026-06-24 05:00:00,NA,NA,NA,NA,NA
2026-06-24 06:00:00,NA,NA,NA,NA,NA
2026-06-24 07:00:00,NA,NA,NA,NA,NA
2026-06-24 08:00:00,NA,NA,NA,NA,NA
2026-06-24 09:00:00,NA,NA,NA,NA,NA
2026-06-24 10:00:00,NA,NA,NA,NA,NA
2026-06-24 11:00:00,NA,NA,NA,NA,NA
2026-06-24 12:00:00,NA,NA,NA,NA,NA
2026-06-24 13:00:00,NA,NA,NA,NA,NA
2026-06-24 14:00:00,NA,NA,NA,NA,NA
2026-06-24 15:00:00,NA,NA,NA,NA,NA
2026-06-24 16:00:00,NA,NA,NA,NA,NA
2026-06-24 17:00:00,NA,NA,NA,NA,NA
2026-06-24 18:00:00,NA,NA,NA,NA,NA
2026-06-24 19:00:00,NA,NA,NA,NA,NA
2026-06-24 20:00:00,NA,NA,NA,NA,NA
2026-06-24 21:00:00,NA,NA,NA,NA,NA
2026-06-24 22:00:00,NA,NA,NA,NA,NA
2026-06-24 23:00:00,NA,NA,NA,NA,NA
2026-06-25,NA,NA,NA,NA,NA
2026-06-25 01:00:00,NA,NA,NA,NA,NA
2026-06-25 02:00:00,NA,NA,NA,NA,NA
2026-06-25 03:00:00,NA,NA,NA,NA,NA
2026-06-25 04:00:00,NA,NA,NA,NA,NA
2026-06-25 05:00:00,NA,NA,NA,NA,NA
2026-06-25 06:00:00,NA,NA,NA,NA,NA
2026-06-25 07:00:00,NA,NA,NA,NA,NA
2026-06-25 08:00:00,NA,NA,NA,NA,NA
2026-06-25 09:00:00,NA,NA,NA,NA,NA
2026-06-25 10:00:00,NA,NA,NA,NA,NA
2026-06-25 11:00:00,NA,NA,NA,NA,NA
2026-06-25 12:00:00,NA,NA,NA,NA,NA
2026-06-25 13:00:00,NA,NA,NA,NA,NA
2026-06-25 14:00:00,NA,NA,NA,NA,NA
2026-06-25 15:00:00,NA,NA,NA,NA,NA
2026-06-25 16:00:00,NA,NA,NA,NA,NA
2026-06-25 17:00:00,NA,NA,NA,NA,NA
2026-06-25 18:00:00,NA,NA,NA,NA,NA
2026-06-25 19:00:00,NA,NA,NA,NA,NA
2026-06-25 20:00:00,NA,NA,NA,NA,NA
2026-06-25 21:00:00,NA,NA,NA,NA,NA
2026-06-25 22:00:00,NA,NA,NA,NA,NA
2026-06-25 23:00:00,NA,NA,NA,NA,NA
2026-06-26,NA,NA,NA,NA,NA
2026-06-26 01:00:00,NA,NA,NA,NA,NA
2026-06-26 02:00:00,NA,NA,NA,NA,NA
2026-06-26 03:00:00,NA,NA,NA,NA,NA
2026-06-26 04:00:00,NA,NA,NA,NA,NA
2026-06-26 05:00:00,NA,NA,NA,NA,NA
2026-06-26 06:00:00,NA,NA,NA,NA,NA
2026-06-26 07:00:00,NA,NA,NA,NA,NA
2026-06-26 08:00:00,NA,NA,NA,NA,NA
2026-06-26 09:00:00,NA,NA,NA,NA,NA
2026-06-26 10:00:00,NA,NA,NA,NA,NA
2026-06-26 11:00:00,NA,NA,NA,NA,NA
2026-06-26 12:00:00,NA,NA,NA,NA,NA
2026-06-26 13:00:00,NA,NA,NA,NA,NA
2026-06-26 14:00:00,NA,NA,NA,NA,NA
2026-06-26 15:00:00,NA,NA,NA,NA,NA
2026-06-26 16:00:00,NA,NA,NA,NA,NA
2026-06-26 17:00:00,NA,NA,NA,NA,NA
2026-06-26 18:00:00,NA,NA,NA,NA,NA
2026-06-26 19:00:00,NA,NA,NA,NA,NA
2026-06-26 20:00:00,NA,NA,NA,NA,NA
2026-06-26 21:00:00,NA,NA,NA,NA,NA
2026-06-26 22:00:00,NA,NA,NA,NA,NA
2026-06-26 23:00:00,NA,NA,NA,NA,NA
2026-06-27,NA,NA,NA,NA,NA
2026-06-27 01:00:00,NA,NA,NA,NA,NA
2026-06-27 02:00:00,NA,NA,NA,NA,NA
2026-06-27 03:00:00,NA,NA,NA,NA,NA
2026-06-27 04:00:00,NA,NA,NA,NA,NA
2026-06-27 05:00:00,NA,NA,NA,NA,NA
2026-06-27 06:00:00,NA,NA,NA,NA,NA
2026-06-27 07:00:00,NA,NA,NA,NA,NA
2026-06-27 08:00:00,NA,NA,NA,NA,NA
2026-06-27 09:00:00,NA,NA,NA,NA,NA
2026-06-27 10:00:00,NA,NA,NA,NA,NA
2026-06-27 11:00:00,NA,NA,NA,NA,NA
2026-06-27 12:00:00,NA,NA,NA,NA,NA
2026-06-27 13:00:00,NA,NA,NA,NA,NA
2026-06-27 14:00:00,NA,NA,NA,NA,NA
2026-06-27 15:00:00,NA,NA,NA,NA,NA
2026-06-27 16:00:00,NA,NA,NA,NA,NA
2026-06-27 17:00:00,NA,NA,NA,NA,NA
2026-06-27 18:00:00,NA,NA,NA,NA,NA
2026-06-27 19:00:00,NA,NA,NA,NA,NA
2026-06-27 20:00:00,NA,NA,NA,NA,NA
2026-06-27 21:00:00,NA,NA,NA,NA,NA
2026-06-27 22:00:00,NA,NA,NA,NA,NA
2026-06-27 23:00:00,NA,NA,NA,NA,NA
2026-06-28,NA,NA,NA,NA,NA
2026-06-28 01:00:00,NA,NA,NA,NA,NA
2026-06-28 02:00:00,NA,NA,NA,NA,NA
2026-06-28 03:00:00,NA,NA,NA,NA,NA
2026-06-28 04:00:00,NA,NA,NA,NA,NA
2026-06-28 05:00:00,NA,NA,NA,NA,NA
2026-06-28 06:00:00,NA,NA,NA,NA,NA
2026-06-28 07:00:00,NA,NA,NA,NA,NA
2026-06-28 08:00:00,NA,NA,NA,NA,NA
2026-06-28 09:00:00,NA,NA,NA,NA,NA
2026-06-28 10:00:00,NA,NA,NA,NA,NA
2026-06-28 11:00:00,NA,NA,NA,NA,NA
2026-06-28 12:00:00,NA,NA,NA,NA,NA
2026-06-28 13:00:00,NA,NA,NA,NA,NA
2026-06-28 14:00:00,NA,NA,NA,NA,NA
2026-06-28 15:00:00,NA,NA,NA,NA,NA
2026-06-28 16:00:00,NA,NA,NA,NA,NA
2026-06-28 17:00:00,NA,NA,NA,NA,NA
2026-06-28 18:00:00,NA,NA,NA,NA,NA
2026-06-28 19:00:00,NA,NA,NA,NA,NA
2026-06-28 20:00:00,NA,NA,NA,NA,NA
2026-06-28 21:00:00,NA,NA,NA,NA,NA
2026-06-28 22:00:00,NA,NA,NA,NA,NA
2026-06-28 23:00:00,NA,NA,NA,NA,NA
2026-06-29,NA,NA,NA,NA,NA
2026-06-29 01:00:00,NA,NA,NA,NA,NA
2026-06-29 02:00:00,NA,NA,NA,NA,NA
2026-06-29 03:00:00,NA,NA,NA,NA,NA
2026-06-29 04:00:00,NA,NA,NA,NA,NA
2026-06-29 05:00:00,NA,NA,NA,NA,NA
2026-06-29 06:00:00,NA,NA,NA,NA,NA
2026-06-29 07:00:00,NA,NA,NA,NA,NA
2026-06-29 08:00:00,NA,NA,NA,NA,NA
2026-06-29 09:00:00,NA,NA,NA,NA,NA
2026-06-29 10:00:00,NA,NA,NA,NA,NA
2026-06-29 11:00:00,NA,NA,NA,NA,NA
2026-06-29 12:00:00,NA,NA,NA,NA,NA
2026-06-29 13:00:00,NA,NA,NA,NA,NA
2026-06-29 14:00:00,NA,NA,NA,NA,NA
2026-06-29 15:00:00,NA,NA,NA,NA,NA
2026-06-29 16:00:00,NA,NA,NA,NA,NA
2026-06-29 17:00:00,NA,NA,NA,NA,NA
2026-06-29 18:00:00,NA,NA,NA,NA,NA
2026-06-29 19:00:00,NA,NA,NA,NA,NA
2026-06-29 20:00:00,NA,NA,NA,NA,NA
2026-06-29 21:00:00,NA,NA,NA,NA,NA
2026-06-29 22:00:00,NA,NA,NA,NA,NA
2026-06-29 23:00:00,NA,NA,NA,NA,NA
2026-06-30,NA,NA,NA,NA,NA
2026-06-30 01:00:00,NA,NA,NA,NA,NA
2026-06-30 02:00:00,NA,NA,NA,NA,NA
2026-06-30 03:00:00,NA,NA,NA,NA,NA
2026-06-30 04:00:00,NA,NA,NA,NA,NA
2026-06-30 05:00:00,NA,NA,NA,NA,NA
2026-06-30 06:00:00,NA,NA,NA,NA,NA
2026-06-30 07:00:00,NA,NA,NA,NA,NA
2026-06-30 08:00:00,NA,NA,NA,NA,NA
2026-06-30 09:00:00,NA,NA,NA,NA,NA
2026-06-30 10:00:00,NA,NA,NA,NA,NA
2026-06-30 11:00:00,NA,NA,NA,NA,NA
2026-06-30 12:00:00,NA,NA,NA,NA,NA
2026-06-30 13:00:00,NA,NA,NA,NA,NA
2026-06-30 14:00:00,NA,NA,NA,NA,NA
2026-06-30 15:00:00,NA,NA,NA,NA,NA
2026-06-30 16:00:00,NA,NA,NA,NA,NA
2026-06-30 17:00:00,NA,NA,NA,NA,NA
2026-06-30 18:00:00,NA,NA,NA,NA,NA
2026-06-30 19:00:00,NA,NA,NA,NA,NA
2026-06-30 20:00:00,NA,NA,NA,NA,NA
2026-06-30 21:00:00,NA,NA,NA,NA,NA
2026-06-30 22:00:00,NA,NA,NA,NA,NA
2026-06-30 23:00:00,NA,NA,NA,NA,NA
