"date (UTC+0)","dN_dLogDp_1.04","dN_dLogDp_1.11","dN_dLogDp_1.20","dN_dLogDp_1.29","dN_dLogDp_1.38","dN_dLogDp_1.49","dN_dLogDp_1.60","dN_dLogDp_1.72","dN_dLogDp_1.84","dN_dLogDp_1.98","dN_dLogDp_2.13","dN_dLogDp_2.29","dN_dLogDp_2.46","dN_dLogDp_2.64","dN_dLogDp_2.84","dN_dLogDp_3.05","dN_dLogDp_3.28","dN_dLogDp_3.52","dN_dLogDp_3.79","dN_dLogDp_4.07","dN_dLogDp_4.37","dN_dLogDp_4.70","dN_dLogDp_5.05","dN_dLogDp_5.42","dN_dLogDp_5.83","dN_dLogDp_6.26","dN_dLogDp_6.73","dN_dLogDp_7.23","dN_dLogDp_7.77","dN_dLogDp_8.35","dN_dLogDp_8.98","dN_dLogDp_9.65","dN_dLogDp_10.37","dN_dLogDp_11.14","dN_dLogDp_11.97","dN_dLogDp_12.86","dN_dLogDp_13.82","dN_dLogDp_14.86","dN_dLogDp_15.96","dN_dLogDp_17.15","dN_dLogDp_18.43","dN_dLogDp_19.81","dN_dLogDp_21.29","dN_dLogDp_22.88","dN_dLogDp_24.58","dN_dLogDp_26.42","dN_dLogDp_28.39","dN_dLogDp_30.51","dN_dLogDp_32.78","dN_dLogDp_35.23","dN_dLogDp_37.86","dN_dLogDp_40.68","dN_dLogDp_43.71","dN_dLogDp_46.98","dN_dLogDp_50.48","dN_dLogDp_54.25","dN_dLogDp_58.29","dN_dLogDp_62.64","dN_dLogDp_67.32","dN_dLogDp_72.34","dN_dLogDp_77.74","dN_dLogDp_83.54","dN_dLogDp_89.77","dN_dLogDp_96.47","dN_dLogDp_103.66","dN_dLogDp_111.40","dN_dLogDp_119.71","dN_dLogDp_128.64","dN_dLogDp_138.24","dN_dLogDp_148.55","dN_dLogDp_159.63","dN_dLogDp_171.54","dN_dLogDp_184.34","dN_dLogDp_198.10","dN_dLogDp_212.88","dN_dLogDp_228.76","dN_dLogDp_245.82","dN_dLogDp_264.16","dN_dLogDp_283.87","dN_dLogDp_305.05","dN_dLogDp_327.81","dN_dLogDp_352.27","dN_dLogDp_378.55","dN_dLogDp_406.79","dN_dLogDp_437.14","dN_dLogDp_469.76","dN_dLogDp_504.81","dN_dLogDp_542.47","dN_dLogDp_582.94","dN_dLogDp_626.43","dN_dLogDp_673.17","dN_dLogDp_723.39","dN_dLogDp_777.37","dN_dLogDp_835.36","dN_dLogDp_897.69","dN_dLogDp_964.66","qc_flag_dN_dLogDp_1.04","qc_flag_dN_dLogDp_1.11","qc_flag_dN_dLogDp_1.20","qc_flag_dN_dLogDp_1.29","qc_flag_dN_dLogDp_1.38","qc_flag_dN_dLogDp_1.49","qc_flag_dN_dLogDp_1.60","qc_flag_dN_dLogDp_1.72","qc_flag_dN_dLogDp_1.84","qc_flag_dN_dLogDp_1.98","qc_flag_dN_dLogDp_2.13","qc_flag_dN_dLogDp_2.29","qc_flag_dN_dLogDp_2.46","qc_flag_dN_dLogDp_2.64","qc_flag_dN_dLogDp_2.84","qc_flag_dN_dLogDp_3.05","qc_flag_dN_dLogDp_3.28","qc_flag_dN_dLogDp_3.52","qc_flag_dN_dLogDp_3.79","qc_flag_dN_dLogDp_4.07","qc_flag_dN_dLogDp_4.37","qc_flag_dN_dLogDp_4.70","qc_flag_dN_dLogDp_5.05","qc_flag_dN_dLogDp_5.42","qc_flag_dN_dLogDp_5.83","qc_flag_dN_dLogDp_6.26","qc_flag_dN_dLogDp_6.73","qc_flag_dN_dLogDp_7.23","qc_flag_dN_dLogDp_7.77","qc_flag_dN_dLogDp_8.35","qc_flag_dN_dLogDp_8.98","qc_flag_dN_dLogDp_9.65","qc_flag_dN_dLogDp_10.37","qc_flag_dN_dLogDp_11.14","qc_flag_dN_dLogDp_11.97","qc_flag_dN_dLogDp_12.86","qc_flag_dN_dLogDp_13.82","qc_flag_dN_dLogDp_14.86","qc_flag_dN_dLogDp_15.96","qc_flag_dN_dLogDp_17.15","qc_flag_dN_dLogDp_18.43","qc_flag_dN_dLogDp_19.81","qc_flag_dN_dLogDp_21.29","qc_flag_dN_dLogDp_22.88","qc_flag_dN_dLogDp_24.58","qc_flag_dN_dLogDp_26.42","qc_flag_dN_dLogDp_28.39","qc_flag_dN_dLogDp_30.51","qc_flag_dN_dLogDp_32.78","qc_flag_dN_dLogDp_35.23","qc_flag_dN_dLogDp_37.86","qc_flag_dN_dLogDp_40.68","qc_flag_dN_dLogDp_43.71","qc_flag_dN_dLogDp_46.98","qc_flag_dN_dLogDp_50.48","qc_flag_dN_dLogDp_54.25","qc_flag_dN_dLogDp_58.29","qc_flag_dN_dLogDp_62.64","qc_flag_dN_dLogDp_67.32","qc_flag_dN_dLogDp_72.34","qc_flag_dN_dLogDp_77.74","qc_flag_dN_dLogDp_83.54","qc_flag_dN_dLogDp_89.77","qc_flag_dN_dLogDp_96.47","qc_flag_dN_dLogDp_103.66","qc_flag_dN_dLogDp_111.40","qc_flag_dN_dLogDp_119.71","qc_flag_dN_dLogDp_128.64","qc_flag_dN_dLogDp_138.24","qc_flag_dN_dLogDp_148.55","qc_flag_dN_dLogDp_159.63","qc_flag_dN_dLogDp_171.54","qc_flag_dN_dLogDp_184.34","qc_flag_dN_dLogDp_198.10","qc_flag_dN_dLogDp_212.88","qc_flag_dN_dLogDp_228.76","qc_flag_dN_dLogDp_245.82","qc_flag_dN_dLogDp_264.16","qc_flag_dN_dLogDp_283.87","qc_flag_dN_dLogDp_305.05","qc_flag_dN_dLogDp_327.81","qc_flag_dN_dLogDp_352.27","qc_flag_dN_dLogDp_378.55","qc_flag_dN_dLogDp_406.79","qc_flag_dN_dLogDp_437.14","qc_flag_dN_dLogDp_469.76","qc_flag_dN_dLogDp_504.81","qc_flag_dN_dLogDp_542.47","qc_flag_dN_dLogDp_582.94","qc_flag_dN_dLogDp_626.43","qc_flag_dN_dLogDp_673.17","qc_flag_dN_dLogDp_723.39","qc_flag_dN_dLogDp_777.37","qc_flag_dN_dLogDp_835.36","qc_flag_dN_dLogDp_897.69","qc_flag_dN_dLogDp_964.66"
"2024-01-30 12:00:00",NA,NA,NA,NA,NA,NA,NA,NA,NA,NA,NA,NA,NA,NA,NA,NA,NA,NA,NA,NA,NA,NA,NA,NA,NA,NA,NA,NA,NA,NA,NA,NA,NA,NA,NA,NA,NA,NA,NA,NA,NA,NA,NA,NA,NA,NA,NA,NA,NA,NA,NA,NA,NA,NA,NA,NA,NA,NA,NA,NA,NA,NA,NA,NA,NA,NA,NA,NA,NA,NA,NA,NA,NA,NA,NA,NA,NA,NA,NA,NA,NA,NA,NA,NA,NA,NA,NA,NA,NA,NA,NA,NA,NA,NA,NA,NA,"0b","0b","0b","0b","0b","0b","0b","0b","0b","0b","0b","0b","0b","0b","0b","0b","0b","0b","0b","0b","0b","0b","0b","0b","0b","0b","0b","0b","0b","0b","0b","0b","0b","0b","0b","0b","0b","0b","0b","0b","0b","0b","0b","0b","0b","0b","0b","0b","0b","0b","0b","0b","0b","0b","0b","0b","0b","0b","0b","0b","0b","0b","0b","0b","0b","0b","0b","0b","0b","0b","0b","0b","0b","0b","0b","0b","0b","0b","0b","0b","0b","0b","0b","0b","0b","0b","0b","0b","0b","0b","0b","0b","0b","0b","0b","0b"
"2024-01-30 13:00:00",0,0,0,0,0,0,0,0,0,0,0,0,0,0,0,0,0,0,0,0,0,0,0,0,0,0,0,0,0,0,0,0,11740.21475,10872.4518333333,10281.5209166667,9807.28233333333,9315.84841666667,9152.29308333333,9215.24791666667,9296.194,9841.91825,10583.0421666667,11437.7065833333,11410.4415833333,11514.98475,14586.5568333333,22519.1206666667,32810.3275833333,42690.1125,43862.876,38347.4698333333,29290.34225,20364.9425833333,13649.8636666667,9394.24475,6595.96633333333,4974.482,3709.02375,2714.08566666667,2194.9585,1907.13808333333,1748.82875,1618.36816666667,1493.63383333333,1424.48725,1363.8095,1284.64766666667,1153.10725,1063.4155,929.2565,817.703416666667,691.805083333333,590.42825,506.373583333333,426.152416666667,370.648416666667,314.446666666667,248.424916666667,185.797166666667,113.486333333333,84.38475,61.9525833333333,45.0800833333333,31.4459166666667,25.3390833333333,18.2775,20.7596666666667,14.3670833333333,12.78325,9.86916666666667,7.06608333333333,8.73358333333333,6.67558333333333,0,0,0,"0b","0b","0b","0b","0b","0b","0b","0b","0b","0b","0b","0b","0b","0b","0b","0b","0b","0b","0b","0b","0b","0b","0b","0b","0b","0b","0b","0b","0b","0b","0b","0b","1b","1b","1b","1b","1b","1b","1b","1b","1b","1b","1b","1b","1b","1b","1b","1b","1b","1b","1b","1b","1b","1b","1b","1b","1b","1b","1b","1b","1b","1b","1b","1b","1b","1b","1b","1b","1b","1b","1b","1b","1b","1b","1b","1b","1b","1b","1b","1b","1b","1b","1b","1b","1b","1b","1b","1b","1b","1b","1b","1b","1b","0b","0b","0b"
"2024-01-30 14:00:00",0,0,0,0,0,0,0,0,0,0,0,0,0,0,0,0,0,0,0,0,0,0,0,0,0,0,0,0,0,0,0,0,14633.0190833333,13552.19875,12990.1330833333,12054.4294166667,11159.5400833333,10437.7795833333,9672.43558333333,9027.19508333333,8245.59541666667,7857.53108333333,7289.34633333333,6911.51925,6474.52258333333,6054.8075,5703.32341666667,5367.71341666667,5025.348,4674.91475,4311.00491666667,3872.92583333333,3588.18225,3283.41775,2930.98533333333,2630.92683333333,2404.131,2204.43641666667,2032.4495,1847.17033333333,1739.75316666667,1634.51666666667,1552.543,1449.70758333333,1393.78683333333,1314.618,1233.40075,1147.7375,1070.35691666667,974.986333333333,851.05975,758.64175,646.02,546.50825,454.002333333333,381.809,318.17625,235.943666666667,162.381666666667,107.536083333333,69.07225,56.9799166666667,38.7809166666667,32.425,22.26925,23.5449166666667,17.6810833333333,17.8515,11.7956666666667,9.08008333333333,8.58341666666667,6.39525,7.10375,0,0,0,"3b","3b","3b","3b","3b","3b","3b","3b","3b","3b","3b","3b","3b","3b","3b","3b","3b","3b","3b","3b","3b","3b","3b","3b","3b","3b","3b","3b","3b","3b","3b","3b","3b","3b","3b","3b","3b","3b","3b","3b","3b","3b","3b","3b","3b","3b","3b","3b","3b","3b","3b","3b","3b","3b","3b","3b","3b","3b","3b","3b","3b","3b","3b","3b","3b","3b","3b","3b","3b","3b","3b","3b","3b","3b","3b","3b","3b","3b","3b","3b","3b","3b","3b","3b","3b","3b","3b","3b","3b","3b","3b","3b","3b","3b","3b","3b"
"2024-01-30 15:00:00",0,0,0,0,0,0,0,0,0,0,0,0,0,0,0,0,0,0,0,0,0,0,0,0,0,0,0,0,0,0,0,0,11663.1978333333,11046.8748333333,10803.4495,10200.6344166667,9776.55708333333,9342.23266666667,9004.64641666667,8670.01091666667,8252.81841666667,7928.253,7687.12941666667,7564.41708333333,7273.79375,6809.41766666667,6264.88883333333,5826.34825,5226.3255,4767.27558333333,4369.57341666667,4063.88883333333,3729.61808333333,3454.43975,3190.84716666667,2935.59991666667,2756.63875,2570.08908333333,2337.56766666667,2145.35958333333,1974.81458333333,1856.414,1770.5925,1668.90575,1525.55833333333,1441.29941666667,1328.53308333333,1227.14991666667,1131.17458333333,998.464833333333,885.190166666667,715.604416666667,590.068333333333,475.419666666667,367.0325,276.412083333333,213.16725,161.025583333333,113.317416666667,79.5241666666667,61.6965833333333,49.3991666666667,43.4795833333333,29.8891666666667,21.7555833333333,20.77225,20.4265,13.27775,12.676,11.6208333333333,9.03591666666667,7.30683333333333,5.38325,0,0,0,"0b","0b","0b","0b","0b","0b","0b","0b","0b","0b","0b","0b","0b","0b","0b","0b","0b","0b","0b","0b","0b","0b","0b","0b","0b","0b","0b","0b","0b","0b","0b","0b","1b","1b","1b","1b","1b","1b","1b","1b","1b","1b","1b","1b","1b","1b","1b","1b","1b","1b","1b","1b","1b","1b","1b","1b","1b","1b","1b","1b","1b","1b","1b","1b","1b","1b","1b","1b","1b","1b","1b","1b","1b","1b","1b","1b","1b","1b","1b","1b","1b","1b","1b","1b","1b","1b","1b","1b","1b","1b","1b","1b","1b","0b","0b","0b"
"2024-01-30 16:00:00",0,0,0,0,0,0,0,0,0,0,0,0,0,0,0,0,0,0,0,0,0,0,0,0,0,0,0,0,0,0,0,0,21229.9219166667,20318.8710833333,19755.3833333333,18925.4879166667,18074.6664166667,16973.0324166667,16215.4475,15134.9289166667,14050.2861666667,13099.219,12109.0075,11222.9290833333,10422.56475,9644.20866666667,8975.81058333333,8133.57341666667,7467.59041666667,6715.09616666667,5910.14958333333,5277.69041666667,4679.19075,4139.01316666667,3703.37158333333,3363.45816666667,3081.20533333333,2810.75175,2586.36575,2413.60133333333,2310.88841666667,2168.74808333333,2084.78825,2029.006,1972.54116666667,1889.7815,1709.94241666667,1553.89025,1424.64383333333,1260.5715,1067.03716666667,893.476916666667,722.295666666667,591.6465,466.454416666667,365.252583333333,288.21825,228.319083333333,182.633916666667,133.512083333333,111.727,91.3633333333333,72.6186666666667,55.3983333333333,45.1510833333333,34.7796666666667,32.4300833333333,27.0435833333333,19.761,15.0816666666667,10.8778333333333,11.5028333333333,8.03058333333333,0,0,0,"5b","5b","5b","5b","5b","5b","5b","5b","5b","5b","5b","5b","5b","5b","5b","5b","5b","5b","5b","5b","5b","5b","5b","5b","5b","5b","5b","5b","5b","5b","5b","5b","5b","5b","5b","5b","5b","5b","5b","5b","5b","5b","5b","5b","5b","5b","5b","5b","5b","5b","5b","5b","5b","5b","5b","5b","5b","5b","5b","5b","5b","5b","5b","5b","5b","5b","5b","5b","5b","5b","5b","5b","5b","5b","5b","5b","5b","5b","5b","5b","5b","5b","5b","5b","5b","5b","5b","5b","5b","5b","5b","5b","5b","5b","5b","5b"
"2024-01-30 17:00:00",0,0,0,0,0,0,0,0,0,0,0,0,0,0,0,0,0,0,0,0,0,0,0,0,0,0,0,0,0,0,0,0,36085.5305833333,36467.6189166667,36230.5795,35876.2714166667,35252.8076666667,35230.8638333333,34609.94475,33851.6288333333,32522.16025,30647.8236666667,28372.8353333333,25916.9939166667,23358.4431666667,21205.9169166667,18982.52975,16990.48475,15149.3760833333,13507.488,12034.5104166667,10907.2429166667,9785.6135,8981.57808333333,8228.86616666667,7597.04425,7112.81116666667,6639.59008333333,6195.912,5854.09325,5527.54016666667,5194.91825,4863.17883333333,4537.57233333333,4198.68858333333,3805.09183333333,3495.2925,3116.03508333333,2747.8345,2434.45941666667,2129.61216666667,1839.51883333333,1521.91983333333,1243.9875,1044.99125,845.036166666667,669.37575,519.082,411.21925,305.487416666667,248.143916666667,205.192,156.53825,126.015583333333,97.36675,77.4531666666667,68.4476666666667,55.8699166666667,41.2650833333333,36.7565833333333,26.3675,22.6194166666667,19.1963333333333,0,0,0,"5b","5b","5b","5b","5b","5b","5b","5b","5b","5b","5b","5b","5b","5b","5b","5b","5b","5b","5b","5b","5b","5b","5b","5b","5b","5b","5b","5b","5b","5b","5b","5b","5b","5b","5b","5b","5b","5b","5b","5b","5b","5b","5b","5b","5b","5b","5b","5b","5b","5b","5b","5b","5b","5b","5b","5b","5b","5b","5b","5b","5b","5b","5b","5b","5b","5b","5b","5b","5b","5b","5b","5b","5b","5b","5b","5b","5b","5b","5b","5b","5b","5b","5b","5b","5b","5b","5b","5b","5b","5b","5b","5b","5b","5b","5b","5b"
"2024-01-30 18:00:00",0,0,0,0,0,0,0,0,0,0,0,0,0,0,0,0,0,0,0,0,0,0,0,0,0,0,0,0,0,0,0,0,39116.1775833333,39414.0648333333,39940.0324166667,39793.1334166667,40114.8126666667,40978.4855,41860.1670833333,42430.5893333333,43069.144,43635.0651666667,43604.9013333333,42702.0465,41232.2053333333,39543.5345833333,36777.207,33808.04175,30540.8336666667,27274.24325,24021.0624166667,21108.5035833333,18803.4141666667,16866.25175,15225.0011666667,13957.4919166667,12832.6075,12033.5146666667,11251.5725833333,10613.6119166667,10019.0431666667,9434.77433333333,8834.065,8262.12608333333,7653.09516666667,6983.02183333333,6347.10616666667,5710.304,5134.80533333333,4460.91383333333,3903.83266666667,3354.70016666667,2813.12958333333,2350.52258333333,1935.09808333333,1586.8945,1285.39183333333,1000.88683333333,798.406583333333,631.792833333333,484.346416666667,375.797333333333,277.17075,218.048833333333,160.12275,121.494416666667,99.3500833333333,81.714,59.5621666666667,45.8443333333333,38.5226666666667,29.0304166666667,22.4208333333333,0,0,0,"5b","5b","5b","5b","5b","5b","5b","5b","5b","5b","5b","5b","5b","5b","5b","5b","5b","5b","5b","5b","5b","5b","5b","5b","5b","5b","5b","5b","5b","5b","5b","5b","5b","5b","5b","5b","5b","5b","5b","5b","5b","5b","5b","5b","5b","5b","5b","5b","5b","5b","5b","5b","5b","5b","5b","5b","5b","5b","5b","5b","5b","5b","5b","5b","5b","5b","5b","5b","5b","5b","5b","5b","5b","5b","5b","5b","5b","5b","5b","5b","5b","5b","5b","5b","5b","5b","5b","5b","5b","5b","5b","5b","5b","5b","5b","5b"
"2024-01-30 19:00:00",0,0,0,0,0,0,0,0,0,0,0,0,0,0,0,0,0,0,0,0,0,0,0,0,0,0,0,0,0,0,0,0,27012.0319166667,30356.20475,33673.1290833333,35999.8995833333,39138.6234166667,41844.4090833333,44182.4204166667,45975.7199166667,47576.6496666667,48328.9920833333,48759.8649166667,48603.3318333333,48180.19975,47409.39175,46118.8360833333,44365.8980833333,41704.85075,38861.3624166667,35939.83925,33118.6268333333,30638.33225,28286.743,26285.64,24795.0710833333,23289.7070833333,22042.65825,20939.8143333333,20051.2735,18892.263,17781.6116666667,16608.1783333333,15213.8998333333,13904.4394166667,12633.5134166667,11229.8488333333,9948.64216666667,8729.90425,7568.42808333333,6517.74233333333,5495.33966666667,4559.52258333333,3750.64591666667,3078.24433333333,2468.06558333333,2007.28058333333,1618.10266666667,1240.65833333333,987.738583333333,766.33225,608.224583333333,459.651333333333,365.187333333333,275.73225,218.294583333333,179.77,133.045333333333,103.301583333333,78.0209166666667,61.33875,44.08075,32.21775,0,0,0,"5b","5b","5b","5b","5b","5b","5b","5b","5b","5b","5b","5b","5b","5b","5b","5b","5b","5b","5b","5b","5b","5b","5b","5b","5b","5b","5b","5b","5b","5b","5b","5b","5b","5b","5b","5b","5b","5b","5b","5b","5b","5b","5b","5b","5b","5b","5b","5b","5b","5b","5b","5b","5b","5b","5b","5b","5b","5b","5b","5b","5b","5b","5b","5b","5b","5b","5b","5b","5b","5b","5b","5b","5b","5b","5b","5b","5b","5b","5b","5b","5b","5b","5b","5b","5b","5b","5b","5b","5b","5b","5b","5b","5b","5b","5b","5b"
"2024-01-30 20:00:00",0,0,0,0,0,0,0,0,0,0,0,0,0,0,0,0,0,0,0,0,0,0,0,0,0,0,0,0,0,0,0,0,17324.9039166667,19933.0749166667,22277.4509166667,24637.624,27512.0609166667,30376.8603333333,33246.5710833333,36059.38775,38940.6849166667,41397.336,42680.3533333333,43163.8378333333,43294.4456666667,42769.20825,41750.2123333333,40473.5764166667,38899.6798333333,36758.9596666667,34476.7925833333,32542.0391666667,30626.7586666667,28776.6404166667,27042.5065,25691.0161666667,24296.0983333333,23078.44075,22000.4220833333,20907.8658333333,19817.50875,18622.7580833333,17446.1416666667,16027.8425833333,14670.63475,13282.74925,11790.7705833333,10395.54475,9050.60575,7838.29116666667,6676.08116666667,5564.38858333333,4685.2625,3827.20841666667,3063.84633333333,2422.15975,1923.8375,1530.08575,1172.848,903.250416666667,697.992916666667,572.269916666667,422.593833333333,337.091166666667,249.154166666667,205.640083333333,164.559833333333,132.909416666667,101.605083333333,72.3905833333333,62.058,48.2113333333333,33.2876666666667,0,0,0,"5b","5b","5b","5b","5b","5b","5b","5b","5b","5b","5b","5b","5b","5b","5b","5b","5b","5b","5b","5b","5b","5b","5b","5b","5b","5b","5b","5b","5b","5b","5b","5b","5b","5b","5b","5b","5b","5b","5b","5b","5b","5b","5b","5b","5b","5b","5b","5b","5b","5b","5b","5b","5b","5b","5b","5b","5b","5b","5b","5b","5b","5b","5b","5b","5b","5b","5b","5b","5b","5b","5b","5b","5b","5b","5b","5b","5b","5b","5b","5b","5b","5b","5b","5b","5b","5b","5b","5b","5b","5b","5b","5b","5b","5b","5b","5b"
"2024-01-30 21:00:00",0,0,0,0,0,0,0,0,0,0,0,0,0,0,0,0,0,0,0,0,0,0,0,0,0,0,0,0,0,0,0,0,15620.61625,18101.0426666667,21069.045,24440.2285833333,27711.57825,31130.4679166667,34660.8763333333,37968.0638333333,40535.0459166667,42850.3744166667,44229.878,44423.47525,44140.88975,42596.6851666667,40574.74375,38170.5483333333,35697.6445833333,33488.4263333333,31171.07225,29147.8495,27215.1204166667,25492.0086666667,23922.3086666667,22626.70525,21421.72975,20463.687,19561.0654166667,18684.099,17697.0544166667,16640.2080833333,15557.093,14474.8045,13284.6460833333,12112.2184166667,10691.55075,9610.02908333333,8362.24658333333,7243.52225,6236.22825,5254.43475,4376.99541666667,3590.61641666667,2895.63141666667,2305.47166666667,1869.93925,1439.45525,1146.36283333333,852.688,664.84875,505.732,388.4345,312.27475,216.003166666667,161.197666666667,142.186166666667,108.092,82.418,60.2920833333333,44.2034166666667,34.73875,28.0885,0,0,0,"5b","5b","5b","5b","5b","5b","5b","5b","5b","5b","5b","5b","5b","5b","5b","5b","5b","5b","5b","5b","5b","5b","5b","5b","5b","5b","5b","5b","5b","5b","5b","5b","5b","5b","5b","5b","5b","5b","5b","5b","5b","5b","5b","5b","5b","5b","5b","5b","5b","5b","5b","5b","5b","5b","5b","5b","5b","5b","5b","5b","5b","5b","5b","5b","5b","5b","5b","5b","5b","5b","5b","5b","5b","5b","5b","5b","5b","5b","5b","5b","5b","5b","5b","5b","5b","5b","5b","5b","5b","5b","5b","5b","5b","5b","5b","5b"
"2024-01-30 22:00:00",0,0,0,0,0,0,0,0,0,0,0,0,0,0,0,0,0,0,0,0,0,0,0,0,0,0,0,0,0,0,0,0,18861.7096923077,20474.1973846154,22197.7123846154,23354.4316923077,24658.3154615385,25664.5901538462,26872.6150769231,28062.1950769231,29096.1189230769,30066.141,30279.9499230769,30431.9262307692,30268.8866153846,30052.0062307692,29195.6006153846,28617.907,27664.346,26497.4303846154,25309.5356153846,24253.0947692308,23001.4864615385,21847.815,20743.734,19688.3243846154,18775.3678461538,18043.7160769231,17437.6843846154,16889.6530769231,16084.1913846154,15452.9712307692,14650.6360769231,13792.6096153846,12714.2127692308,11592.2037692308,10438.5338461538,9339.05415384615,8257.59584615385,7144.71538461538,6232.23438461538,5253.62784615385,4344.10323076923,3562.617,2840.37276923077,2258.42892307692,1784.99484615385,1393.48130769231,1056.854,819.459923076923,609.630769230769,457.971538461538,360.562153846154,274.713461538462,192.867153846154,153.312692307692,123.418769230769,87.332,74.7318461538461,53.0274615384615,44.3653846153846,29.2264615384615,25.4127692307692,0,0,0,"5b","5b","5b","5b","5b","5b","5b","5b","5b","5b","5b","5b","5b","5b","5b","5b","5b","5b","5b","5b","5b","5b","5b","5b","5b","5b","5b","5b","5b","5b","5b","5b","5b","5b","5b","5b","5b","5b","5b","5b","5b","5b","5b","5b","5b","5b","5b","5b","5b","5b","5b","5b","5b","5b","5b","5b","5b","5b","5b","5b","5b","5b","5b","5b","5b","5b","5b","5b","5b","5b","5b","5b","5b","5b","5b","5b","5b","5b","5b","5b","5b","5b","5b","5b","5b","5b","5b","5b","5b","5b","5b","5b","5b","5b","5b","5b"
"2024-01-30 23:00:00",0,0,0,0,0,0,0,0,0,0,0,0,0,0,0,0,0,0,0,0,0,0,0,0,0,0,0,0,0,0,0,0,13145.2038,13969.8601,14872.1158,15612.5137,16371.7112,17131.1012,17945.6242,18864.5946,19788.2339,20695.8692,21870.1136,22638.3679,23385.6145,23703.7527,24065.724,24008.9861,23567.8023,23143.2035,22315.213,21473.0687,20561.2644,19749.3757,18741.483,17831.2752,17037.002,16313.5286,15622.188,14972.5053,14420.3402,13938.074,13233.5434,12532.1886,11660.8657,10735.9527,9804.6817,8768.396,7648.7244,6670.6815,5774.6654,4895.7815,4047.1394,3317.6197,2617.9682,2118.8898,1685.8795,1316.1643,1005.1876,780.4131,602.7845,469.5875,364.8993,267.1581,207.23,147.5494,120.4185,86.662,74.501,50.9456,38.2792,32.1789,25.5011,0,0,0,"5b","5b","5b","5b","5b","5b","5b","5b","5b","5b","5b","5b","5b","5b","5b","5b","5b","5b","5b","5b","5b","5b","5b","5b","5b","5b","5b","5b","5b","5b","5b","5b","5b","5b","5b","5b","5b","5b","5b","5b","5b","5b","5b","5b","5b","5b","5b","5b","5b","5b","5b","5b","5b","5b","5b","5b","5b","5b","5b","5b","5b","5b","5b","5b","5b","5b","5b","5b","5b","5b","5b","5b","5b","5b","5b","5b","5b","5b","5b","5b","5b","5b","5b","5b","5b","5b","5b","5b","5b","5b","5b","5b","5b","5b","5b","5b"
"2024-01-31 00:00:00",0,0,0,0,0,0,0,0,0,0,0,0,0,0,0,0,0,0,0,0,0,0,0,0,0,0,0,0,0,0,0,0,7707.87166666667,8300.07158333333,8659.5415,9343.40933333333,9828.02491666667,10318.7090833333,10684.9225,11154.6845833333,11516.7865833333,12238.5534166667,12971.9455,13883.2216666667,14550.6406666667,15476.91475,16022.21675,16332.3105833333,16461.4899166667,16258.1380833333,15988.8573333333,15448.1138333333,14855.8313333333,14041.49625,13280.7229166667,12583.8121666667,11792.16325,10989.2471666667,10360.5796666667,9848.74466666667,9328.12266666667,8931.32133333333,8690.46625,8228.89608333333,7879.686,7502.86216666667,6978.43158333333,6337.36858333333,5647.8765,5008.37375,4319.59025,3682.58708333333,3037.96383333333,2487.60658333333,2053.5745,1637.12041666667,1296.32208333333,990.32425,766.02675,562.9735,407.822083333333,312.357833333333,237.932583333333,171.877666666667,131.428,90.19425,77.5210833333333,53.25925,49.0035,30.4444166666667,27.28425,20.50525,14.8353333333333,0,0,0,"0b","0b","0b","0b","0b","0b","0b","0b","0b","0b","0b","0b","0b","0b","0b","0b","0b","0b","0b","0b","0b","0b","0b","0b","0b","0b","0b","0b","0b","0b","0b","0b","1b","1b","1b","1b","1b","1b","1b","1b","1b","1b","1b","1b","1b","1b","1b","1b","1b","1b","1b","1b","1b","1b","1b","1b","1b","1b","1b","1b","1b","1b","1b","1b","1b","1b","1b","1b","1b","1b","1b","1b","1b","1b","1b","1b","1b","1b","1b","1b","1b","1b","1b","1b","1b","1b","1b","1b","1b","1b","1b","1b","1b","0b","0b","0b"
"2024-01-31 01:00:00",0,0,0,0,0,0,0,0,0,0,0,0,0,0,0,0,0,0,0,0,0,0,0,0,0,0,0,0,0,0,0,0,7796.67816666667,8123.627,8478.47891666667,8810.92475,8968.92858333333,8855.925,8748.22841666667,8662.21166666667,8954.6715,9227.91525,9724.96066666667,10383.37225,11122.8005833333,11949.8630833333,12830.1064166667,13184.6016666667,13578.86675,13686.13525,13518.58225,13351.9284166667,13012.0385833333,12550.0783333333,12022.48675,11441.85325,10813.4560833333,10256.65325,9779.40166666667,9266.15008333333,8895.86666666667,8456.93541666667,8173.32691666667,7811.87216666667,7417.73816666667,7041.52925,6621.65083333333,6150.45958333333,5611.15925,4972.64416666667,4416.79891666667,3751.73441666667,3115.09,2579.97908333333,2116.11025,1704.63883333333,1346.50675,1047.08575,793.858916666667,592.502166666667,427.687666666667,315.42625,228.516666666667,164.212833333333,119.649,96.1503333333333,74.0054166666667,53.16425,44.6089166666667,29.02175,24.0669166666667,18.5801666666667,13.05875,0,0,0,"5b","5b","5b","5b","5b","5b","5b","5b","5b","5b","5b","5b","5b","5b","5b","5b","5b","5b","5b","5b","5b","5b","5b","5b","5b","5b","5b","5b","5b","5b","5b","5b","5b","5b","5b","5b","5b","5b","5b","5b","5b","5b","5b","5b","5b","5b","5b","5b","5b","5b","5b","5b","5b","5b","5b","5b","5b","5b","5b","5b","5b","5b","5b","5b","5b","5b","5b","5b","5b","5b","5b","5b","5b","5b","5b","5b","5b","5b","5b","5b","5b","5b","5b","5b","5b","5b","5b","5b","5b","5b","5b","5b","5b","5b","5b","5b"
"2024-01-31 02:00:00",0,0,0,0,0,0,0,0,0,0,0,0,0,0,0,0,0,0,0,0,0,0,0,0,0,0,0,0,0,0,0,0,19561.565,18723.1703333333,18018.9810833333,16781.12175,15524.89225,14150.60025,12703.9655,11130.8398333333,10161.8854166667,9764.58833333333,9505.95691666667,9861.67291666667,10263.151,10747.1435,11322.903,11615.50875,11889.8288333333,11833.8175833333,11732.1990833333,11280.0010833333,11041.3091666667,10497.9575833333,9894.60291666667,9226.74958333333,8746.42658333333,8101.21566666667,7639.703,7226.24558333333,6820.18316666667,6505.37716666667,6242.5115,6047.61966666667,5795.68675,5497.44975,5252.16758333333,4909.45233333333,4444.56725,3975.64983333333,3577.58608333333,3138.107,2692.304,2291.797,1885.85133333333,1530.302,1170.7445,881.868833333333,652.922333333333,479.946333333333,335.091916666667,244.134916666667,170.383,136.71025,90.8318333333333,70.0231666666667,55.6164166666667,45.57025,29.4536666666667,24.8195,21.2524166666667,14.73125,10.1208333333333,0,0,0,"0b","0b","0b","0b","0b","0b","0b","0b","0b","0b","0b","0b","0b","0b","0b","0b","0b","0b","0b","0b","0b","0b","0b","0b","0b","0b","0b","0b","0b","0b","0b","0b","1b","1b","1b","1b","1b","1b","1b","1b","1b","1b","1b","1b","1b","1b","1b","1b","1b","1b","1b","1b","1b","1b","1b","1b","1b","1b","1b","1b","1b","1b","1b","1b","1b","1b","1b","1b","1b","1b","1b","1b","1b","1b","1b","1b","1b","1b","1b","1b","1b","1b","1b","1b","1b","1b","1b","1b","1b","1b","1b","1b","1b","0b","0b","0b"
"2024-01-31 03:00:00",0,0,0,0,0,0,0,0,0,0,0,0,0,0,0,0,0,0,0,0,0,0,0,0,0,0,0,0,0,0,0,0,7330.7405,7937.59433333333,7946.481,8077.252,8153.66775,7932.15425,7765.65125,7542.2085,7399.70108333333,7453.69808333333,7378.91083333333,7626.25616666667,8032.3415,8514.19316666667,8814.55716666667,9275.27325,9513.58016666667,9623.58816666667,9538.13533333333,9412.76658333333,9148.51825,8721.95766666667,8394.16725,7989.5465,7639.77858333333,7140.14958333333,6857.10716666667,6400.90233333333,6127.83208333333,5844.4475,5637.97975,5555.2205,5265.11391666667,5051.97491666667,4799.14783333333,4443.24675,4066.02233333333,3663.01233333333,3334.05483333333,2979.22016666667,2604.04158333333,2276.148,1888.04233333333,1518.01083333333,1177.58233333333,887.429416666667,673.767083333333,483.994916666667,342.7425,235.1705,165.858666666667,118.930083333333,81.8354166666667,65.4258333333333,54.4411666666667,37.2255,29.0310833333333,21.7748333333333,18.69325,16.7450833333333,8.44166666666667,0,0,0,"0b","0b","0b","0b","0b","0b","0b","0b","0b","0b","0b","0b","0b","0b","0b","0b","0b","0b","0b","0b","0b","0b","0b","0b","0b","0b","0b","0b","0b","0b","0b","0b","1b","1b","1b","1b","1b","1b","1b","1b","1b","1b","1b","1b","1b","1b","1b","1b","1b","1b","1b","1b","1b","1b","1b","1b","1b","1b","1b","1b","1b","1b","1b","1b","1b","1b","1b","1b","1b","1b","1b","1b","1b","1b","1b","1b","1b","1b","1b","1b","1b","1b","1b","1b","1b","1b","1b","1b","1b","1b","1b","1b","1b","0b","0b","0b"
"2024-01-31 04:00:00",0,0,0,0,0,0,0,0,0,0,0,0,0,0,0,0,0,0,0,0,0,0,0,0,0,0,0,0,0,0,0,0,3498.01558333333,3465.32325,3365.601,3408.63675,3441.86933333333,3476.15575,3526.73283333333,3704.498,3826.12241666667,4025.15391666667,4190.56525,4459.14391666667,4642.03241666667,4900.04291666667,5145.33741666667,5373.68358333333,5488.45175,5557.09616666667,5427.33633333333,5351.005,5185.06208333333,4879.88933333333,4589.1115,4244.76025,3924.03858333333,3605.65533333333,3375.14908333333,3201.07641666667,3068.09441666667,2939.64783333333,2838.43133333333,2748.70691666667,2674.19191666667,2584.47441666667,2473.68833333333,2349.25991666667,2193.16841666667,2022.87808333333,1847.71591666667,1690.90041666667,1468.5255,1234.55008333333,1014.646,796.17775,612.091583333333,443.244166666667,325.41675,237.803416666667,162.646583333333,125.88075,86.6626666666667,67.48975,47.8173333333333,39.448,32.7263333333333,26.69525,21.8565833333333,17.8270833333333,14.5594166666667,10.9088333333333,9.54558333333333,0,0,0,"0b","0b","0b","0b","0b","0b","0b","0b","0b","0b","0b","0b","0b","0b","0b","0b","0b","0b","0b","0b","0b","0b","0b","0b","0b","0b","0b","0b","0b","0b","0b","0b","1b","1b","1b","1b","1b","1b","1b","1b","1b","1b","1b","1b","1b","1b","1b","1b","1b","1b","1b","1b","1b","1b","1b","1b","1b","1b","1b","1b","1b","1b","1b","1b","1b","1b","1b","1b","1b","1b","1b","1b","1b","1b","1b","1b","1b","1b","1b","1b","1b","1b","1b","1b","1b","1b","1b","1b","1b","1b","1b","1b","1b","0b","0b","0b"
"2024-01-31 05:00:00",0,0,0,0,0,0,0,0,0,0,0,0,0,0,0,0,0,0,0,0,0,0,0,0,0,0,0,0,0,0,0,0,7375.08116666667,6647.72875,6474.07641666667,6429.666,6047.18758333333,5759.49933333333,5615.46991666667,5366.34158333333,5186.38533333333,5133.38283333333,5059.59558333333,4978.16591666667,5055.13908333333,5083.40441666667,5138.40666666667,5253.67516666667,5243.79166666667,5266.6285,5108.68391666667,4892.20408333333,4658.22691666667,4286.19925,3941.44591666667,3589.74808333333,3189.60983333333,2863.15208333333,2647.53408333333,2486.9695,2301.15316666667,2202.07541666667,2104.1375,2043.64266666667,1994.19258333333,1939.054,1850.46825,1772.63858333333,1694.79883333333,1606.57866666667,1551.46258333333,1449.39375,1330.91183333333,1160.05191666667,967.677333333333,751.496583333333,563.450333333333,399.855333333333,294.539833333333,198.3715,141.411583333333,106.296,81.3458333333333,55.253,39.0319166666667,33.655,28.7680833333333,24.0074166666667,19.3604166666667,16.1075,13.80325,11.6989166666667,10.5321666666667,0,0,0,"0b","0b","0b","0b","0b","0b","0b","0b","0b","0b","0b","0b","0b","0b","0b","0b","0b","0b","0b","0b","0b","0b","0b","0b","0b","0b","0b","0b","0b","0b","0b","0b","1b","1b","1b","1b","1b","1b","1b","1b","1b","1b","1b","1b","1b","1b","1b","1b","1b","1b","1b","1b","1b","1b","1b","1b","1b","1b","1b","1b","1b","1b","1b","1b","1b","1b","1b","1b","1b","1b","1b","1b","1b","1b","1b","1b","1b","1b","1b","1b","1b","1b","1b","1b","1b","1b","1b","1b","1b","1b","1b","1b","1b","0b","0b","0b"
"2024-01-31 06:00:00",0,0,0,0,0,0,0,0,0,0,0,0,0,0,0,0,0,0,0,0,0,0,0,0,0,0,0,0,0,0,0,0,15470.6373333333,15167.992,14356.4919166667,14193.5290833333,13905.8568333333,13383.5646666667,12942.6069166667,12407.2213333333,11815.5801666667,10835.7449166667,9710.37416666667,8830.97383333333,8058.56983333333,7483.66708333333,6946.715,6605.41383333333,6324.747,6027.92133333333,5793.35125,5417.30983333333,5026.99191666667,4695.1905,4300.59108333333,3951.00358333333,3648.21508333333,3273.74766666667,2989.53958333333,2783.516,2600.54783333333,2458.36458333333,2379.968,2309.55858333333,2155.27075,2069.8465,1995.60491666667,1911.66716666667,1800.9395,1747.21558333333,1687.98508333333,1570.48841666667,1464.78808333333,1316.39666666667,1114.223,898.206333333333,682.9435,495.962833333333,351.08275,250.85925,173.682833333333,121.25175,89.2213333333333,61.9656666666667,44.8659166666667,37.3198333333333,33.1383333333333,27.2835833333333,18.6300833333333,18.6363333333333,15.77275,10.5548333333333,10.1065833333333,0,0,0,"0b","0b","0b","0b","0b","0b","0b","0b","0b","0b","0b","0b","0b","0b","0b","0b","0b","0b","0b","0b","0b","0b","0b","0b","0b","0b","0b","0b","0b","0b","0b","0b","1b","1b","1b","1b","1b","1b","1b","1b","1b","1b","1b","1b","1b","1b","1b","1b","1b","1b","1b","1b","1b","1b","1b","1b","1b","1b","1b","1b","1b","1b","1b","1b","1b","1b","1b","1b","1b","1b","1b","1b","1b","1b","1b","1b","1b","1b","1b","1b","1b","1b","1b","1b","1b","1b","1b","1b","1b","1b","1b","1b","1b","0b","0b","0b"
"2024-01-31 07:00:00",0,0,0,0,0,0,0,0,0,0,0,0,0,0,0,0,0,0,0,0,0,0,0,0,0,0,0,0,0,0,0,0,16492.934,15492.8259166667,14123.0493333333,12358.5944166667,11030.04725,9939.30166666667,9031.57858333333,8294.073,7725.63891666667,7223.41733333333,6699.13183333333,6433.96808333333,6176.4525,5916.42791666667,5607.98408333333,5455.60125,5309.0195,5115.26983333333,5042.99091666667,4844.928,4653.59716666667,4406.5435,4087.41841666667,3830.67716666667,3409.23608333333,3091.583,2811.74658333333,2573.92783333333,2321.74091666667,2194.29333333333,2044.55066666667,1935.11241666667,1810.31041666667,1745.43175,1643.30408333333,1572.454,1464.59208333333,1398.62008333333,1357.79866666667,1274.21416666667,1220.58875,1093.86125,963.83825,791.12425,631.245,498.6895,355.99125,258.957333333333,180.15825,132.83625,92.1344166666667,65.7528333333333,46.972,35.1753333333333,34.67475,24.2201666666667,18.3050833333333,17.0885,12.4715,11.7353333333333,8.34658333333333,0,0,0,"0b","0b","0b","0b","0b","0b","0b","0b","0b","0b","0b","0b","0b","0b","0b","0b","0b","0b","0b","0b","0b","0b","0b","0b","0b","0b","0b","0b","0b","0b","0b","0b","1b","1b","1b","1b","1b","1b","1b","1b","1b","1b","1b","1b","1b","1b","1b","1b","1b","1b","1b","1b","1b","1b","1b","1b","1b","1b","1b","1b","1b","1b","1b","1b","1b","1b","1b","1b","1b","1b","1b","1b","1b","1b","1b","1b","1b","1b","1b","1b","1b","1b","1b","1b","1b","1b","1b","1b","1b","1b","1b","1b","1b","0b","0b","0b"
"2024-01-31 08:00:00",0,0,0,0,0,0,0,0,0,0,0,0,0,0,0,0,0,0,0,0,0,0,0,0,0,0,0,0,0,0,0,0,24848.2133333333,22576.73225,21006.4820833333,18337.6341666667,16013.0884166667,14034.8319166667,12428.7901666667,11640.0029166667,10750.4869166667,9890.39783333333,9025.05158333333,8007.13558333333,7090.02875,6416.91991666667,5908.81091666667,5556.77116666667,5360.08191666667,5210.75525,4946.59541666667,4694.37808333333,4422.85275,4029.30008333333,3773.91775,3456.48608333333,3125.29791666667,2863.18816666667,2627.38875,2403.962,2217.74925,2066.9285,1920.25016666667,1744.62108333333,1673.7775,1583.00991666667,1481.14891666667,1403.29325,1336.3715,1268.28058333333,1187.586,1129.22008333333,1026.59483333333,904.87425,757.66325,610.261666666667,479.07,352.2745,260.973333333333,197.98975,132.777666666667,106.432833333333,71.3139166666667,52.4648333333333,39.6285833333333,29.96825,35.0759166666667,20.3019166666667,19.0675833333333,16.4538333333333,12.8060833333333,11.6283333333333,11.3880833333333,0,0,0,"0b","0b","0b","0b","0b","0b","0b","0b","0b","0b","0b","0b","0b","0b","0b","0b","0b","0b","0b","0b","0b","0b","0b","0b","0b","0b","0b","0b","0b","0b","0b","0b","1b","1b","1b","1b","1b","1b","1b","1b","1b","1b","1b","1b","1b","1b","1b","1b","1b","1b","1b","1b","1b","1b","1b","1b","1b","1b","1b","1b","1b","1b","1b","1b","1b","1b","1b","1b","1b","1b","1b","1b","1b","1b","1b","1b","1b","1b","1b","1b","1b","1b","1b","1b","1b","1b","1b","1b","1b","1b","1b","1b","1b","0b","0b","0b"
"2024-01-31 09:00:00",0,0,0,0,0,0,0,0,0,0,0,0,0,0,0,0,0,0,0,0,0,0,0,0,0,0,0,0,0,0,0,0,23727.5766666667,22295.01475,20130.6199166667,18138.2278333333,15760.644,13575.6418333333,11946.16075,10587.9628333333,9667.43466666667,8888.53475,8152.784,7288.45675,6762.01016666667,6259.41333333333,5934.68833333333,5648.60191666667,5484.63116666667,5176.61191666667,4780.44883333333,4433.16941666667,4175.16083333333,3860.192,3542.98316666667,3285.544,3014.78025,2755.82883333333,2591.06608333333,2386.19733333333,2230.26708333333,2113.90741666667,1973.99991666667,1857.74483333333,1777.79325,1666.67525,1512.754,1473.37183333333,1350.02316666667,1280.41041666667,1189.80308333333,1109.16358333333,990.047166666667,830.920833333333,658.850583333333,506.035,386.632333333333,266.352416666667,196.8545,140.851333333333,105.865833333333,86.22125,58.294,48.25975,38.5783333333333,30.247,29.296,26.0980833333333,19.9040833333333,18.8803333333333,14.53375,11.5128333333333,9.61675,0,0,0,"0b","0b","0b","0b","0b","0b","0b","0b","0b","0b","0b","0b","0b","0b","0b","0b","0b","0b","0b","0b","0b","0b","0b","0b","0b","0b","0b","0b","0b","0b","0b","0b","1b","1b","1b","1b","1b","1b","1b","1b","1b","1b","1b","1b","1b","1b","1b","1b","1b","1b","1b","1b","1b","1b","1b","1b","1b","1b","1b","1b","1b","1b","1b","1b","1b","1b","1b","1b","1b","1b","1b","1b","1b","1b","1b","1b","1b","1b","1b","1b","1b","1b","1b","1b","1b","1b","1b","1b","1b","1b","1b","1b","1b","0b","0b","0b"
"2024-01-31 10:00:00",0,0,0,0,0,0,0,0,0,0,0,0,0,0,0,0,0,0,0,0,0,0,0,0,0,0,0,0,0,0,0,0,27198.40675,24607.39125,22269.9889166667,19681.966,16814.2445,14684.0093333333,12737.9794166667,11099.3945833333,9850.83975,8755.6295,7974.18258333333,7175.68591666667,6532.82016666667,6036.8625,5540.05158333333,5194.23508333333,4847.16916666667,4548.28116666667,4197.354,3987.98391666667,3709.93075,3468.218,3226.63008333333,3038.60858333333,2821.73716666667,2571.86825,2389.1435,2228.41816666667,2041.14908333333,1908.16508333333,1762.71625,1642.45058333333,1536.65866666667,1428.77058333333,1362.4285,1289.54783333333,1216.9555,1152.69483333333,1112.8465,1018.48825,930.652,817.961916666667,663.399666666667,494.550416666667,351.8335,258.355333333333,187.242083333333,139.570583333333,87.1104166666667,76.3788333333333,55.9625,45.0173333333333,37.6478333333333,29.294,28.4633333333333,28.029,20.1231666666667,16.01075,15.9985,14.0165833333333,10.2671666666667,0,0,0,"0b","0b","0b","0b","0b","0b","0b","0b","0b","0b","0b","0b","0b","0b","0b","0b","0b","0b","0b","0b","0b","0b","0b","0b","0b","0b","0b","0b","0b","0b","0b","0b","1b","1b","1b","1b","1b","1b","1b","1b","1b","1b","1b","1b","1b","1b","1b","1b","1b","1b","1b","1b","1b","1b","1b","1b","1b","1b","1b","1b","1b","1b","1b","1b","1b","1b","1b","1b","1b","1b","1b","1b","1b","1b","1b","1b","1b","1b","1b","1b","1b","1b","1b","1b","1b","1b","1b","1b","1b","1b","1b","1b","1b","0b","0b","0b"
"2024-01-31 11:00:00",0,0,0,0,0,0,0,0,0,0,0,0,0,0,0,0,0,0,0,0,0,0,0,0,0,0,0,0,0,0,0,0,28042.11625,25498.7884166667,23060.7635833333,20561.9230833333,17771.4405,15233.7764166667,13372.4020833333,11744.5330833333,10356.6566666667,9441.69325,8372.89825,7590.23875,6926.29125,6309.75766666667,5738.46183333333,5332.4175,4925.63758333333,4661.95941666667,4461.57058333333,4213.25366666667,4070.7565,3846.26933333333,3648.95683333333,3451.63708333333,3254.45125,3088.077,2868.60875,2709.83516666667,2518.20083333333,2270.67983333333,2128.68,1988.40108333333,1800.47241666667,1640.13275,1530.93741666667,1437.6885,1323.76791666667,1217.14841666667,1130.66875,1067.8505,939.971166666667,816.486333333333,666.3925,526.928833333333,386.94825,269.205333333333,187.732333333333,137.9545,90.99125,78.41575,53.7914166666667,44.3405833333333,34.89725,30.2445,28.9628333333333,26.5884166666667,22.9696666666667,16.8355833333333,15.4255,13.3994166666667,10.2566666666667,0,0,0,"0b","0b","0b","0b","0b","0b","0b","0b","0b","0b","0b","0b","0b","0b","0b","0b","0b","0b","0b","0b","0b","0b","0b","0b","0b","0b","0b","0b","0b","0b","0b","0b","1b","1b","1b","1b","1b","1b","1b","1b","1b","1b","1b","1b","1b","1b","1b","1b","1b","1b","1b","1b","1b","1b","1b","1b","1b","1b","1b","1b","1b","1b","1b","1b","1b","1b","1b","1b","1b","1b","1b","1b","1b","1b","1b","1b","1b","1b","1b","1b","1b","1b","1b","1b","1b","1b","1b","1b","1b","1b","1b","1b","1b","0b","0b","0b"
"2024-01-31 12:00:00",0,0,0,0,0,0,0,0,0,0,0,0,0,0,0,0,0,0,0,0,0,0,0,0,0,0,0,0,0,0,0,0,23311.8140909091,21921.3545454545,19919.8472727273,18074.2177272727,16512.0857272727,14833.898,13467.1274545455,12420.4200909091,11442.7266363636,10511.3830909091,9657.38163636364,8801.85627272727,7954.93818181818,7254.45790909091,6640.85118181818,6022.55336363636,5399.62909090909,4990.24172727273,4601.39318181818,4292.79536363636,3993.62481818182,3724.87145454545,3534.17236363636,3290.80618181818,3037.91172727273,2853.38436363636,2660.49481818182,2433.11518181818,2301.32509090909,2183.07518181818,2023.04190909091,1911.74854545455,1769.71118181818,1646.82136363636,1501.56127272727,1372.71018181818,1257.64590909091,1172.12909090909,1055.87490909091,975.883727272727,881.092909090909,751.616,628.666545454545,493.491,361.541636363636,254.161,175.561909090909,121.582727272727,82.7971818181818,74.5694545454545,53.5595454545455,50.8107272727273,35.2706363636364,29.4663636363636,29.0398181818182,25.5942727272727,19.117,16.1672727272727,12.0332727272727,9.56090909090909,8.48454545454545,0,0,0,"0b","0b","0b","0b","0b","0b","0b","0b","0b","0b","0b","0b","0b","0b","0b","0b","0b","0b","0b","0b","0b","0b","0b","0b","0b","0b","0b","0b","0b","0b","0b","0b","1b","1b","1b","1b","1b","1b","1b","1b","1b","1b","1b","1b","1b","1b","1b","1b","1b","1b","1b","1b","1b","1b","1b","1b","1b","1b","1b","1b","1b","1b","1b","1b","1b","1b","1b","1b","1b","1b","1b","1b","1b","1b","1b","1b","1b","1b","1b","1b","1b","1b","1b","1b","1b","1b","1b","1b","1b","1b","1b","1b","1b","0b","0b","0b"
"2024-01-31 13:00:00",0,0,0,0,0,0,0,0,0,0,0,0,0,0,0,0,0,0,0,0,0,0,0,0,0,0,0,0,0,0,0,0,16106.5836666667,15433.3658333333,14819.2510833333,14532.59125,13950.1559166667,13753.2630833333,13598.8381666667,13680.7584166667,13467.1053333333,12897.7053333333,12724.5634166667,12567.99,12260.3915833333,12020.7696666667,12143.2836666667,12066.2345,12028.89725,11613.942,11163.3138333333,10575.0013333333,9937.705,9185.43608333333,8108.96308333333,6829.42825,5523.05375,4422.72941666667,3525.33558333333,2906.64483333333,2494.69308333333,2175.5225,2005.33958333333,1864.1655,1727.4065,1613.19566666667,1550.38775,1458.05008333333,1346.19858333333,1224.60216666667,1110.37266666667,1005.86341666667,871.336416666667,731.746,593.299333333333,457.9915,335.439583333333,241.85025,166.525833333333,119.469666666667,81.1095833333333,65.8901666666667,50.72775,39.1458333333333,30.9793333333333,28.3796666666667,21.8313333333333,17.2449166666667,14.34525,12.0716666666667,10.266,9.68358333333333,6.753,0,0,0,"0b","0b","0b","0b","0b","0b","0b","0b","0b","0b","0b","0b","0b","0b","0b","0b","0b","0b","0b","0b","0b","0b","0b","0b","0b","0b","0b","0b","0b","0b","0b","0b","1b","1b","1b","1b","1b","1b","1b","1b","1b","1b","1b","1b","1b","1b","1b","1b","1b","1b","1b","1b","1b","1b","1b","1b","1b","1b","1b","1b","1b","1b","1b","1b","1b","1b","1b","1b","1b","1b","1b","1b","1b","1b","1b","1b","1b","1b","1b","1b","1b","1b","1b","1b","1b","1b","1b","1b","1b","1b","1b","1b","1b","0b","0b","0b"
"2024-01-31 14:00:00",0,0,0,0,0,0,0,0,0,0,0,0,0,0,0,0,0,0,0,0,0,0,0,0,0,0,0,0,0,0,0,0,21703.3299166667,19770.08825,17423.6095,15191.41475,13131.18675,11753.9919166667,10741.7143333333,9751.82208333333,9086.63341666667,8574.97216666667,7921.08608333333,7556.91041666667,6972.2765,6454.15933333333,5944.67441666667,5551.30708333333,5098.50283333333,4641.37483333333,4333.22883333333,3933.84766666667,3618.30575,3366.37033333333,3123.16008333333,2819.73191666667,2606.39216666667,2352.40033333333,2189.00483333333,2044.5785,1924.78841666667,1856.916,1747.13491666667,1732.37366666667,1647.95458333333,1600.54541666667,1510.79158333333,1472.4745,1383.82141666667,1279.34391666667,1130.59633333333,990.915833333333,826.855916666667,699.496916666667,559.009166666667,436.62325,329.045583333333,238.180666666667,165.62275,113.15725,75.7745,66.4478333333333,44.1018333333333,34.0686666666667,23.4815,19.3894166666667,16.5213333333333,14.5469166666667,11.5983333333333,10.6910833333333,8.53658333333333,7.344,6.95075,0,0,0,"3b","3b","3b","3b","3b","3b","3b","3b","3b","3b","3b","3b","3b","3b","3b","3b","3b","3b","3b","3b","3b","3b","3b","3b","3b","3b","3b","3b","3b","3b","3b","3b","3b","3b","3b","3b","3b","3b","3b","3b","3b","3b","3b","3b","3b","3b","3b","3b","3b","3b","3b","3b","3b","3b","3b","3b","3b","3b","3b","3b","3b","3b","3b","3b","3b","3b","3b","3b","3b","3b","3b","3b","3b","3b","3b","3b","3b","3b","3b","3b","3b","3b","3b","3b","3b","3b","3b","3b","3b","3b","3b","3b","3b","3b","3b","3b"
"2024-01-31 15:00:00",0,0,0,0,0,0,0,0,0,0,0,0,0,0,0,0,0,0,0,0,0,0,0,0,0,0,0,0,0,0,0,0,21413.3623333333,19770.9126666667,17640.797,15345.721,13110.5505833333,11416.41325,9943.97033333333,8884.14016666667,8089.85216666667,7463.75658333333,6996.20458333333,6573.12175,6157.76166666667,5841.15116666667,5628.92158333333,5377.47775,5127.14375,4926.17416666667,4725.13975,4453.61383333333,4195.14941666667,3930.0375,3631.95883333333,3385.62183333333,3084.88958333333,2879.866,2664.87225,2411.54466666667,2254.9565,2091.59575,1991.7065,1936.23416666667,1889.09658333333,1821.49591666667,1746.32766666667,1629.861,1536.85133333333,1394.19966666667,1283.57475,1097.26491666667,948.96225,790.969166666667,643.552416666667,510.096333333333,394.242416666667,299.996583333333,210.003583333333,149.548666666667,104.217083333333,78.7351666666667,53.9920833333333,40.904,24.6541666666667,22.9608333333333,19.0633333333333,16.76525,13.2920833333333,11.2405,7.927,8.47091666666667,5.97366666666667,0,0,0,"0b","0b","0b","0b","0b","0b","0b","0b","0b","0b","0b","0b","0b","0b","0b","0b","0b","0b","0b","0b","0b","0b","0b","0b","0b","0b","0b","0b","0b","0b","0b","0b","1b","1b","1b","1b","1b","1b","1b","1b","1b","1b","1b","1b","1b","1b","1b","1b","1b","1b","1b","1b","1b","1b","1b","1b","1b","1b","1b","1b","1b","1b","1b","1b","1b","1b","1b","1b","1b","1b","1b","1b","1b","1b","1b","1b","1b","1b","1b","1b","1b","1b","1b","1b","1b","1b","1b","1b","1b","1b","1b","1b","1b","0b","0b","0b"
"2024-01-31 16:00:00",0,0,0,0,0,0,0,0,0,0,0,0,0,0,0,0,0,0,0,0,0,0,0,0,0,0,0,0,0,0,0,0,14629.8914166667,14081.2538333333,13000.6850833333,12173.6206666667,10905.5428333333,9886.59066666667,8823.32983333333,7972.17766666667,7168.67458333333,6422.90625,5738.97808333333,5237.14408333333,4816.64916666667,4418.80766666667,4170.3625,3944.24891666667,3754.39541666667,3521.01541666667,3394.12941666667,3207.05258333333,3087.12466666667,2940.85975,2768.41983333333,2628.70608333333,2463.91308333333,2340.82141666667,2201.98958333333,2124.47183333333,1968.24333333333,1850.25225,1748.65166666667,1642.32108333333,1536.22741666667,1441.1105,1351.00225,1251.24925,1166.324,1036.78458333333,948.941,833.285666666667,717.045666666667,592.930666666667,480.341916666667,391.273166666667,316.280333333333,225.72375,172.94275,131.212083333333,93.9026666666667,71.5475,55.1495,38.0156666666667,25.8903333333333,23.6369166666667,19.9734166666667,18.27675,14.4591666666667,13.172,9.47908333333333,6.56475,7.164,0,0,0,"0b","0b","0b","0b","0b","0b","0b","0b","0b","0b","0b","0b","0b","0b","0b","0b","0b","0b","0b","0b","0b","0b","0b","0b","0b","0b","0b","0b","0b","0b","0b","0b","1b","1b","1b","1b","1b","1b","1b","1b","1b","1b","1b","1b","1b","1b","1b","1b","1b","1b","1b","1b","1b","1b","1b","1b","1b","1b","1b","1b","1b","1b","1b","1b","1b","1b","1b","1b","1b","1b","1b","1b","1b","1b","1b","1b","1b","1b","1b","1b","1b","1b","1b","1b","1b","1b","1b","1b","1b","1b","1b","1b","1b","0b","0b","0b"
"2024-01-31 17:00:00",0,0,0,0,0,0,0,0,0,0,0,0,0,0,0,0,0,0,0,0,0,0,0,0,0,0,0,0,0,0,0,0,7509.9765,7180.40166666667,6820.88091666667,6194.27875,5747.48433333333,5404.76783333333,4945.64791666667,4359.96625,3949.943,3434.87416666667,3030.68141666667,2831.15691666667,2572.34141666667,2259.06933333333,2072.61383333333,1918.60191666667,1820.66325,1724.37483333333,1602.37166666667,1551.58533333333,1504.53416666667,1439.26375,1381.42316666667,1287.79666666667,1239.68016666667,1193.05,1135.72066666667,1118.39533333333,1089.97433333333,1026.91491666667,1005.42341666667,988.04025,961.8635,901.4775,815.540083333333,737.90525,661.322833333333,588.400583333333,549.39375,476.61875,432.797,346.876,299.812,231.03675,191.608416666667,155.685583333333,120.76975,90.6093333333333,76.6181666666667,62.2443333333333,52.9101666666667,40.7094166666667,30.1274166666667,29.4509166666667,27.9245833333333,24.39,19.7730833333333,15.5389166666667,14.2860833333333,11.7659166666667,10.7379166666667,0,0,0,"0b","0b","0b","0b","0b","0b","0b","0b","0b","0b","0b","0b","0b","0b","0b","0b","0b","0b","0b","0b","0b","0b","0b","0b","0b","0b","0b","0b","0b","0b","0b","0b","1b","1b","1b","1b","1b","1b","1b","1b","1b","1b","1b","1b","1b","1b","1b","1b","1b","1b","1b","1b","1b","1b","1b","1b","1b","1b","1b","1b","1b","1b","1b","1b","1b","1b","1b","1b","1b","1b","1b","1b","1b","1b","1b","1b","1b","1b","1b","1b","1b","1b","1b","1b","1b","1b","1b","1b","1b","1b","1b","1b","1b","0b","0b","0b"
"2024-01-31 18:00:00",0,0,0,0,0,0,0,0,0,0,0,0,0,0,0,0,0,0,0,0,0,0,0,0,0,0,0,0,0,0,0,0,4206.73516666667,4027.97691666667,3788.42691666667,3456.49566666667,3190.7105,2847.84858333333,2682.19225,2397.9405,2252.73975,2195.09108333333,2120.24033333333,1978.26525,1821.92116666667,1710.37308333333,1608.94966666667,1569.23983333333,1566.59716666667,1551.58891666667,1519.42191666667,1436.528,1374.53883333333,1295.41025,1220.32008333333,1154.95633333333,1111.00758333333,1040.52116666667,1010.17491666667,981.21875,960.938083333333,961.74325,929.424083333333,907.244833333333,902.42375,848.1515,798.693666666667,684.274083333333,624.828083333333,569.953916666667,510.489,454.152166666667,396.58675,335.69175,276.464416666667,216.189083333333,183.228,133.443333333333,107.689166666667,85.3550833333333,64.1293333333333,58.19975,45.4204166666667,33.1505,26.8751666666667,28.1483333333333,24.1638333333333,18.4968333333333,19.4010833333333,16.3371666666667,13.0109166666667,9.92133333333333,9.67833333333333,0,0,0,"0b","0b","0b","0b","0b","0b","0b","0b","0b","0b","0b","0b","0b","0b","0b","0b","0b","0b","0b","0b","0b","0b","0b","0b","0b","0b","0b","0b","0b","0b","0b","0b","1b","1b","1b","1b","1b","1b","1b","1b","1b","1b","1b","1b","1b","1b","1b","1b","1b","1b","1b","1b","1b","1b","1b","1b","1b","1b","1b","1b","1b","1b","1b","1b","1b","1b","1b","1b","1b","1b","1b","1b","1b","1b","1b","1b","1b","1b","1b","1b","1b","1b","1b","1b","1b","1b","1b","1b","1b","1b","1b","1b","1b","0b","0b","0b"
"2024-01-31 19:00:00",0,0,0,0,0,0,0,0,0,0,0,0,0,0,0,0,0,0,0,0,0,0,0,0,0,0,0,0,0,0,0,0,6142.94858333333,5834.87533333333,5796.84233333333,5588.56166666667,5282.09925,5033.32658333333,4698.85625,4298.57758333333,3894.02608333333,3456.01066666667,3015.84658333333,2606.12366666667,2193.829,1933.86,1778.85208333333,1729.03441666667,1670.56766666667,1671.06016666667,1633.5145,1624.36566666667,1553.69016666667,1471.32141666667,1346.70925,1236.92466666667,1118.31883333333,1032.5285,946.322,896.654333333333,857.178916666667,848.089916666667,846.612166666667,815.928666666667,796.395166666667,780.67275,745.579833333333,676.654416666667,637.879,610.419333333333,548.903916666667,504.137833333333,452.588416666667,393.802166666667,317.58175,256.569416666667,214.383166666667,171.171833333333,131.9275,98.6166666666667,74.8361666666667,65.7605,50.7154166666667,38.9639166666667,30.0198333333333,26.20525,22.8508333333333,19.6451666666667,17.9159166666667,14.07175,10.8335833333333,9.91783333333333,8.08825,0,0,0,"0b","0b","0b","0b","0b","0b","0b","0b","0b","0b","0b","0b","0b","0b","0b","0b","0b","0b","0b","0b","0b","0b","0b","0b","0b","0b","0b","0b","0b","0b","0b","0b","1b","1b","1b","1b","1b","1b","1b","1b","1b","1b","1b","1b","1b","1b","1b","1b","1b","1b","1b","1b","1b","1b","1b","1b","1b","1b","1b","1b","1b","1b","1b","1b","1b","1b","1b","1b","1b","1b","1b","1b","1b","1b","1b","1b","1b","1b","1b","1b","1b","1b","1b","1b","1b","1b","1b","1b","1b","1b","1b","1b","1b","0b","0b","0b"
"2024-01-31 20:00:00",0,0,0,0,0,0,0,0,0,0,0,0,0,0,0,0,0,0,0,0,0,0,0,0,0,0,0,0,0,0,0,0,5871.23091666667,5663.3505,5132.78041666667,4828.1085,4491.58225,4119.67675,3909.52658333333,3611.51366666667,3330.493,3139.448,2876.34475,2633.13316666667,2387.473,2158.628,2103.26808333333,2009.665,1928.83708333333,1908.4575,1860.19833333333,1778.82458333333,1669.66683333333,1502.79608333333,1322.0935,1197.56733333333,1098.85425,979.8375,921.17375,871.180333333333,837.070333333333,829.7165,823.790083333333,798.068666666667,798.637666666667,781.72925,739.341083333333,682.0015,611.619833333333,560.611833333333,500.750166666667,440.415916666667,395.666,333.57125,257.270583333333,201.527583333333,145.342916666667,113.436333333333,77.487,65.6165833333333,50.2605,40.0815833333333,28.62875,25.2343333333333,17.1806666666667,19.4624166666667,13.8626666666667,11.6975,12.5270833333333,7.35758333333333,6.50883333333333,6.70491666666667,4.511,0,0,0,"0b","0b","0b","0b","0b","0b","0b","0b","0b","0b","0b","0b","0b","0b","0b","0b","0b","0b","0b","0b","0b","0b","0b","0b","0b","0b","0b","0b","0b","0b","0b","0b","1b","1b","1b","1b","1b","1b","1b","1b","1b","1b","1b","1b","1b","1b","1b","1b","1b","1b","1b","1b","1b","1b","1b","1b","1b","1b","1b","1b","1b","1b","1b","1b","1b","1b","1b","1b","1b","1b","1b","1b","1b","1b","1b","1b","1b","1b","1b","1b","1b","1b","1b","1b","1b","1b","1b","1b","1b","1b","1b","1b","1b","0b","0b","0b"
"2024-01-31 21:00:00",0,0,0,0,0,0,0,0,0,0,0,0,0,0,0,0,0,0,0,0,0,0,0,0,0,0,0,0,0,0,0,0,4766.33391666667,4486.96958333333,4243.682,4061.14508333333,3766.27591666667,3648.95341666667,3488.80266666667,3303.34441666667,3091.08733333333,2925.887,2767.569,2599.93458333333,2467.22566666667,2406.63741666667,2273.40566666667,2202.25575,2005.29733333333,1914.02883333333,1770.05783333333,1621.86816666667,1472.81783333333,1317.34041666667,1140.22616666667,1032.5495,921.733833333333,834.838916666667,770.066583333333,740.854916666667,708.033666666667,689.855916666667,693.621083333333,664.253416666667,682.788666666667,672.4855,709.734,681.818333333333,668.707666666667,654.915,614.584833333333,573.378583333333,501.329416666667,446.523166666667,336.272583333333,242.2825,168.372666666667,116.312166666667,76.7169166666667,54.3073333333333,38.2505833333333,35.858,28.7273333333333,22.3710833333333,19.6391666666667,16.56575,15.3536666666667,13.6329166666667,9.69375,7.42066666666667,7.47575,5.39658333333333,4.38425,0,0,0,"0b","0b","0b","0b","0b","0b","0b","0b","0b","0b","0b","0b","0b","0b","0b","0b","0b","0b","0b","0b","0b","0b","0b","0b","0b","0b","0b","0b","0b","0b","0b","0b","1b","1b","1b","1b","1b","1b","1b","1b","1b","1b","1b","1b","1b","1b","1b","1b","1b","1b","1b","1b","1b","1b","1b","1b","1b","1b","1b","1b","1b","1b","1b","1b","1b","1b","1b","1b","1b","1b","1b","1b","1b","1b","1b","1b","1b","1b","1b","1b","1b","1b","1b","1b","1b","1b","1b","1b","1b","1b","1b","1b","1b","0b","0b","0b"
"2024-01-31 22:00:00",0,0,0,0,0,0,0,0,0,0,0,0,0,0,0,0,0,0,0,0,0,0,0,0,0,0,0,0,0,0,0,0,7930.86133333333,7657.35516666667,7357.77908333333,7255.06491666667,6815.27425,6548.33725,6311.109,6001.65583333333,5737.41408333333,5352.96125,5055.52433333333,4762.22666666667,4561.6495,4338.37808333333,4102.53883333333,3911.62658333333,3709.2,3418.60983333333,3171.48708333333,2965.6245,2689.54958333333,2459.18916666667,2207.3065,1931.26191666667,1727.00558333333,1528.21925,1331.4995,1197.16508333333,1105.48883333333,1009.96675,952.994416666667,897.86075,867.306666666667,820.582166666667,783.222,783.48075,737.06675,715.77225,678.243166666667,640.792,604.99375,534.635333333333,437.131,342.193083333333,246.0625,167.164833333333,105.569333333333,65.1690833333333,48.0384166666667,46.3416666666667,35.284,28.92375,27.06175,26.2984166666667,25.22625,22.521,15.0273333333333,12.5745833333333,17.4161666666667,14.0704166666667,7.90033333333333,0,0,0,"0b","0b","0b","0b","0b","0b","0b","0b","0b","0b","0b","0b","0b","0b","0b","0b","0b","0b","0b","0b","0b","0b","0b","0b","0b","0b","0b","0b","0b","0b","0b","0b","1b","1b","1b","1b","1b","1b","1b","1b","1b","1b","1b","1b","1b","1b","1b","1b","1b","1b","1b","1b","1b","1b","1b","1b","1b","1b","1b","1b","1b","1b","1b","1b","1b","1b","1b","1b","1b","1b","1b","1b","1b","1b","1b","1b","1b","1b","1b","1b","1b","1b","1b","1b","1b","1b","1b","1b","1b","1b","1b","1b","1b","0b","0b","0b"
"2024-01-31 23:00:00",0,0,0,0,0,0,0,0,0,0,0,0,0,0,0,0,0,0,0,0,0,0,0,0,0,0,0,0,0,0,0,0,7715.27516666667,7267.45583333333,6854.50733333333,6388.47333333333,5989.517,5704.41758333333,5274.28575,4890.2585,4505.97608333333,4135.18983333333,3824.28283333333,3548.77275,3292.30791666667,3094.90783333333,2864.67225,2694.66158333333,2526.577,2326.30941666667,2220.40241666667,2072.09483333333,1950.06833333333,1801.39125,1663.68108333333,1532.42808333333,1413.25125,1287.86116666667,1172.868,1090.90658333333,1008.24108333333,929.986083333333,874.150583333333,806.780083333333,753.024916666667,708.626166666667,642.201083333333,582.66125,538.453,490.0325,447.679166666667,389.93575,337.48925,279.368166666667,214.288416666667,157.091916666667,125.607916666667,102.137833333333,74.93225,60.6054166666667,47.0839166666667,54.53625,48.27775,42.9795,30.8218333333333,33.7369166666667,40.27175,35.4739166666667,27.8553333333333,25.468,25.4873333333333,21.1513333333333,14.80875,0,0,0,"0b","0b","0b","0b","0b","0b","0b","0b","0b","0b","0b","0b","0b","0b","0b","0b","0b","0b","0b","0b","0b","0b","0b","0b","0b","0b","0b","0b","0b","0b","0b","0b","1b","1b","1b","1b","1b","1b","1b","1b","1b","1b","1b","1b","1b","1b","1b","1b","1b","1b","1b","1b","1b","1b","1b","1b","1b","1b","1b","1b","1b","1b","1b","1b","1b","1b","1b","1b","1b","1b","1b","1b","1b","1b","1b","1b","1b","1b","1b","1b","1b","1b","1b","1b","1b","1b","1b","1b","1b","1b","1b","1b","1b","0b","0b","0b"
