"datetimes","pbl","pbs","cbh","ttc","sci","datetime","qc_flag_pbl","qc_flag_pbs","qc_flag_cbh","qc_flag_ttc","qc_flag_sci"
2024-01-01,NA,0,871,8,0,"2024-01-01 00","5b","1b","1b","1b","1b"
2024-01-01 01:00:00,NA,0,784,8,0,"2024-01-01 01","5b","1b","1b","1b","1b"
2024-01-01 02:00:00,634,0,716.5,8,0,"2024-01-01 02","1b","1b","1b","1b","1b"
2024-01-01 03:00:00,649,0,1005,4,0,"2024-01-01 03","1b","1b","1b","1b","1b"
2024-01-01 04:00:00,604,0,841,7,0,"2024-01-01 04","1b","1b","1b","1b","1b"
2024-01-01 05:00:00,NA,0,847,6,0,"2024-01-01 05","5b","1b","1b","1b","1b"
2024-01-01 06:00:00,904,0,826,1,0,"2024-01-01 06","1b","1b","1b","1b","1b"
2024-01-01 07:00:00,709,2,NA,0,0,"2024-01-01 07","1b","1b","5b","1b","1b"
2024-01-01 08:00:00,709,2,NA,0,0,"2024-01-01 08","1b","1b","5b","1b","1b"
2024-01-01 09:00:00,754,2,NA,0,0,"2024-01-01 09","1b","1b","5b","1b","1b"
2024-01-01 10:00:00,709,2,5385,2,0,"2024-01-01 10","1b","1b","1b","1b","1b"
2024-01-01 11:00:00,634,1,4860,6,0,"2024-01-01 11","1b","1b","1b","1b","1b"
2024-01-01 12:00:00,769,2,3063.5,7,0,"2024-01-01 12","1b","1b","1b","1b","1b"
2024-01-01 13:00:00,410,2,2489,8,0,"2024-01-01 13","1b","1b","1b","1b","1b"
2024-01-01 14:00:00,365,2,1934,8,0,"2024-01-01 14","1b","1b","1b","1b","1b"
2024-01-01 15:00:00,470,1,1409,8,0,"2024-01-01 15","1b","1b","1b","1b","1b"
2024-01-01 16:00:00,NA,0,963,8,4,"2024-01-01 16","5b","1b","1b","1b","1b"
2024-01-01 17:00:00,NA,0,163,8,1,"2024-01-01 17","5b","1b","1b","1b","1b"
2024-01-01 18:00:00,NA,0,142.5,8,1,"2024-01-01 18","5b","1b","1b","1b","1b"
2024-01-01 19:00:00,NA,0,176.5,8,1,"2024-01-01 19","5b","1b","1b","1b","1b"
2024-01-01 20:00:00,NA,0,211.5,8,1,"2024-01-01 20","5b","1b","1b","1b","1b"
2024-01-01 21:00:00,NA,0,200.5,8,1,"2024-01-01 21","5b","1b","1b","1b","1b"
2024-01-01 22:00:00,NA,0,176,8,1,"2024-01-01 22","5b","1b","1b","1b","1b"
2024-01-01 23:00:00,NA,0,235.5,8,1,"2024-01-01 23","5b","1b","1b","1b","1b"
2024-01-02,1129,0,738,4,0,"2024-01-02 00","1b","1b","1b","1b","1b"
2024-01-02 01:00:00,784,2,7531,4,0,"2024-01-02 01","1b","1b","1b","1b","1b"
2024-01-02 02:00:00,739,0,1482,7,0,"2024-01-02 02","1b","1b","1b","1b","1b"
2024-01-02 03:00:00,829,0,774,7,0,"2024-01-02 03","1b","1b","1b","1b","1b"
2024-01-02 04:00:00,829,0,910,7,0,"2024-01-02 04","1b","1b","1b","1b","1b"
2024-01-02 05:00:00,709,0,4385.5,7,0,"2024-01-02 05","1b","1b","1b","1b","1b"
2024-01-02 06:00:00,230,0,3041,8,0,"2024-01-02 06","1b","1b","1b","1b","1b"
2024-01-02 07:00:00,230,1,2228.5,8,0,"2024-01-02 07","1b","1b","1b","1b","1b"
2024-01-02 08:00:00,NA,0,231,8,1,"2024-01-02 08","5b","1b","1b","1b","1b"
2024-01-02 09:00:00,NA,0,229,8,1,"2024-01-02 09","5b","1b","1b","1b","1b"
2024-01-02 10:00:00,NA,0,125.5,8,1,"2024-01-02 10","5b","1b","1b","1b","1b"
2024-01-02 11:00:00,NA,0,172.5,8,1,"2024-01-02 11","5b","1b","1b","1b","1b"
2024-01-02 12:00:00,NA,0,125,8,1,"2024-01-02 12","5b","1b","1b","1b","1b"
2024-01-02 13:00:00,NA,0,99.5,8,1,"2024-01-02 13","5b","1b","1b","1b","1b"
2024-01-02 14:00:00,NA,0,197.5,8,1,"2024-01-02 14","5b","1b","1b","1b","1b"
2024-01-02 15:00:00,NA,0,206,8,1,"2024-01-02 15","5b","1b","1b","1b","1b"
2024-01-02 16:00:00,NA,0,550,8,4,"2024-01-02 16","5b","1b","1b","1b","1b"
2024-01-02 17:00:00,NA,0,1111,8,4,"2024-01-02 17","5b","1b","1b","1b","1b"
2024-01-02 18:00:00,NA,0,731.5,8,0,"2024-01-02 18","5b","1b","1b","1b","1b"
2024-01-02 19:00:00,NA,0,1039.5,8,1,"2024-01-02 19","5b","1b","1b","1b","1b"
2024-01-02 20:00:00,350,0,825,7,0,"2024-01-02 20","1b","1b","1b","1b","1b"
2024-01-02 21:00:00,799,0,1121.5,6,0,"2024-01-02 21","1b","1b","1b","1b","1b"
2024-01-02 22:00:00,739,2,6300.5,1,0,"2024-01-02 22","1b","1b","1b","1b","1b"
2024-01-02 23:00:00,485,2,1069,5,0,"2024-01-02 23","1b","1b","1b","1b","1b"
2024-01-03,604,2,1129.5,5,0,"2024-01-03 00","1b","1b","1b","1b","1b"
2024-01-03 01:00:00,559,2,5880,6,0,"2024-01-03 01","1b","1b","1b","1b","1b"
2024-01-03 02:00:00,455,2,1005.5,6,0,"2024-01-03 02","1b","1b","1b","1b","1b"
2024-01-03 03:00:00,634,0,1154,8,0,"2024-01-03 03","1b","1b","1b","1b","1b"
2024-01-03 04:00:00,769,0,1052,5,0,"2024-01-03 04","1b","1b","1b","1b","1b"
2024-01-03 05:00:00,350,0,840.5,8,0,"2024-01-03 05","1b","1b","1b","1b","1b"
2024-01-03 06:00:00,NA,0,593,7,0,"2024-01-03 06","5b","1b","1b","1b","1b"
2024-01-03 07:00:00,559,0,784,7,0,"2024-01-03 07","1b","1b","1b","1b","1b"
2024-01-03 08:00:00,260,0,790,8,0,"2024-01-03 08","1b","1b","1b","1b","1b"
2024-01-03 09:00:00,335,1,798,8,0,"2024-01-03 09","1b","1b","1b","1b","1b"
2024-01-03 10:00:00,NA,0,308,8,0,"2024-01-03 10","5b","1b","1b","1b","1b"
2024-01-03 11:00:00,350,0,1053.5,8,0,"2024-01-03 11","1b","1b","1b","1b","1b"
2024-01-03 12:00:00,NA,0,419,8,0,"2024-01-03 12","5b","1b","1b","1b","1b"
2024-01-03 13:00:00,NA,0,1104,8,4,"2024-01-03 13","5b","1b","1b","1b","1b"
2024-01-03 14:00:00,387.5,0,990,8,0,"2024-01-03 14","1b","1b","1b","1b","1b"
2024-01-03 15:00:00,410,2,1382,8,0,"2024-01-03 15","1b","1b","1b","1b","1b"
2024-01-03 16:00:00,544,2,1184.5,7,0,"2024-01-03 16","1b","1b","1b","1b","1b"
2024-01-03 17:00:00,634,0,1110,8,0,"2024-01-03 17","1b","1b","1b","1b","1b"
2024-01-03 18:00:00,649,2,1053,8,0,"2024-01-03 18","1b","1b","1b","1b","1b"
2024-01-03 19:00:00,514,1,994.5,8,0,"2024-01-03 19","1b","1b","1b","1b","1b"
2024-01-03 20:00:00,619,0,962,8,0,"2024-01-03 20","1b","1b","1b","1b","1b"
2024-01-03 21:00:00,320,0,638.5,8,0,"2024-01-03 21","1b","1b","1b","1b","1b"
2024-01-03 22:00:00,365,0,556.5,8,0,"2024-01-03 22","1b","1b","1b","1b","1b"
2024-01-03 23:00:00,357.5,0,1131,8,1,"2024-01-03 23","1b","1b","1b","1b","1b"
2024-01-04,694,0,1322,8,0,"2024-01-04 00","1b","1b","1b","1b","1b"
2024-01-04 01:00:00,559,1,1281,6,0,"2024-01-04 01","1b","1b","1b","1b","1b"
2024-01-04 02:00:00,365,0,987,6,0,"2024-01-04 02","1b","1b","1b","1b","1b"
2024-01-04 03:00:00,619,1,814,3,0,"2024-01-04 03","1b","1b","1b","1b","1b"
2024-01-04 04:00:00,589,0,974,5,0,"2024-01-04 04","1b","1b","1b","1b","1b"
2024-01-04 05:00:00,485,2,2785,1,0,"2024-01-04 05","1b","1b","1b","1b","1b"
2024-01-04 06:00:00,485,1,NA,1,0,"2024-01-04 06","1b","1b","5b","1b","1b"
2024-01-04 07:00:00,544,2,8142,0,0,"2024-01-04 07","1b","1b","1b","1b","1b"
2024-01-04 08:00:00,455,1,7857,4,0,"2024-01-04 08","1b","1b","1b","1b","1b"
2024-01-04 09:00:00,694,1,6988,4,0,"2024-01-04 09","1b","1b","1b","1b","1b"
2024-01-04 10:00:00,514,2,5954,6,0,"2024-01-04 10","1b","1b","1b","1b","1b"
2024-01-04 11:00:00,425,2,5624,7,0,"2024-01-04 11","1b","1b","1b","1b","1b"
2024-01-04 12:00:00,260,2,5220,7,0,"2024-01-04 12","1b","1b","1b","1b","1b"
2024-01-04 13:00:00,230,1,4404,8,0,"2024-01-04 13","1b","1b","1b","1b","1b"
2024-01-04 14:00:00,440,1,3977,8,0,"2024-01-04 14","1b","1b","1b","1b","1b"
2024-01-04 15:00:00,455,2,3347,8,0,"2024-01-04 15","1b","1b","1b","1b","1b"
2024-01-04 16:00:00,395,2,2748,8,0,"2024-01-04 16","1b","1b","1b","1b","1b"
2024-01-04 17:00:00,425,2,2288,8,0,"2024-01-04 17","1b","1b","1b","1b","1b"
2024-01-04 18:00:00,350,2,2120,8,0,"2024-01-04 18","1b","1b","1b","1b","1b"
2024-01-04 19:00:00,544,1,2030,8,0,"2024-01-04 19","1b","1b","1b","1b","1b"
2024-01-04 20:00:00,724,2,1988,8,0,"2024-01-04 20","1b","1b","1b","1b","1b"
2024-01-04 21:00:00,814,0,2246,8,0,"2024-01-04 21","1b","1b","1b","1b","1b"
2024-01-04 22:00:00,230,1,2909.5,8,0,"2024-01-04 22","1b","1b","1b","1b","1b"
2024-01-04 23:00:00,425,1,2968.5,8,0,"2024-01-04 23","1b","1b","1b","1b","1b"
2024-01-05,694,0,1028,8,0,"2024-01-05 00","1b","1b","1b","1b","1b"
2024-01-05 01:00:00,NA,0,1410,7,2,"2024-01-05 01","5b","1b","1b","1b","1b"
2024-01-05 02:00:00,200,1,4260.5,8,0,"2024-01-05 02","1b","1b","1b","1b","1b"
2024-01-05 03:00:00,215,1,4369,8,0,"2024-01-05 03","1b","1b","1b","1b","1b"
2024-01-05 04:00:00,230,1,4483.5,8,0,"2024-01-05 04","1b","1b","1b","1b","1b"
2024-01-05 05:00:00,380,1,1322,8,0,"2024-01-05 05","1b","1b","1b","1b","1b"
2024-01-05 06:00:00,290,0,4732.5,8,0,"2024-01-05 06","1b","1b","1b","1b","1b"
2024-01-05 07:00:00,245,0,316,8,0,"2024-01-05 07","1b","1b","1b","1b","1b"
2024-01-05 08:00:00,NA,0,427,8,0,"2024-01-05 08","5b","1b","1b","1b","1b"
2024-01-05 09:00:00,200,0,1008,8,0,"2024-01-05 09","1b","1b","1b","1b","1b"
2024-01-05 10:00:00,275,1,1689,7,0,"2024-01-05 10","1b","1b","1b","1b","1b"
2024-01-05 11:00:00,350,0,1914,7,0,"2024-01-05 11","1b","1b","1b","1b","1b"
2024-01-05 12:00:00,NA,0,629.5,7,0,"2024-01-05 12","5b","1b","1b","1b","1b"
2024-01-05 13:00:00,350,0,1096,8,0,"2024-01-05 13","1b","1b","1b","1b","1b"
2024-01-05 14:00:00,380,0,1065,8,0,"2024-01-05 14","1b","1b","1b","1b","1b"
2024-01-05 15:00:00,380,0,589.5,8,0,"2024-01-05 15","1b","1b","1b","1b","1b"
2024-01-05 16:00:00,NA,0,321,8,0,"2024-01-05 16","5b","1b","1b","1b","1b"
2024-01-05 17:00:00,NA,0,280,8,0,"2024-01-05 17","5b","1b","1b","1b","1b"
2024-01-05 18:00:00,245,0,284,8,0,"2024-01-05 18","1b","1b","1b","1b","1b"
2024-01-05 19:00:00,500,1,1077,8,0,"2024-01-05 19","1b","1b","1b","1b","1b"
2024-01-05 20:00:00,799,0,1034,3,0,"2024-01-05 20","1b","1b","1b","1b","1b"
2024-01-05 21:00:00,335,0,372,8,0,"2024-01-05 21","1b","1b","1b","1b","1b"
2024-01-05 22:00:00,395,1,1100,7,0,"2024-01-05 22","1b","1b","1b","1b","1b"
2024-01-05 23:00:00,365,0,1013,8,0,"2024-01-05 23","1b","1b","1b","1b","1b"
2024-01-07,410,1,1021.5,8,0,"2024-01-07 00","1b","1b","1b","1b","1b"
2024-01-07 01:00:00,395,0,491.5,8,0,"2024-01-07 01","1b","1b","1b","1b","1b"
2024-01-07 02:00:00,282.5,0,451,8,0,"2024-01-07 02","1b","1b","1b","1b","1b"
2024-01-07 03:00:00,200,0,571.5,8,0,"2024-01-07 03","1b","1b","1b","1b","1b"
2024-01-07 04:00:00,NA,0,386,8,0,"2024-01-07 04","5b","1b","1b","1b","1b"
2024-01-07 05:00:00,NA,0,675.5,8,0,"2024-01-07 05","5b","1b","1b","1b","1b"
2024-01-07 06:00:00,559,0,1013,8,0,"2024-01-07 06","1b","1b","1b","1b","1b"
2024-01-07 07:00:00,NA,0,956.5,8,0,"2024-01-07 07","5b","1b","1b","1b","1b"
2024-01-07 08:00:00,536.5,0,899.5,8,0,"2024-01-07 08","1b","1b","1b","1b","1b"
2024-01-07 09:00:00,514,1,943,8,0,"2024-01-07 09","1b","1b","1b","1b","1b"
2024-01-07 10:00:00,NA,0,611.5,7,0,"2024-01-07 10","5b","1b","1b","1b","1b"
2024-01-07 11:00:00,NA,0,882.5,7,0,"2024-01-07 11","5b","1b","1b","1b","1b"
2024-01-07 12:00:00,1054,0,930,6,0,"2024-01-07 12","1b","1b","1b","1b","1b"
2024-01-07 13:00:00,1024,0,931,1,0,"2024-01-07 13","1b","1b","1b","1b","1b"
2024-01-07 14:00:00,1024,0,916,3,0,"2024-01-07 14","1b","1b","1b","1b","1b"
2024-01-07 15:00:00,NA,0,872,8,0,"2024-01-07 15","5b","1b","1b","1b","1b"
2024-01-07 16:00:00,NA,0,920,8,0,"2024-01-07 16","5b","1b","1b","1b","1b"
2024-01-07 17:00:00,NA,0,907,8,0,"2024-01-07 17","5b","1b","1b","1b","1b"
2024-01-07 18:00:00,NA,0,918,8,0,"2024-01-07 18","5b","1b","1b","1b","1b"
2024-01-07 19:00:00,NA,0,914,7,0,"2024-01-07 19","5b","1b","1b","1b","1b"
2024-01-07 20:00:00,NA,0,971,8,0,"2024-01-07 20","5b","1b","1b","1b","1b"
2024-01-07 21:00:00,NA,0,1008,8,0,"2024-01-07 21","5b","1b","1b","1b","1b"
2024-01-07 22:00:00,NA,0,1066,8,0,"2024-01-07 22","5b","1b","1b","1b","1b"
2024-01-07 23:00:00,NA,0,1039,8,0,"2024-01-07 23","5b","1b","1b","1b","1b"
2024-01-08,NA,0,1023,8,0,"2024-01-08 00","5b","1b","1b","1b","1b"
2024-01-08 01:00:00,NA,0,1034,8,0,"2024-01-08 01","5b","1b","1b","1b","1b"
2024-01-08 02:00:00,NA,0,1037,8,0,"2024-01-08 02","5b","1b","1b","1b","1b"
2024-01-08 03:00:00,NA,0,1071,8,0,"2024-01-08 03","5b","1b","1b","1b","1b"
2024-01-08 04:00:00,NA,0,1141,8,0,"2024-01-08 04","5b","1b","1b","1b","1b"
2024-01-08 05:00:00,NA,0,1121,8,0,"2024-01-08 05","5b","1b","1b","1b","1b"
2024-01-08 06:00:00,NA,0,1162.5,8,0,"2024-01-08 06","5b","1b","1b","1b","1b"
2024-01-08 07:00:00,NA,0,1172.5,8,0,"2024-01-08 07","5b","1b","1b","1b","1b"
2024-01-08 08:00:00,NA,0,1143,8,0,"2024-01-08 08","5b","1b","1b","1b","1b"
2024-01-08 09:00:00,NA,0,1220,8,0,"2024-01-08 09","5b","1b","1b","1b","1b"
2024-01-08 10:00:00,470,0,1203,8,0,"2024-01-08 10","1b","1b","1b","1b","1b"
2024-01-08 11:00:00,410,0,1083,8,0,"2024-01-08 11","1b","1b","1b","1b","1b"
2024-01-08 12:00:00,NA,0,1128,8,0,"2024-01-08 12","5b","1b","1b","1b","1b"
2024-01-08 13:00:00,604,0,1234.5,8,0,"2024-01-08 13","1b","1b","1b","1b","1b"
2024-01-08 14:00:00,739,0,1263.5,8,0,"2024-01-08 14","1b","1b","1b","1b","1b"
2024-01-08 15:00:00,NA,0,1243.5,8,0,"2024-01-08 15","5b","1b","1b","1b","1b"
2024-01-08 16:00:00,NA,0,1196,8,0,"2024-01-08 16","5b","1b","1b","1b","1b"
2024-01-08 17:00:00,574,0,1394,8,0,"2024-01-08 17","1b","1b","1b","1b","1b"
2024-01-08 18:00:00,641.5,2,1426.5,8,0,"2024-01-08 18","1b","1b","1b","1b","1b"
2024-01-08 19:00:00,NA,0,754,8,0,"2024-01-08 19","5b","1b","1b","1b","1b"
2024-01-08 20:00:00,664,0,1052,8,0,"2024-01-08 20","1b","1b","1b","1b","1b"
2024-01-08 21:00:00,701.5,0,1235,8,0,"2024-01-08 21","1b","1b","1b","1b","1b"
2024-01-08 22:00:00,1084,0,1212,6,0,"2024-01-08 22","1b","1b","1b","1b","1b"
2024-01-08 23:00:00,994,1,4688,4,0,"2024-01-08 23","1b","1b","1b","1b","1b"
2024-01-09,979,1,4994,6,0,"2024-01-09 00","1b","1b","1b","1b","1b"
2024-01-09 01:00:00,904,1,887.5,2,0,"2024-01-09 01","1b","1b","1b","1b","1b"
2024-01-09 02:00:00,889,0,831,5,0,"2024-01-09 02","1b","1b","1b","1b","1b"
2024-01-09 03:00:00,NA,0,792,6,0,"2024-01-09 03","5b","1b","1b","1b","1b"
2024-01-09 04:00:00,NA,0,703,8,0,"2024-01-09 04","5b","1b","1b","1b","1b"
2024-01-09 05:00:00,NA,0,629,8,0,"2024-01-09 05","5b","1b","1b","1b","1b"
2024-01-09 06:00:00,799,0,606,8,0,"2024-01-09 06","1b","1b","1b","1b","1b"
2024-01-09 07:00:00,829,0,600,7,0,"2024-01-09 07","1b","1b","1b","1b","1b"
2024-01-09 08:00:00,814,1,NA,1,0,"2024-01-09 08","1b","1b","5b","1b","1b"
2024-01-09 09:00:00,410,2,NA,1,0,"2024-01-09 09","1b","1b","5b","1b","1b"
2024-01-09 10:00:00,769,1,714.5,0,0,"2024-01-09 10","1b","1b","1b","1b","1b"
2024-01-09 11:00:00,784,1,854,0,0,"2024-01-09 11","1b","1b","1b","1b","1b"
2024-01-09 12:00:00,769,1,866.5,0,0,"2024-01-09 12","1b","1b","1b","1b","1b"
2024-01-09 13:00:00,814,1,NA,0,0,"2024-01-09 13","1b","1b","5b","1b","1b"
2024-01-09 14:00:00,784,1,NA,0,0,"2024-01-09 14","1b","1b","5b","1b","1b"
2024-01-09 15:00:00,754,1,NA,0,0,"2024-01-09 15","1b","1b","5b","1b","1b"
2024-01-09 16:00:00,739,1,NA,0,0,"2024-01-09 16","1b","1b","5b","1b","1b"
2024-01-09 17:00:00,739,1,NA,0,0,"2024-01-09 17","1b","1b","5b","1b","1b"
2024-01-09 18:00:00,739,1,606,0,0,"2024-01-09 18","1b","1b","1b","1b","1b"
2024-01-09 19:00:00,NA,0,583,6,0,"2024-01-09 19","5b","1b","1b","1b","1b"
2024-01-09 20:00:00,664,0,545,5,0,"2024-01-09 20","1b","1b","1b","1b","1b"
2024-01-09 21:00:00,NA,0,574,6,0,"2024-01-09 21","5b","1b","1b","1b","1b"
2024-01-09 22:00:00,NA,0,618,7,0,"2024-01-09 22","5b","1b","1b","1b","1b"
2024-01-09 23:00:00,NA,0,619,8,0,"2024-01-09 23","5b","1b","1b","1b","1b"
2024-01-10,NA,0,591,6,0,"2024-01-10 00","5b","1b","1b","1b","1b"
2024-01-10 01:00:00,NA,0,615,4,0,"2024-01-10 01","5b","1b","1b","1b","1b"
2024-01-10 02:00:00,NA,0,657.5,5,0,"2024-01-10 02","5b","1b","1b","1b","1b"
2024-01-10 03:00:00,769,0,685,5,0,"2024-01-10 03","1b","1b","1b","1b","1b"
2024-01-10 04:00:00,739,1,709,3,0,"2024-01-10 04","1b","1b","1b","1b","1b"
2024-01-10 05:00:00,724,1,679.5,0,0,"2024-01-10 05","1b","1b","1b","1b","1b"
2024-01-10 06:00:00,NA,0,673,5,0,"2024-01-10 06","5b","1b","1b","1b","1b"
2024-01-10 07:00:00,NA,0,647,7,0,"2024-01-10 07","5b","1b","1b","1b","1b"
2024-01-10 08:00:00,350,0,656,8,0,"2024-01-10 08","1b","1b","1b","1b","1b"
2024-01-10 09:00:00,320,0,302.5,8,0,"2024-01-10 09","1b","1b","1b","1b","1b"
2024-01-10 10:00:00,NA,0,249,8,0,"2024-01-10 10","5b","1b","1b","1b","1b"
2024-01-10 11:00:00,NA,0,335,8,0,"2024-01-10 11","5b","1b","1b","1b","1b"
2024-01-10 12:00:00,NA,0,394.5,8,0,"2024-01-10 12","5b","1b","1b","1b","1b"
2024-01-10 13:00:00,NA,0,456,8,0,"2024-01-10 13","5b","1b","1b","1b","1b"
2024-01-10 14:00:00,NA,0,476,8,0,"2024-01-10 14","5b","1b","1b","1b","1b"
2024-01-10 15:00:00,NA,0,633,8,0,"2024-01-10 15","5b","1b","1b","1b","1b"
2024-01-10 16:00:00,NA,0,841,8,0,"2024-01-10 16","5b","1b","1b","1b","1b"
2024-01-10 17:00:00,380,0,767,7,0,"2024-01-10 17","1b","1b","1b","1b","1b"
2024-01-10 18:00:00,365,0,738,7,0,"2024-01-10 18","1b","1b","1b","1b","1b"
2024-01-10 19:00:00,NA,0,644.5,7,0,"2024-01-10 19","5b","1b","1b","1b","1b"
2024-01-10 20:00:00,NA,0,599,8,0,"2024-01-10 20","5b","1b","1b","1b","1b"
2024-01-10 21:00:00,NA,0,629,8,0,"2024-01-10 21","5b","1b","1b","1b","1b"
2024-01-10 22:00:00,NA,0,633,8,0,"2024-01-10 22","5b","1b","1b","1b","1b"
2024-01-10 23:00:00,NA,0,560,7,0,"2024-01-10 23","5b","1b","1b","1b","1b"
2024-01-11,664,0,587,4,0,"2024-01-11 00","1b","1b","1b","1b","1b"
2024-01-11 01:00:00,NA,0,585,8,0,"2024-01-11 01","5b","1b","1b","1b","1b"
2024-01-11 02:00:00,NA,0,559,8,0,"2024-01-11 02","5b","1b","1b","1b","1b"
2024-01-11 03:00:00,NA,0,551.5,8,0,"2024-01-11 03","5b","1b","1b","1b","1b"
2024-01-11 04:00:00,NA,0,543,8,0,"2024-01-11 04","5b","1b","1b","1b","1b"
2024-01-11 05:00:00,NA,0,530.5,8,0,"2024-01-11 05","5b","1b","1b","1b","1b"
2024-01-11 06:00:00,NA,0,571,8,0,"2024-01-11 06","5b","1b","1b","1b","1b"
2024-01-11 07:00:00,NA,0,529,8,0,"2024-01-11 07","5b","1b","1b","1b","1b"
2024-01-11 08:00:00,NA,0,544.5,8,0,"2024-01-11 08","5b","1b","1b","1b","1b"
2024-01-11 09:00:00,NA,0,530,8,0,"2024-01-11 09","5b","1b","1b","1b","1b"
2024-01-11 10:00:00,NA,0,526,8,0,"2024-01-11 10","5b","1b","1b","1b","1b"
2024-01-11 11:00:00,NA,0,529,8,0,"2024-01-11 11","5b","1b","1b","1b","1b"
2024-01-11 12:00:00,NA,0,506,8,0,"2024-01-11 12","5b","1b","1b","1b","1b"
2024-01-11 13:00:00,NA,0,442,8,0,"2024-01-11 13","5b","1b","1b","1b","1b"
2024-01-11 14:00:00,NA,0,425,8,0,"2024-01-11 14","5b","1b","1b","1b","1b"
2024-01-11 15:00:00,NA,0,380,8,0,"2024-01-11 15","5b","1b","1b","1b","1b"
2024-01-11 16:00:00,NA,0,383.5,8,0,"2024-01-11 16","5b","1b","1b","1b","1b"
2024-01-11 17:00:00,NA,0,455.5,8,0,"2024-01-11 17","5b","1b","1b","1b","1b"
2024-01-11 18:00:00,NA,0,557.5,8,0,"2024-01-11 18","5b","1b","1b","1b","1b"
2024-01-11 19:00:00,NA,0,532,8,0,"2024-01-11 19","5b","1b","1b","1b","1b"
2024-01-11 20:00:00,NA,0,558,8,0,"2024-01-11 20","5b","1b","1b","1b","1b"
2024-01-11 21:00:00,NA,0,509.5,8,0,"2024-01-11 21","5b","1b","1b","1b","1b"
2024-01-11 22:00:00,NA,0,468,8,0,"2024-01-11 22","5b","1b","1b","1b","1b"
2024-01-11 23:00:00,NA,0,439,8,0,"2024-01-11 23","5b","1b","1b","1b","1b"
2024-01-12,NA,0,419,8,0,"2024-01-12 00","5b","1b","1b","1b","1b"
2024-01-12 01:00:00,NA,0,434,8,0,"2024-01-12 01","5b","1b","1b","1b","1b"
2024-01-12 02:00:00,NA,0,429.5,8,0,"2024-01-12 02","5b","1b","1b","1b","1b"
2024-01-12 03:00:00,NA,0,427.5,8,0,"2024-01-12 03","5b","1b","1b","1b","1b"
2024-01-12 04:00:00,NA,0,439,8,0,"2024-01-12 04","5b","1b","1b","1b","1b"
2024-01-12 05:00:00,NA,0,400,8,0,"2024-01-12 05","5b","1b","1b","1b","1b"
2024-01-12 06:00:00,NA,0,387,8,0,"2024-01-12 06","5b","1b","1b","1b","1b"
2024-01-12 07:00:00,NA,0,371,8,0,"2024-01-12 07","5b","1b","1b","1b","1b"
2024-01-12 08:00:00,NA,0,363,8,0,"2024-01-12 08","5b","1b","1b","1b","1b"
2024-01-12 09:00:00,NA,0,340,8,0,"2024-01-12 09","5b","1b","1b","1b","1b"
2024-01-12 10:00:00,NA,0,356,8,0,"2024-01-12 10","5b","1b","1b","1b","1b"
2024-01-12 11:00:00,NA,0,356,8,0,"2024-01-12 11","5b","1b","1b","1b","1b"
2024-01-12 12:00:00,NA,0,358,8,0,"2024-01-12 12","5b","1b","1b","1b","1b"
2024-01-12 13:00:00,NA,0,351,8,0,"2024-01-12 13","5b","1b","1b","1b","1b"
2024-01-12 14:00:00,NA,0,351,8,0,"2024-01-12 14","5b","1b","1b","1b","1b"
2024-01-12 15:00:00,NA,0,345,8,0,"2024-01-12 15","5b","1b","1b","1b","1b"
2024-01-12 16:00:00,NA,0,352,8,0,"2024-01-12 16","5b","1b","1b","1b","1b"
2024-01-12 17:00:00,NA,0,355,8,0,"2024-01-12 17","5b","1b","1b","1b","1b"
2024-01-12 18:00:00,NA,0,355,8,0,"2024-01-12 18","5b","1b","1b","1b","1b"
2024-01-12 19:00:00,NA,0,323,8,0,"2024-01-12 19","5b","1b","1b","1b","1b"
2024-01-12 20:00:00,NA,0,283,8,0,"2024-01-12 20","5b","1b","1b","1b","1b"
2024-01-12 21:00:00,NA,0,245.5,8,0,"2024-01-12 21","5b","1b","1b","1b","1b"
2024-01-12 22:00:00,NA,0,212,8,0,"2024-01-12 22","5b","1b","1b","1b","1b"
2024-01-12 23:00:00,NA,0,206,8,0,"2024-01-12 23","5b","1b","1b","1b","1b"
2024-01-13,NA,0,228,8,0,"2024-01-13 00","5b","1b","1b","1b","1b"
2024-01-13 01:00:00,NA,0,260,8,0,"2024-01-13 01","5b","1b","1b","1b","1b"
2024-01-13 02:00:00,NA,0,291,8,0,"2024-01-13 02","5b","1b","1b","1b","1b"
2024-01-13 03:00:00,NA,0,306,8,0,"2024-01-13 03","5b","1b","1b","1b","1b"
2024-01-13 04:00:00,NA,0,399,8,0,"2024-01-13 04","5b","1b","1b","1b","1b"
2024-01-13 05:00:00,NA,0,445,8,0,"2024-01-13 05","5b","1b","1b","1b","1b"
2024-01-13 06:00:00,NA,0,385.5,8,0,"2024-01-13 06","5b","1b","1b","1b","1b"
2024-01-13 07:00:00,NA,0,402.5,8,0,"2024-01-13 07","5b","1b","1b","1b","1b"
2024-01-13 08:00:00,589,0,472,6,0,"2024-01-13 08","1b","1b","1b","1b","1b"
2024-01-13 09:00:00,470,1.5,NA,0,0,"2024-01-13 09","1b","1b","5b","1b","1b"
2024-01-13 10:00:00,440,2,NA,0,0,"2024-01-13 10","1b","1b","5b","1b","1b"
2024-01-13 11:00:00,470,1,878.5,0,0,"2024-01-13 11","1b","1b","1b","1b","1b"
2024-01-13 12:00:00,470,1,892,6,0,"2024-01-13 12","1b","1b","1b","1b","1b"
2024-01-13 13:00:00,485,1,813,8,0,"2024-01-13 13","1b","1b","1b","1b","1b"
2024-01-13 14:00:00,372.5,1,769,8,0,"2024-01-13 14","1b","1b","1b","1b","1b"
2024-01-13 15:00:00,380,1,690,8,0,"2024-01-13 15","1b","1b","1b","1b","1b"
2024-01-13 16:00:00,357.5,0,535,8,0,"2024-01-13 16","1b","1b","1b","1b","1b"
2024-01-13 17:00:00,NA,0,660,8,0,"2024-01-13 17","5b","1b","1b","1b","1b"
2024-01-13 18:00:00,200,0,1008,8,0,"2024-01-13 18","1b","1b","1b","1b","1b"
2024-01-13 19:00:00,350,0,924.5,8,0,"2024-01-13 19","1b","1b","1b","1b","1b"
2024-01-13 20:00:00,NA,0,282,8,0,"2024-01-13 20","5b","1b","1b","1b","1b"
2024-01-13 21:00:00,NA,0,333,8,0,"2024-01-13 21","5b","1b","1b","1b","1b"
2024-01-13 22:00:00,NA,0,245,8,0,"2024-01-13 22","5b","1b","1b","1b","1b"
2024-01-13 23:00:00,200,0,857,8,0,"2024-01-13 23","1b","1b","1b","1b","1b"
2024-01-14,NA,0,868,8,0,"2024-01-14 00","5b","1b","1b","1b","1b"
2024-01-14 01:00:00,335,0,860,8,0,"2024-01-14 01","1b","1b","1b","1b","1b"
2024-01-14 02:00:00,425,2,905,8,0,"2024-01-14 02","1b","1b","1b","1b","1b"
2024-01-14 03:00:00,395,0,859,8,0,"2024-01-14 03","1b","1b","1b","1b","1b"
2024-01-14 04:00:00,410,0,928,8,0,"2024-01-14 04","1b","1b","1b","1b","1b"
2024-01-14 05:00:00,455,2,1022,7,0,"2024-01-14 05","1b","1b","1b","1b","1b"
2024-01-14 06:00:00,485,0,746.5,8,0,"2024-01-14 06","1b","1b","1b","1b","1b"
2024-01-14 07:00:00,387.5,2,815,8,0,"2024-01-14 07","1b","1b","1b","1b","1b"
2024-01-14 08:00:00,440,0,782,8,0,"2024-01-14 08","1b","1b","1b","1b","1b"
2024-01-14 09:00:00,724,0,871.5,5,0,"2024-01-14 09","1b","1b","1b","1b","1b"
2024-01-14 10:00:00,425,0,891,7,0,"2024-01-14 10","1b","1b","1b","1b","1b"
2024-01-14 11:00:00,425,1,1486.5,7,0,"2024-01-14 11","1b","1b","1b","1b","1b"
2024-01-14 12:00:00,NA,0,426,8,1,"2024-01-14 12","5b","1b","1b","1b","1b"
2024-01-14 13:00:00,NA,0,340,8,4,"2024-01-14 13","5b","1b","1b","1b","1b"
2024-01-14 14:00:00,NA,0,290,8,4,"2024-01-14 14","5b","1b","1b","1b","1b"
2024-01-14 15:00:00,544,0,886,7,0,"2024-01-14 15","1b","1b","1b","1b","1b"
2024-01-14 16:00:00,664,1,1227,7,0,"2024-01-14 16","1b","1b","1b","1b","1b"
2024-01-14 17:00:00,425,0,1277,8,0,"2024-01-14 17","1b","1b","1b","1b","1b"
2024-01-14 18:00:00,440,1,1259.5,8,0,"2024-01-14 18","1b","1b","1b","1b","1b"
2024-01-14 19:00:00,485,2,1232,8,0,"2024-01-14 19","1b","1b","1b","1b","1b"
2024-01-14 20:00:00,536.5,2,1293,8,0,"2024-01-14 20","1b","1b","1b","1b","1b"
2024-01-14 21:00:00,410,0,1367,8,0,"2024-01-14 21","1b","1b","1b","1b","1b"
2024-01-14 22:00:00,350,0,1339,8,0,"2024-01-14 22","1b","1b","1b","1b","1b"
2024-01-14 23:00:00,NA,0,1376,8,0,"2024-01-14 23","5b","1b","1b","1b","1b"
2024-01-15,395,2,1652,8,0,"2024-01-15 00","1b","1b","1b","1b","1b"
2024-01-15 01:00:00,544,0,1568,8,0,"2024-01-15 01","1b","1b","1b","1b","1b"
2024-01-15 02:00:00,395,2,1595,8,0,"2024-01-15 02","1b","1b","1b","1b","1b"
2024-01-15 03:00:00,432.5,2,NA,1,0,"2024-01-15 03","1b","1b","5b","1b","1b"
2024-01-15 04:00:00,485,2,NA,0,0,"2024-01-15 04","1b","1b","5b","1b","1b"
2024-01-15 05:00:00,949,2,1396,0,0,"2024-01-15 05","1b","1b","1b","1b","1b"
2024-01-15 06:00:00,604,0,1259,4,0,"2024-01-15 06","1b","1b","1b","1b","1b"
2024-01-15 07:00:00,470,2,1375,8,0,"2024-01-15 07","1b","1b","1b","1b","1b"
2024-01-15 08:00:00,395,2,1486,2,0,"2024-01-15 08","1b","1b","1b","1b","1b"
2024-01-15 09:00:00,455,2,NA,0,0,"2024-01-15 09","1b","1b","5b","1b","1b"
2024-01-15 10:00:00,619,2,NA,0,0,"2024-01-15 10","1b","1b","5b","1b","1b"
2024-01-15 11:00:00,784,2,NA,0,0,"2024-01-15 11","1b","1b","5b","1b","1b"
2024-01-15 12:00:00,679,2,NA,0,0,"2024-01-15 12","1b","1b","5b","1b","1b"
2024-01-15 13:00:00,1114,3,NA,0,0,"2024-01-15 13","1b","1b","5b","1b","1b"
2024-01-15 14:00:00,1069,2,NA,0,0,"2024-01-15 14","1b","1b","5b","1b","1b"
2024-01-15 15:00:00,994,3,1281.5,0,0,"2024-01-15 15","1b","1b","1b","1b","1b"
2024-01-15 16:00:00,1339,2,NA,0,0,"2024-01-15 16","1b","1b","5b","1b","1b"
2024-01-15 17:00:00,964,2,7268,0,0,"2024-01-15 17","1b","1b","1b","1b","1b"
2024-01-15 18:00:00,1024,1,6896.5,1,0,"2024-01-15 18","1b","1b","1b","1b","1b"
2024-01-15 19:00:00,814,1,6483,3,0,"2024-01-15 19","1b","1b","1b","1b","1b"
2024-01-15 20:00:00,724,2,5063,7,0,"2024-01-15 20","1b","1b","1b","1b","1b"
2024-01-15 21:00:00,470,1,6761.5,7,0,"2024-01-15 21","1b","1b","1b","1b","1b"
2024-01-15 22:00:00,769,2,7051,8,0,"2024-01-15 22","1b","1b","1b","1b","1b"
2024-01-15 23:00:00,1084,2,3541,8,0,"2024-01-15 23","1b","1b","1b","1b","1b"
2024-01-16,784,2,2966.5,8,0,"2024-01-16 00","1b","1b","1b","1b","1b"
2024-01-16 01:00:00,709,2,2637,8,0,"2024-01-16 01","1b","1b","1b","1b","1b"
2024-01-16 02:00:00,784,2,2713.5,8,0,"2024-01-16 02","1b","1b","1b","1b","1b"
2024-01-16 03:00:00,574,2,1464.5,8,0,"2024-01-16 03","1b","1b","1b","1b","1b"
2024-01-16 04:00:00,500,2,1156,8,0,"2024-01-16 04","1b","1b","1b","1b","1b"
2024-01-16 05:00:00,350,0,1266.5,8,0,"2024-01-16 05","1b","1b","1b","1b","1b"
2024-01-16 06:00:00,544,2,1565,8,0,"2024-01-16 06","1b","1b","1b","1b","1b"
2024-01-16 07:00:00,889,2,1673.5,8,0,"2024-01-16 07","1b","1b","1b","1b","1b"
2024-01-16 08:00:00,500,2,1695,8,0,"2024-01-16 08","1b","1b","1b","1b","1b"
2024-01-16 09:00:00,574,2,NA,1,0,"2024-01-16 09","1b","1b","5b","1b","1b"
2024-01-16 10:00:00,514,2,3505,1,0,"2024-01-16 10","1b","1b","1b","1b","1b"
2024-01-16 11:00:00,529,2,3877,1,0,"2024-01-16 11","1b","1b","1b","1b","1b"
2024-01-16 12:00:00,709,1,1810.5,1,0,"2024-01-16 12","1b","1b","1b","1b","1b"
2024-01-16 13:00:00,739,1,NA,1,0,"2024-01-16 13","1b","1b","5b","1b","1b"
2024-01-16 14:00:00,844,1,2853,2,0,"2024-01-16 14","1b","1b","1b","1b","1b"
2024-01-16 15:00:00,904,0,1005.5,7,0,"2024-01-16 15","1b","1b","1b","1b","1b"
2024-01-16 16:00:00,859,1,2760.5,7,0,"2024-01-16 16","1b","1b","1b","1b","1b"
2024-01-16 17:00:00,709,2,2789.5,8,0,"2024-01-16 17","1b","1b","1b","1b","1b"
2024-01-16 18:00:00,589,2,2724,8,0,"2024-01-16 18","1b","1b","1b","1b","1b"
2024-01-16 19:00:00,589,1,3474,6,0,"2024-01-16 19","1b","1b","1b","1b","1b"
2024-01-16 20:00:00,589,1,730,4,0,"2024-01-16 20","1b","1b","1b","1b","1b"
2024-01-16 21:00:00,514,0,631.5,5,0,"2024-01-16 21","1b","1b","1b","1b","1b"
2024-01-16 22:00:00,500,1,9476,3,0,"2024-01-16 22","1b","1b","1b","1b","1b"
2024-01-16 23:00:00,529,2,9476,4,0,"2024-01-16 23","1b","1b","1b","1b","1b"
2024-01-17,500,2,NA,2,0,"2024-01-17 00","1b","1b","5b","1b","1b"
2024-01-17 01:00:00,769,1,818.5,1,0,"2024-01-17 01","1b","1b","1b","1b","1b"
2024-01-17 02:00:00,604,1,NA,1,0,"2024-01-17 02","1b","1b","5b","1b","1b"
2024-01-17 03:00:00,559,1,933,5,0,"2024-01-17 03","1b","1b","1b","1b","1b"
2024-01-17 04:00:00,440,0,574,8,0,"2024-01-17 04","1b","1b","1b","1b","1b"
2024-01-17 05:00:00,NA,0,456,8,0,"2024-01-17 05","5b","1b","1b","1b","1b"
2024-01-17 06:00:00,NA,0,425,8,0,"2024-01-17 06","5b","1b","1b","1b","1b"
2024-01-17 07:00:00,500,0,403,7.5,0,"2024-01-17 07","1b","1b","1b","1b","1b"
2024-01-17 08:00:00,NA,0,365.5,8,0,"2024-01-17 08","5b","1b","1b","1b","1b"
2024-01-17 09:00:00,395,0,7303,5,0,"2024-01-17 09","1b","1b","1b","1b","1b"
2024-01-17 10:00:00,455,0,7273,6,0,"2024-01-17 10","1b","1b","1b","1b","1b"
2024-01-17 11:00:00,410,0,484,7,0,"2024-01-17 11","1b","1b","1b","1b","1b"
2024-01-17 12:00:00,455,1,7348,4,0,"2024-01-17 12","1b","1b","1b","1b","1b"
2024-01-17 13:00:00,455,1,7947,3,0,"2024-01-17 13","1b","1b","1b","1b","1b"
2024-01-17 14:00:00,470,1,9341,3,0,"2024-01-17 14","1b","1b","1b","1b","1b"
2024-01-17 15:00:00,514,1,9033.5,3,0,"2024-01-17 15","1b","1b","1b","1b","1b"
2024-01-17 16:00:00,425,2,NA,1,0,"2024-01-17 16","1b","1b","5b","1b","1b"
2024-01-17 17:00:00,455,2,NA,1,0,"2024-01-17 17","1b","1b","5b","1b","1b"
2024-01-17 18:00:00,470,1,NA,1,0,"2024-01-17 18","1b","1b","5b","1b","1b"
2024-01-17 19:00:00,320,1,NA,0,0,"2024-01-17 19","1b","1b","5b","1b","1b"
2024-01-17 20:00:00,1039,0,NA,0,0,"2024-01-17 20","1b","1b","5b","1b","1b"
2024-01-17 21:00:00,904,2,NA,0,0,"2024-01-17 21","1b","1b","5b","1b","1b"
2024-01-17 22:00:00,679,3,NA,0,0,"2024-01-17 22","1b","1b","5b","1b","1b"
2024-01-17 23:00:00,1054,0,NA,0,0,"2024-01-17 23","1b","1b","5b","1b","1b"
2024-01-18,395,2,NA,0,0,"2024-01-18 00","1b","1b","5b","1b","1b"
2024-01-18 01:00:00,784,3,NA,0,0,"2024-01-18 01","1b","1b","5b","1b","1b"
2024-01-18 02:00:00,844,3,NA,0,0,"2024-01-18 02","1b","1b","5b","1b","1b"
2024-01-18 03:00:00,724,2,NA,0,0,"2024-01-18 03","1b","1b","5b","1b","1b"
2024-01-18 04:00:00,994,2,1146,0,0,"2024-01-18 04","1b","1b","1b","1b","1b"
2024-01-18 05:00:00,754,2,NA,0,0,"2024-01-18 05","1b","1b","5b","1b","1b"
2024-01-18 06:00:00,784,1,NA,0,0,"2024-01-18 06","1b","1b","5b","1b","1b"
2024-01-18 07:00:00,694,1,NA,0,0,"2024-01-18 07","1b","1b","5b","1b","1b"
2024-01-18 08:00:00,814,5,NA,0,0,"2024-01-18 08","1b","1b","5b","1b","1b"
2024-01-18 09:00:00,485,2,NA,0,0,"2024-01-18 09","1b","1b","5b","1b","1b"
2024-01-18 10:00:00,410,2,NA,0,0,"2024-01-18 10","1b","1b","5b","1b","1b"
2024-01-18 11:00:00,754,2,NA,0,0,"2024-01-18 11","1b","1b","5b","1b","1b"
2024-01-18 12:00:00,455,2,NA,0,0,"2024-01-18 12","1b","1b","5b","1b","1b"
2024-01-18 13:00:00,425,2,NA,0,0,"2024-01-18 13","1b","1b","5b","1b","1b"
2024-01-18 14:00:00,500,2,NA,0,0,"2024-01-18 14","1b","1b","5b","1b","1b"
2024-01-18 15:00:00,544,2,NA,0,0,"2024-01-18 15","1b","1b","5b","1b","1b"
2024-01-18 16:00:00,979,2,NA,0,0,"2024-01-18 16","1b","1b","5b","1b","1b"
2024-01-18 17:00:00,754,2,NA,0,0,"2024-01-18 17","1b","1b","5b","1b","1b"
2024-01-18 18:00:00,904,1,931,1,0,"2024-01-18 18","1b","1b","1b","1b","1b"
2024-01-18 19:00:00,784,2,5595,0,0,"2024-01-18 19","1b","1b","1b","1b","1b"
2024-01-18 20:00:00,716.5,2,5510.5,1,0,"2024-01-18 20","1b","1b","1b","1b","1b"
2024-01-18 21:00:00,859,2,NA,1,0,"2024-01-18 21","1b","1b","5b","1b","1b"
2024-01-18 22:00:00,814,2,NA,1,0,"2024-01-18 22","1b","1b","5b","1b","1b"
2024-01-18 23:00:00,739,1,NA,0,0,"2024-01-18 23","1b","1b","5b","1b","1b"
2024-01-19,784,1,NA,0,0,"2024-01-19 00","1b","1b","5b","1b","1b"
2024-01-19 01:00:00,754,1,NA,0,0,"2024-01-19 01","1b","1b","5b","1b","1b"
2024-01-19 02:00:00,581.5,2,NA,0,0,"2024-01-19 02","1b","1b","5b","1b","1b"
2024-01-19 03:00:00,485,2,NA,0,0,"2024-01-19 03","1b","1b","5b","1b","1b"
2024-01-19 04:00:00,581.5,2,NA,0,0,"2024-01-19 04","1b","1b","5b","1b","1b"
2024-01-19 05:00:00,357.5,2,NA,0,0,"2024-01-19 05","1b","1b","5b","1b","1b"
2024-01-19 06:00:00,455,2,NA,0,0,"2024-01-19 06","1b","1b","5b","1b","1b"
2024-01-19 07:00:00,544,2,7731.5,0,0,"2024-01-19 07","1b","1b","1b","1b","1b"
2024-01-19 08:00:00,634,2,NA,1,0,"2024-01-19 08","1b","1b","5b","1b","1b"
2024-01-19 09:00:00,470,2,NA,0,0,"2024-01-19 09","1b","1b","5b","1b","1b"
2024-01-19 10:00:00,514,2,NA,0,0,"2024-01-19 10","1b","1b","5b","1b","1b"
2024-01-19 11:00:00,455,2,NA,0,0,"2024-01-19 11","1b","1b","5b","1b","1b"
2024-01-19 12:00:00,634,2,5391.5,1,0,"2024-01-19 12","1b","1b","1b","1b","1b"
2024-01-19 13:00:00,814,2,4947,2,0,"2024-01-19 13","1b","1b","1b","1b","1b"
2024-01-19 14:00:00,934,0,1054,2,0,"2024-01-19 14","1b","1b","1b","1b","1b"
2024-01-19 15:00:00,NA,0,1230.5,6,0,"2024-01-19 15","5b","1b","1b","1b","1b"
2024-01-19 16:00:00,1264,1,6242,6,0,"2024-01-19 16","1b","1b","1b","1b","1b"
2024-01-19 17:00:00,1204,2,5709,7,0,"2024-01-19 17","1b","1b","1b","1b","1b"
2024-01-19 18:00:00,1069,1,5898.5,7,0,"2024-01-19 18","1b","1b","1b","1b","1b"
2024-01-19 19:00:00,1099,1,5438,8,0,"2024-01-19 19","1b","1b","1b","1b","1b"
2024-01-19 20:00:00,440,0,5252.5,8,0,"2024-01-19 20","1b","1b","1b","1b","1b"
2024-01-19 21:00:00,814,1,6202.5,8,0,"2024-01-19 21","1b","1b","1b","1b","1b"
2024-01-19 22:00:00,1114,1,8577.5,8,0,"2024-01-19 22","1b","1b","1b","1b","1b"
2024-01-19 23:00:00,514,1,5998,7,0,"2024-01-19 23","1b","1b","1b","1b","1b"
2024-01-20,544,1,8454,7,0,"2024-01-20 00","1b","1b","1b","1b","1b"
2024-01-20 01:00:00,574,2,4638.5,7,0,"2024-01-20 01","1b","1b","1b","1b","1b"
2024-01-20 02:00:00,529,2,4261.5,8,0,"2024-01-20 02","1b","1b","1b","1b","1b"
2024-01-20 03:00:00,574,1,3568,8,0,"2024-01-20 03","1b","1b","1b","1b","1b"
2024-01-20 04:00:00,604,1,3215,8,0,"2024-01-20 04","1b","1b","1b","1b","1b"
2024-01-20 05:00:00,664,2,3052,8,0,"2024-01-20 05","1b","1b","1b","1b","1b"
2024-01-20 06:00:00,709,2,3088,8,0,"2024-01-20 06","1b","1b","1b","1b","1b"
2024-01-20 07:00:00,784,2,2338.5,8,0,"2024-01-20 07","1b","1b","1b","1b","1b"
2024-01-20 08:00:00,784,2,2325,8,0,"2024-01-20 08","1b","1b","1b","1b","1b"
2024-01-20 09:00:00,799,2,1277,8,0,"2024-01-20 09","1b","1b","1b","1b","1b"
2024-01-20 10:00:00,NA,0,745,7,0,"2024-01-20 10","5b","1b","1b","1b","1b"
2024-01-20 11:00:00,NA,0,1778,8,0,"2024-01-20 11","5b","1b","1b","1b","1b"
2024-01-20 12:00:00,NA,0,757,8,0,"2024-01-20 12","5b","1b","1b","1b","1b"
2024-01-20 13:00:00,470,0,750,8,0,"2024-01-20 13","1b","1b","1b","1b","1b"
2024-01-20 14:00:00,NA,0,633.5,8,0,"2024-01-20 14","5b","1b","1b","1b","1b"
2024-01-20 15:00:00,NA,0,559,8,0,"2024-01-20 15","5b","1b","1b","1b","1b"
2024-01-20 16:00:00,NA,0,568,8,0,"2024-01-20 16","5b","1b","1b","1b","1b"
2024-01-20 17:00:00,NA,0,509,8,0,"2024-01-20 17","5b","1b","1b","1b","1b"
2024-01-20 18:00:00,NA,0,489,8,0,"2024-01-20 18","5b","1b","1b","1b","1b"
2024-01-20 19:00:00,NA,0,488,8,0,"2024-01-20 19","5b","1b","1b","1b","1b"
2024-01-20 20:00:00,NA,0,592,8,0,"2024-01-20 20","5b","1b","1b","1b","1b"
2024-01-20 21:00:00,NA,0,717,8,0,"2024-01-20 21","5b","1b","1b","1b","1b"
2024-01-20 22:00:00,252.5,0,556,8,0,"2024-01-20 22","1b","1b","1b","1b","1b"
2024-01-20 23:00:00,320,0,453,8,0,"2024-01-20 23","1b","1b","1b","1b","1b"
2024-01-21,NA,0,366.5,8,0,"2024-01-21 00","5b","1b","1b","1b","1b"
2024-01-21 01:00:00,NA,0,352,8,0,"2024-01-21 01","5b","1b","1b","1b","1b"
2024-01-21 02:00:00,NA,0,308.5,8,0,"2024-01-21 02","5b","1b","1b","1b","1b"
2024-01-21 03:00:00,NA,0,195.5,8,0,"2024-01-21 03","5b","1b","1b","1b","1b"
2024-01-21 04:00:00,NA,0,182.5,8,0,"2024-01-21 04","5b","1b","1b","1b","1b"
2024-01-21 05:00:00,NA,0,304,8,0,"2024-01-21 05","5b","1b","1b","1b","1b"
2024-01-21 06:00:00,365,2,920,8,0,"2024-01-21 06","1b","1b","1b","1b","1b"
2024-01-21 07:00:00,350,0,1104,7,0,"2024-01-21 07","1b","1b","1b","1b","1b"
2024-01-21 08:00:00,1009,0,1108,8,0,"2024-01-21 08","1b","1b","1b","1b","1b"
2024-01-21 09:00:00,485,2,4524,7,0,"2024-01-21 09","1b","1b","1b","1b","1b"
2024-01-21 10:00:00,604,1,3534,7,0,"2024-01-21 10","1b","1b","1b","1b","1b"
2024-01-21 11:00:00,694,0,704,7,0,"2024-01-21 11","1b","1b","1b","1b","1b"
2024-01-21 12:00:00,NA,0,3288.5,7,0,"2024-01-21 12","5b","1b","1b","1b","1b"
2024-01-21 13:00:00,619,2,3105.5,6,0,"2024-01-21 13","1b","1b","1b","1b","1b"
2024-01-21 14:00:00,769,2,4122,7,0,"2024-01-21 14","1b","1b","1b","1b","1b"
2024-01-21 15:00:00,671.5,0,2077,7,0,"2024-01-21 15","1b","1b","1b","1b","1b"
2024-01-21 16:00:00,NA,0,568,8,0,"2024-01-21 16","5b","1b","1b","1b","1b"
2024-01-21 17:00:00,NA,0,347.5,8,0,"2024-01-21 17","5b","1b","1b","1b","1b"
2024-01-21 18:00:00,NA,0,370.5,8,0,"2024-01-21 18","5b","1b","1b","1b","1b"
2024-01-21 19:00:00,NA,0,326,8,0,"2024-01-21 19","5b","1b","1b","1b","1b"
2024-01-21 20:00:00,NA,0,324.5,8,0,"2024-01-21 20","5b","1b","1b","1b","1b"
2024-01-21 21:00:00,NA,0,300.5,8,1,"2024-01-21 21","5b","1b","1b","1b","1b"
2024-01-21 22:00:00,NA,0,271,8,1,"2024-01-21 22","5b","1b","1b","1b","1b"
2024-01-21 23:00:00,NA,0,608,8,1,"2024-01-21 23","5b","1b","1b","1b","1b"
2024-01-22,NA,0,803.5,8,0,"2024-01-22 00","5b","1b","1b","1b","1b"
2024-01-22 01:00:00,NA,0,771.5,8,1,"2024-01-22 01","5b","1b","1b","1b","1b"
2024-01-22 02:00:00,979,0,1174,7,0,"2024-01-22 02","1b","1b","1b","1b","1b"
2024-01-22 03:00:00,NA,0,1097,7,0,"2024-01-22 03","5b","1b","1b","1b","1b"
2024-01-22 04:00:00,NA,0,1007.5,8,0,"2024-01-22 04","5b","1b","1b","1b","1b"
2024-01-22 05:00:00,NA,0,1054,6,0,"2024-01-22 05","5b","1b","1b","1b","1b"
2024-01-22 06:00:00,NA,0,1127.5,7,0,"2024-01-22 06","5b","1b","1b","1b","1b"
2024-01-22 07:00:00,NA,0,1274,7,0,"2024-01-22 07","5b","1b","1b","1b","1b"
2024-01-22 08:00:00,649,0,1218,8,0,"2024-01-22 08","1b","1b","1b","1b","1b"
2024-01-22 09:00:00,664,0,1418,6.5,0,"2024-01-22 09","1b","1b","1b","1b","1b"
2024-01-22 10:00:00,1009,0,1376.5,7,0,"2024-01-22 10","1b","1b","1b","1b","1b"
2024-01-22 11:00:00,1129,0,1309,7,0,"2024-01-22 11","1b","1b","1b","1b","1b"
2024-01-22 12:00:00,NA,0,1183,5,0,"2024-01-22 12","5b","1b","1b","1b","1b"
2024-01-22 13:00:00,NA,0,1351,7,0,"2024-01-22 13","5b","1b","1b","1b","1b"
2024-01-22 14:00:00,844,0,1168,6,0,"2024-01-22 14","1b","1b","1b","1b","1b"
2024-01-22 15:00:00,1144,0,1132,3,0,"2024-01-22 15","1b","1b","1b","1b","1b"
2024-01-22 16:00:00,1354,0,738,6,0,"2024-01-22 16","1b","1b","1b","1b","1b"
2024-01-22 17:00:00,1294,0,1080.5,7,0,"2024-01-22 17","1b","1b","1b","1b","1b"
2024-01-22 18:00:00,994,0,1491.5,3,0,"2024-01-22 18","1b","1b","1b","1b","1b"
2024-01-22 19:00:00,1114,2,1576,1,0,"2024-01-22 19","1b","1b","1b","1b","1b"
2024-01-22 20:00:00,949,2,1346,1,0,"2024-01-22 20","1b","1b","1b","1b","1b"
2024-01-22 21:00:00,1174,2,1004,0,0,"2024-01-22 21","1b","1b","1b","1b","1b"
2024-01-22 22:00:00,1219,1,NA,0,0,"2024-01-22 22","1b","1b","5b","1b","1b"
2024-01-22 23:00:00,889,2,NA,0,0,"2024-01-22 23","1b","1b","5b","1b","1b"
2024-01-23,679,2,NA,0,0,"2024-01-23 00","1b","1b","5b","1b","1b"
2024-01-23 01:00:00,1009,1,NA,0,0,"2024-01-23 01","1b","1b","5b","1b","1b"
2024-01-23 02:00:00,874,1,NA,0,0,"2024-01-23 02","1b","1b","5b","1b","1b"
2024-01-23 03:00:00,806.5,1,4083,0,0,"2024-01-23 03","1b","1b","1b","1b","1b"
2024-01-23 04:00:00,619,1,3815,1,0,"2024-01-23 04","1b","1b","1b","1b","1b"
2024-01-23 05:00:00,559,1,3060.5,5,0,"2024-01-23 05","1b","1b","1b","1b","1b"
2024-01-23 06:00:00,634,2,2373,7,0,"2024-01-23 06","1b","1b","1b","1b","1b"
2024-01-23 07:00:00,260,1,1478.5,8,0,"2024-01-23 07","1b","1b","1b","1b","1b"
2024-01-23 08:00:00,NA,0,264.5,8,0,"2024-01-23 08","5b","1b","1b","1b","1b"
2024-01-23 09:00:00,NA,0,225,8,0,"2024-01-23 09","5b","1b","1b","1b","1b"
2024-01-23 10:00:00,NA,0,232,8,0,"2024-01-23 10","5b","1b","1b","1b","1b"
2024-01-23 11:00:00,NA,0,202,8,0.5,"2024-01-23 11","5b","1b","1b","1b","1b"
2024-01-23 12:00:00,NA,0,190,8,1,"2024-01-23 12","5b","1b","1b","1b","1b"
2024-01-23 13:00:00,NA,0,223,8,0,"2024-01-23 13","5b","1b","1b","1b","1b"
2024-01-23 14:00:00,NA,0,356,8,0,"2024-01-23 14","5b","1b","1b","1b","1b"
2024-01-23 15:00:00,NA,0,555.5,8,0,"2024-01-23 15","5b","1b","1b","1b","1b"
2024-01-23 16:00:00,NA,0,594,8,0,"2024-01-23 16","5b","1b","1b","1b","1b"
2024-01-23 17:00:00,NA,0,572,8,0,"2024-01-23 17","5b","1b","1b","1b","1b"
2024-01-23 18:00:00,NA,0,529.5,8,0,"2024-01-23 18","5b","1b","1b","1b","1b"
2024-01-23 19:00:00,NA,0,599,8,0,"2024-01-23 19","5b","1b","1b","1b","1b"
2024-01-23 20:00:00,NA,0,749,8,0,"2024-01-23 20","5b","1b","1b","1b","1b"
2024-01-23 21:00:00,NA,0,892,8,0,"2024-01-23 21","5b","1b","1b","1b","1b"
2024-01-23 22:00:00,NA,0,1128,8,0,"2024-01-23 22","5b","1b","1b","1b","1b"
2024-01-23 23:00:00,NA,0,923,6,0,"2024-01-23 23","5b","1b","1b","1b","1b"
2024-01-24,NA,0,1081,8,0,"2024-01-24 00","5b","1b","1b","1b","1b"
2024-01-24 01:00:00,NA,0,1360,8,0,"2024-01-24 01","5b","1b","1b","1b","1b"
2024-01-24 02:00:00,NA,0,1225,8,0,"2024-01-24 02","5b","1b","1b","1b","1b"
2024-01-24 03:00:00,NA,0,1233.5,8,0,"2024-01-24 03","5b","1b","1b","1b","1b"
2024-01-24 04:00:00,NA,0,1129.5,8,0,"2024-01-24 04","5b","1b","1b","1b","1b"
2024-01-24 05:00:00,NA,0,1082.5,8,0,"2024-01-24 05","5b","1b","1b","1b","1b"
2024-01-24 06:00:00,NA,0,1164,8,0,"2024-01-24 06","5b","1b","1b","1b","1b"
2024-01-24 07:00:00,NA,0,1134,7,0,"2024-01-24 07","5b","1b","1b","1b","1b"
2024-01-24 08:00:00,979,2,8254.5,2,0,"2024-01-24 08","1b","1b","1b","1b","1b"
2024-01-24 09:00:00,NA,0,1114,7,0,"2024-01-24 09","5b","1b","1b","1b","1b"
2024-01-24 10:00:00,1054,0,4371.5,6,0,"2024-01-24 10","1b","1b","1b","1b","1b"
2024-01-24 11:00:00,NA,0,4203,8,0,"2024-01-24 11","5b","1b","1b","1b","1b"
2024-01-24 12:00:00,1099,0,3623,8,0,"2024-01-24 12","1b","1b","1b","1b","1b"
2024-01-24 13:00:00,1054,2,3572,8,0,"2024-01-24 13","1b","1b","1b","1b","1b"
2024-01-24 14:00:00,1174,0,3666.5,8,0,"2024-01-24 14","1b","1b","1b","1b","1b"
2024-01-24 15:00:00,844,2,3710,8,0,"2024-01-24 15","1b","1b","1b","1b","1b"
2024-01-24 16:00:00,1084,1,4125,8,0,"2024-01-24 16","1b","1b","1b","1b","1b"
2024-01-24 17:00:00,889,1,3995,6,0,"2024-01-24 17","1b","1b","1b","1b","1b"
2024-01-24 18:00:00,649,1,NA,2,0,"2024-01-24 18","1b","1b","5b","1b","1b"
2024-01-24 19:00:00,679,1,NA,1,0,"2024-01-24 19","1b","1b","5b","1b","1b"
2024-01-24 20:00:00,485,2,NA,0,0,"2024-01-24 20","1b","1b","5b","1b","1b"
2024-01-24 21:00:00,425,1.5,NA,0,0,"2024-01-24 21","1b","1b","5b","1b","1b"
2024-01-24 22:00:00,440,1,7350,0,0,"2024-01-24 22","1b","1b","1b","1b","1b"
2024-01-24 23:00:00,350,2,6164,2,0,"2024-01-24 23","1b","1b","1b","1b","1b"
