"datetime","NO","NOy","qc_flag_NO","qc_flag_NOy"
"2024-06-01 00:00:00",0.1142,4.67581666666667,"1b","1b"
"2024-06-01 01:00:00",0.0942333333333333,3.91203333333333,"1b","1b"
"2024-06-01 02:00:00",0.1073,3.47605,"1b","1b"
"2024-06-01 03:00:00",0.1125,2.82398333333333,"1b","1b"
"2024-06-01 04:00:00",0.23955,3.51608333333333,"1b","1b"
"2024-06-01 05:00:00",0.552366666666667,3.90668333333333,"1b","1b"
"2024-06-01 06:00:00",0.379916666666667,2.23201666666667,"1b","1b"
"2024-06-01 07:00:00",0.301383333333333,1.4147,"1b","1b"
"2024-06-01 08:00:00",0.440116666666667,1.51211666666667,"1b","1b"
"2024-06-01 09:00:00",0.5625,2.17383333333333,"1b","1b"
"2024-06-01 10:00:00",0.612916666666667,2.3853,"1b","1b"
"2024-06-01 11:00:00",0.547983333333333,2.52486666666667,"1b","1b"
"2024-06-01 12:00:00",0.543616666666667,2.27205,"1b","1b"
"2024-06-01 13:00:00",0.491666666666667,2.34363333333333,"1b","1b"
"2024-06-01 14:00:00",0.4603,2.25858333333333,"1b","1b"
"2024-06-01 15:00:00",0.4492,2.07395,"1b","1b"
"2024-06-01 16:00:00",0.390533333333333,2.25136666666667,"1b","1b"
"2024-06-01 17:00:00",0.275933333333333,1.91955,"1b","1b"
"2024-06-01 18:00:00",0.2176,2.8327,"1b","1b"
"2024-06-01 19:00:00",0.155916666666667,4.0738,"1b","1b"
"2024-06-01 20:00:00",0.125466666666667,4.14618333333333,"1b","1b"
"2024-06-01 21:00:00",0.184633333333333,6.46148333333333,"1b","1b"
"2024-06-01 22:00:00",0.215516666666667,8.63495,"1b","1b"
"2024-06-01 23:00:00",0.301333333333333,10.2065,"1b","1b"
"2024-06-02 00:00:00",0.255966666666667,8.8573,"1b","1b"
"2024-06-02 01:00:00",0.209283333333333,6.16358333333333,"1b","1b"
"2024-06-02 02:00:00",0.219883333333333,4.99085,"1b","1b"
"2024-06-02 03:00:00",0.193483333333333,4.79993333333333,"1b","1b"
"2024-06-02 04:00:00",0.2385,3.63781666666667,"1b","1b"
"2024-06-02 05:00:00",0.288,3.13261666666667,"1b","1b"
"2024-06-02 06:00:00",0.445033333333333,2.8258,"1b","1b"
"2024-06-02 07:00:00",0.798116666666667,3.2941,"1b","1b"
"2024-06-02 08:00:00",0.790933333333333,3.18141666666667,"1b","1b"
"2024-06-02 09:00:00",0.671066666666667,2.89411666666667,"1b","1b"
"2024-06-02 10:00:00",0.44005,2.14103333333333,"1b","1b"
"2024-06-02 11:00:00",0.333,1.718,"1b","1b"
"2024-06-02 12:00:00",0.246566666666667,1.21498333333333,"1b","1b"
"2024-06-02 13:00:00",0.269533333333333,1.37685,"1b","1b"
"2024-06-02 14:00:00",0.270383333333333,1.41111666666667,"1b","1b"
"2024-06-02 15:00:00",0.27205,1.38008333333333,"1b","1b"
"2024-06-02 16:00:00",0.318816666666667,1.55261666666667,"1b","1b"
"2024-06-02 17:00:00",0.269216666666667,1.33348333333333,"1b","1b"
"2024-06-02 18:00:00",0.298566666666667,2.1828,"1b","1b"
"2024-06-02 19:00:00",0.220983333333333,2.22356666666667,"1b","1b"
"2024-06-02 20:00:00",0.132016666666667,2.50775,"1b","1b"
"2024-06-02 21:00:00",0.0716333333333333,2.59486666666667,"1b","1b"
"2024-06-02 22:00:00",0.06385,1.7013,"1b","1b"
"2024-06-02 23:00:00",0.0708166666666667,1.60171666666667,"1b","1b"
"2024-06-03 00:00:00",0.0915333333333333,1.2467,"1b","1b"
"2024-06-03 01:00:00",0.0853333333333333,1.21475,"1b","1b"
"2024-06-03 02:00:00",0.09325,1.23678333333333,"1b","1b"
"2024-06-03 03:00:00",0.133466666666667,1.70925,"1b","1b"
"2024-06-03 04:00:00",0.20025,2.29196666666667,"1b","1b"
"2024-06-03 05:00:00",0.44865,3.37626666666667,"1b","1b"
"2024-06-03 06:00:00",0.91115,4.9323,"1b","1b"
"2024-06-03 07:00:00",1.27773333333333,5.1326,"1b","1b"
"2024-06-03 08:00:00",1.5107,5.48183333333333,"1b","1b"
"2024-06-03 09:00:00",1.07435593220339,3.9932313559322,"1b","1b"
"2024-06-03 10:00:00",1.46725,4.90993333333333,"1b","1b"
"2024-06-03 11:00:00",0.8181,2.996,"1b","1b"
"2024-06-03 12:00:00",1.0976,3.48001666666667,"1b","1b"
"2024-06-03 13:00:00",0.771166666666667,2.54833333333333,"1b","1b"
"2024-06-03 14:00:00",0.579283333333333,2.2915,"1b","1b"
"2024-06-03 15:00:00",0.988966666666667,4.18808333333333,"1b","1b"
"2024-06-03 16:00:00",1.08808333333333,4.44631666666667,"1b","1b"
"2024-06-03 17:00:00",0.775133333333333,4.57406666666667,"1b","1b"
"2024-06-03 18:00:00",0.549166666666667,4.18963333333333,"1b","1b"
"2024-06-03 19:00:00",0.298133333333333,3.16435,"1b","1b"
"2024-06-03 20:00:00",0.186433333333333,4.02843333333333,"1b","1b"
"2024-06-03 21:00:00",0.1612,3.00168333333333,"1b","1b"
"2024-06-03 22:00:00",0.23235,3.02178333333333,"1b","1b"
"2024-06-03 23:00:00",0.23335,4.86601666666667,"1b","1b"
"2024-06-04 00:00:00",0.33015,4.09678333333333,"1b","1b"
"2024-06-04 01:00:00",0.29595,2.55875,"1b","1b"
"2024-06-04 02:00:00",0.167016666666667,2.07246666666667,"1b","1b"
"2024-06-04 03:00:00",0.0995833333333333,2.17113333333333,"1b","1b"
"2024-06-04 04:00:00",0.117566666666667,1.20495,"1b","1b"
"2024-06-04 05:00:00",0.619116666666667,2.61966666666667,"1b","1b"
"2024-06-04 06:00:00",0.931433333333333,3.16656666666667,"1b","1b"
"2024-06-04 07:00:00",1.28598333333333,4.35413333333333,"1b","1b"
"2024-06-04 08:00:00",1.04227118644068,3.72884152542373,"1b","1b"
"2024-06-04 09:00:00",1.11348333333333,3.04578333333333,"1b","1b"
"2024-06-04 10:00:00",1.38358333333333,4.35598333333333,"1b","1b"
"2024-06-04 11:00:00",1.41283333333333,4.187,"1b","1b"
"2024-06-04 12:00:00",1.67141666666667,4.96268333333333,"1b","1b"
"2024-06-04 13:00:00",0.994216666666667,3.72803333333333,"1b","1b"
"2024-06-04 14:00:00",1.02138333333333,4.58158333333333,"1b","1b"
"2024-06-04 15:00:00",1.15642372881356,3.9947906779661,"1b","1b"
"2024-06-04 16:00:00",1.24621666666667,3.0343,"1b","1b"
"2024-06-04 17:00:00",0.459933333333333,2.57888333333333,"1b","1b"
"2024-06-04 18:00:00",0.306283333333333,3.28823333333333,"1b","1b"
"2024-06-04 19:00:00",0.356316666666667,3.91176666666667,"1b","1b"
"2024-06-04 20:00:00",0.133932203389831,2.74504491525424,"1b","1b"
"2024-06-04 21:00:00",0.228566666666667,3.8549,"1b","1b"
"2024-06-04 22:00:00",0.224383333333333,3.05555,"1b","1b"
"2024-06-04 23:00:00",0.249,1.79055,"1b","1b"
"2024-06-05 00:00:00",0.163316666666667,1.32983333333333,"1b","1b"
"2024-06-05 01:00:00",0.242266666666667,3.07143333333333,"1b","1b"
"2024-06-05 02:00:00",0.1507,2.5267,"1b","1b"
"2024-06-05 03:00:00",0.1936,2.38831666666667,"1b","1b"
"2024-06-05 04:00:00",0.331083333333333,3.9083,"1b","1b"
"2024-06-05 05:00:00",1.2285,5.90326666666667,"1b","1b"
"2024-06-05 06:00:00",2.0738,6.937,"1b","1b"
"2024-06-05 07:00:00",2.30618333333333,5.83258333333333,"1b","1b"
"2024-06-05 08:00:00",1.13053333333333,3.01345,"1b","1b"
"2024-06-05 09:00:00",0.956816666666667,2.57646666666667,"1b","1b"
"2024-06-05 10:00:00",0.89715,2.85808333333333,"1b","1b"
"2024-06-05 11:00:00",0.9174,2.36328333333333,"1b","1b"
"2024-06-05 12:00:00",0.7402,2.13623333333333,"1b","1b"
"2024-06-05 13:00:00",0.631533333333333,1.74518333333333,"1b","1b"
"2024-06-05 14:00:00",0.72295,1.96778333333333,"1b","1b"
"2024-06-05 15:00:00",0.542216666666667,1.75378333333333,"1b","1b"
"2024-06-05 16:00:00",0.626466666666667,2.16533333333333,"1b","1b"
"2024-06-05 17:00:00",0.426433333333333,1.5347,"1b","1b"
"2024-06-05 18:00:00",0.34215,2.36588333333333,"1b","1b"
"2024-06-05 19:00:00",0.221916666666667,3.10381666666667,"1b","1b"
"2024-06-05 20:00:00",0.191,4.48048333333333,"1b","1b"
"2024-06-05 21:00:00",0.116566666666667,3.95061666666667,"1b","1b"
"2024-06-05 22:00:00",0.141116666666667,2.95756666666667,"1b","1b"
"2024-06-05 23:00:00",0.0921864406779661,0.909011016949153,"1b","1b"
"2024-06-06 00:00:00",0.0922166666666667,0.54815,"1b","1b"
"2024-06-06 01:00:00",0.10945,0.818983333333333,"1b","1b"
"2024-06-06 02:00:00",0.1016,1.20486666666667,"1b","1b"
"2024-06-06 03:00:00",0.1021,2.72108333333333,"1b","1b"
"2024-06-06 04:00:00",0.17865,2.66886666666667,"1b","1b"
"2024-06-06 05:00:00",1.22191666666667,6.30648333333333,"1b","1b"
"2024-06-06 06:00:00",1.33523333333333,4.94775,"1b","1b"
"2024-06-06 07:00:00",1.18636666666667,4.0913,"1b","1b"
"2024-06-06 08:00:00",0.929316666666667,2.92301666666667,"1b","1b"
"2024-06-06 09:00:00",1.29665,3.22998333333333,"1b","1b"
"2024-06-06 10:00:00",0.729583333333333,2.38083333333333,"1b","1b"
"2024-06-06 11:00:00",0.6184,1.65881666666667,"1b","1b"
"2024-06-06 12:00:00",0.508483333333333,1.85898333333333,"1b","1b"
"2024-06-06 13:00:00",0.382566666666667,1.16018333333333,"1b","1b"
"2024-06-06 14:00:00",0.57175,1.79025,"1b","1b"
"2024-06-06 15:00:00",0.583266666666667,2.13221666666667,"1b","1b"
"2024-06-06 16:00:00",0.417783333333333,1.71878333333333,"1b","1b"
"2024-06-06 17:00:00",0.461933333333333,1.86228333333333,"1b","1b"
"2024-06-06 18:00:00",0.272766666666667,1.64201666666667,"1b","1b"
"2024-06-06 19:00:00",0.206583333333333,2.98755,"1b","1b"
"2024-06-06 20:00:00",0.165433333333333,2.85278333333333,"1b","1b"
"2024-06-06 21:00:00",0.10401724137931,2.53374655172414,"1b","1b"
"2024-06-06 22:00:00",0.11465,1.74721666666667,"1b","1b"
"2024-06-06 23:00:00",0.103383333333333,1.65011666666667,"1b","1b"
"2024-06-07 00:00:00",0.0691016949152542,2.41540084745763,"1b","1b"
"2024-06-07 01:00:00",0.0437833333333333,0.97755,"1b","1b"
"2024-06-07 02:00:00",0.061,1.50886666666667,"1b","1b"
"2024-06-07 03:00:00",0.0752166666666667,2.05625,"1b","1b"
"2024-06-07 04:00:00",0.191466666666667,3.07856666666667,"1b","1b"
"2024-06-07 05:00:00",1.02726666666667,5.48126666666667,"1b","1b"
"2024-06-07 06:00:00",1.49058333333333,5.97138333333333,"1b","1b"
"2024-06-07 07:00:00",1.04408333333333,3.43286666666667,"1b","1b"
"2024-06-07 08:00:00",0.89005,2.80988333333333,"1b","1b"
"2024-06-07 09:00:00",0.821383333333333,2.57231666666667,"1b","1b"
"2024-06-07 10:00:00",0.692266666666667,2.58051666666667,"1b","1b"
"2024-06-07 11:00:00",0.841416666666667,3.4132,"1b","1b"
"2024-06-07 12:00:00",0.804433333333333,2.70238333333333,"1b","1b"
"2024-06-07 13:00:00",0.78435,3.35048333333333,"1b","1b"
"2024-06-07 14:00:00",0.871,3.46601666666667,"1b","1b"
"2024-06-07 15:00:00",0.73,2.9328,"1b","1b"
"2024-06-07 16:00:00",0.699733333333333,3.42028333333333,"1b","1b"
"2024-06-07 17:00:00",0.623383333333333,3.20868333333333,"1b","1b"
"2024-06-07 18:00:00",0.380816666666667,3.23425,"1b","1b"
"2024-06-07 19:00:00",0.222,2.21741666666667,"1b","1b"
"2024-06-07 20:00:00",0.634366666666667,5.37675,"1b","1b"
"2024-06-07 21:00:00",0.424283333333333,5.4553,"1b","1b"
"2024-06-07 22:00:00",0.10785,1.8721,"1b","1b"
"2024-06-07 23:00:00",0.0686833333333333,1.22376666666667,"1b","1b"
"2024-06-08 00:00:00",0.0633389830508475,0.888146610169492,"1b","1b"
"2024-06-08 01:00:00",0.0754666666666667,1.08538333333333,"1b","1b"
"2024-06-08 02:00:00",0.10765,1.42191666666667,"1b","1b"
"2024-06-08 03:00:00",0.107633333333333,1.12765,"1b","1b"
"2024-06-08 04:00:00",0.101833333333333,0.699433333333333,"1b","1b"
"2024-06-08 05:00:00",0.19605,1.23803333333333,"1b","1b"
"2024-06-08 06:00:00",0.475,2.46463333333333,"1b","1b"
"2024-06-08 07:00:00",0.65215,2.96078333333333,"1b","1b"
"2024-06-08 08:00:00",0.580733333333333,2.13676666666667,"1b","1b"
"2024-06-08 09:00:00",0.455333333333333,2.17765,"1b","1b"
"2024-06-08 10:00:00",0.419133333333333,1.63186666666667,"1b","1b"
"2024-06-08 11:00:00",0.335983333333333,0.823,"1b","1b"
"2024-06-08 12:00:00",0.399333333333333,0.8917,"1b","1b"
"2024-06-08 13:00:00",0.362983333333333,0.899933333333333,"1b","1b"
"2024-06-08 14:00:00",0.32765,0.626666666666667,"1b","1b"
"2024-06-08 15:00:00",0.396516666666667,0.946716666666667,"1b","1b"
"2024-06-08 16:00:00",0.382316666666667,1.00108333333333,"1b","1b"
"2024-06-08 17:00:00",0.302566666666667,1.00681666666667,"1b","1b"
"2024-06-08 18:00:00",0.23205,1.11705,"1b","1b"
"2024-06-08 19:00:00",0.215783333333333,1.84193333333333,"1b","1b"
"2024-06-08 20:00:00",0.0698666666666667,2.09605,"1b","1b"
"2024-06-08 21:00:00",0.10015,2.83576666666667,"1b","1b"
"2024-06-08 22:00:00",0.08135,5.49703333333333,"1b","1b"
"2024-06-08 23:00:00",0.0823666666666667,5.0207,"1b","1b"
"2024-06-09 00:00:00",0.0834333333333333,2.96336666666667,"1b","1b"
"2024-06-09 01:00:00",0.0821666666666667,1.62946666666667,"1b","1b"
"2024-06-09 02:00:00",0.0648,0.456983333333333,"1b","1b"
"2024-06-09 03:00:00",0.0678,0.0664,"1b","1b"
"2024-06-09 04:00:00",0.117733333333333,0.710466666666667,"1b","1b"
"2024-06-09 05:00:00",0.191883333333333,0.578933333333333,"1b","1b"
"2024-06-09 06:00:00",0.251366666666667,0.3214,"1b","1b"
"2024-06-09 07:00:00",0.2241,0.209533333333333,"1b","1b"
"2024-06-09 08:00:00",0.249716666666667,0.170333333333333,"1b","1b"
"2024-06-09 09:00:00",0.293183333333333,0.50505,"1b","1b"
"2024-06-09 10:00:00",0.4242,1.0128,"1b","1b"
"2024-06-09 11:00:00",0.336566666666667,0.720566666666667,"1b","1b"
"2024-06-09 12:00:00",0.274116666666667,1.50178333333333,"1b","1b"
"2024-06-09 13:00:00",0.357716666666667,2.45263333333333,"1b","1b"
"2024-06-09 14:00:00",0.540152542372881,2.8767906779661,"1b","1b"
"2024-06-09 15:00:00",0.579,3.3666,"1b","1b"
"2024-06-09 16:00:00",0.47825,3.61073333333333,"1b","1b"
"2024-06-09 17:00:00",0.357666666666667,1.98798333333333,"1b","1b"
"2024-06-09 18:00:00",0.232633333333333,1.51033333333333,"1b","1b"
"2024-06-09 19:00:00",0.269183333333333,3.11848333333333,"1b","1b"
"2024-06-09 20:00:00",0.594416666666667,3.61685,"1b","1b"
"2024-06-09 21:00:00",0.219216666666667,1.63483333333333,"1b","1b"
"2024-06-09 22:00:00",0.0729,0.457383333333333,"1b","1b"
"2024-06-09 23:00:00",0.0929333333333333,0.37285,"1b","1b"
"2024-06-10 00:00:00",0.0799,0.553433333333333,"1b","1b"
"2024-06-10 01:00:00",0.0833833333333333,0.269883333333333,"1b","1b"
"2024-06-10 02:00:00",0.109916666666667,0.176516666666667,"1b","1b"
"2024-06-10 03:00:00",0.0716833333333333,0,"1b","1b"
"2024-06-10 04:00:00",0.0947333333333333,0.6551,"1b","1b"
"2024-06-10 05:00:00",0.294283333333333,1.85303333333333,"1b","1b"
"2024-06-10 06:00:00",0.693666666666667,3.67671666666667,"1b","1b"
"2024-06-10 07:00:00",1.38298333333333,4.03761666666667,"4b","4b"
"2024-06-10 08:00:00",1.28055,3.8811,"4b","4b"
"2024-06-10 09:00:00",4.37213333333333,8.89088333333333,"4b","4b"
"2024-06-10 10:00:00",5.89988333333333,11.8278,"4b","4b"
"2024-06-10 11:00:00",1.24155,3.08091666666667,"4b","4b"
"2024-06-10 12:00:00",2.56553333333333,6.28841666666667,"4b","4b"
"2024-06-10 13:00:00",0.612566666666667,1.89356666666667,"4b","4b"
"2024-06-10 14:00:00",0.529067796610169,1.90892627118644,"4b","4b"
"2024-06-10 15:00:00",0.595416666666667,1.93586666666667,"4b","4b"
"2024-06-10 16:00:00",0.45235,1.7059,"4b","4b"
"2024-06-10 17:00:00",0.342966666666667,1.5176,"4b","4b"
"2024-06-10 18:00:00",0.3854,2.14328333333333,"1b","1b"
"2024-06-10 19:00:00",0.214516666666667,1.35161666666667,"1b","1b"
"2024-06-10 20:00:00",0.114233333333333,1.87551666666667,"1b","1b"
"2024-06-10 21:00:00",0.0716,1.4492,"1b","1b"
"2024-06-10 22:00:00",0.043,0.939633333333333,"1b","1b"
"2024-06-10 23:00:00",0.0494666666666667,0.4522,"1b","1b"
"2024-06-11 00:00:00",0.0678666666666667,0.545416666666667,"1b","1b"
"2024-06-11 01:00:00",0.0466666666666667,0.728883333333333,"1b","1b"
"2024-06-11 02:00:00",0.0586166666666667,0.317033333333333,"1b","1b"
"2024-06-11 03:00:00",0.0728833333333333,0.452516666666667,"1b","1b"
"2024-06-11 04:00:00",0.140383333333333,1.48846666666667,"1b","1b"
"2024-06-11 05:00:00",0.691483333333333,4.36176666666667,"1b","1b"
"2024-06-11 06:00:00",0.77915,4.52103333333333,"1b","1b"
"2024-06-11 07:00:00",1.38956666666667,4.78253333333333,"1b","1b"
"2024-06-11 08:00:00",0.873416666666667,2.95465,"1b","1b"
"2024-06-11 09:00:00",1.57368333333333,4.5186,"1b","1b"
"2024-06-11 10:00:00",1.57455,4.05778333333333,"1b","1b"
"2024-06-11 11:00:00",0.60695,1.86018333333333,"1b","1b"
"2024-06-11 12:00:00",0.609366666666667,2.25933333333333,"1b","1b"
"2024-06-11 13:00:00",0.464833333333333,1.6035,"1b","1b"
"2024-06-11 14:00:00",0.510766666666667,1.84706666666667,"1b","1b"
"2024-06-11 15:00:00",0.448666666666667,1.91125,"1b","1b"
"2024-06-11 16:00:00",0.451683333333333,1.948,"1b","1b"
"2024-06-11 17:00:00",0.339866666666667,1.69446666666667,"1b","1b"
"2024-06-11 18:00:00",0.190933333333333,1.56745,"1b","1b"
"2024-06-11 19:00:00",0.18475,2.17116666666667,"1b","1b"
"2024-06-11 20:00:00",0.1197,3.23566666666667,"1b","1b"
"2024-06-11 21:00:00",0.0695166666666667,3.23095,"1b","1b"
"2024-06-11 22:00:00",0.0767,2.81245,"1b","1b"
"2024-06-11 23:00:00",0.0448166666666667,2.08878333333333,"1b","1b"
"2024-06-12 00:00:00",0.04505,1.62228333333333,"1b","1b"
"2024-06-12 01:00:00",0.0579166666666667,1.64146666666667,"1b","1b"
"2024-06-12 02:00:00",0.121433333333333,1.64121666666667,"1b","1b"
"2024-06-12 03:00:00",0.09465,1.43843333333333,"1b","1b"
"2024-06-12 04:00:00",0.116233333333333,1.67891666666667,"1b","1b"
"2024-06-12 05:00:00",0.423216666666667,4.0664,"1b","1b"
"2024-06-12 06:00:00",0.695566666666667,5.26633333333333,"1b","1b"
"2024-06-12 07:00:00",1.53055,7.37668333333333,"1b","1b"
"2024-06-12 08:00:00",1.74083333333333,6.21686666666667,"1b","1b"
"2024-06-12 09:00:00",0.700866666666667,3.71475,"1b","1b"
"2024-06-12 10:00:00",0.4023,2.11523333333333,"1b","1b"
"2024-06-12 11:00:00",0.5932,2.40701666666667,"1b","1b"
"2024-06-12 12:00:00",0.571762711864407,2.26855338983051,"1b","1b"
"2024-06-12 13:00:00",0.484933333333333,1.93515,"1b","1b"
"2024-06-12 14:00:00",0.580866666666667,1.74723333333333,"1b","1b"
"2024-06-12 15:00:00",0.51855,2.15326666666667,"1b","1b"
"2024-06-12 16:00:00",0.425416666666667,1.81106666666667,"1b","1b"
"2024-06-12 17:00:00",0.460266666666667,2.98446666666667,"1b","1b"
"2024-06-12 18:00:00",0.3381,2.86683333333333,"1b","1b"
"2024-06-12 19:00:00",0.266983333333333,4.17908333333333,"1b","1b"
"2024-06-12 20:00:00",0.364533333333333,7.57863333333333,"1b","1b"
"2024-06-12 21:00:00",0.155633333333333,4.72073333333333,"1b","1b"
"2024-06-12 22:00:00",0.08595,2.39338333333333,"1b","1b"
"2024-06-12 23:00:00",0.07435,0.9019,"1b","1b"
"2024-06-13 00:00:00",0.0885666666666667,0.861916666666667,"1b","1b"
"2024-06-13 01:00:00",0.126366666666667,0.950133333333333,"1b","1b"
"2024-06-13 02:00:00",0.102083333333333,1.38638333333333,"1b","1b"
"2024-06-13 03:00:00",0.12595,0.913216666666667,"1b","1b"
"2024-06-13 04:00:00",0.341766666666667,3.28093333333333,"1b","1b"
"2024-06-13 05:00:00",1.15643333333333,5.74805,"1b","1b"
"2024-06-13 06:00:00",1.92628333333333,7.07903333333333,"1b","1b"
"2024-06-13 07:00:00",1.84768333333333,6.10738333333333,"1b","1b"
"2024-06-13 08:00:00",1.33251666666667,3.98868333333333,"1b","1b"
"2024-06-13 09:00:00",0.90655,2.7018,"1b","1b"
"2024-06-13 10:00:00",1.16461666666667,3.29475,"1b","1b"
"2024-06-13 11:00:00",1.06261666666667,3.29098333333333,"1b","1b"
"2024-06-13 12:00:00",1.01026666666667,2.95058333333333,"1b","1b"
"2024-06-13 13:00:00",0.751216666666667,3.03081666666667,"1b","1b"
"2024-06-13 14:00:00",1.0117,3.87071666666667,"1b","1b"
"2024-06-13 15:00:00",0.7991,3.3875,"1b","1b"
"2024-06-13 16:00:00",0.751783333333333,3.32626666666667,"1b","1b"
"2024-06-13 17:00:00",0.65015,2.96866666666667,"1b","1b"
"2024-06-13 18:00:00",0.289283333333333,1.75968333333333,"1b","1b"
"2024-06-13 19:00:00",0.202666666666667,1.36068333333333,"1b","1b"
"2024-06-13 20:00:00",0.196016666666667,1.48488333333333,"1b","1b"
"2024-06-13 21:00:00",0.17155,1.47863333333333,"1b","1b"
"2024-06-13 22:00:00",0.230833333333333,1.38718333333333,"1b","1b"
"2024-06-13 23:00:00",0.204616666666667,1.37758333333333,"1b","1b"
"2024-06-14 00:00:00",0.236583333333333,1.11683333333333,"1b","1b"
"2024-06-14 01:00:00",0.192266666666667,1.27961666666667,"1b","1b"
"2024-06-14 02:00:00",0.170916666666667,0.85835,"1b","1b"
"2024-06-14 03:00:00",0.24775,1.7832,"1b","1b"
"2024-06-14 04:00:00",0.405966666666667,2.19391666666667,"1b","1b"
"2024-06-14 05:00:00",1.53165,4.12563333333333,"1b","1b"
"2024-06-14 06:00:00",1.1771,3.35653333333333,"1b","1b"
"2024-06-14 07:00:00",1.32411666666667,3.9131,"1b","1b"
"2024-06-14 08:00:00",1.49208474576271,4.32633305084746,"1b","1b"
"2024-06-14 09:00:00",1.25981666666667,3.43463333333333,"1b","1b"
"2024-06-14 10:00:00",1.02815254237288,2.22429915254237,"1b","1b"
"2024-06-14 11:00:00",0.901983333333333,2.15425,"1b","1b"
"2024-06-14 12:00:00",0.988016666666667,3.5597,"1b","1b"
"2024-06-14 13:00:00",1.31501694915254,3.45024830508475,"1b","1b"
"2024-06-14 14:00:00",0.805483333333333,2.1307,"1b","1b"
"2024-06-14 15:00:00",0.663633333333333,2.12068333333333,"1b","1b"
"2024-06-14 16:00:00",0.628733333333333,2.1844,"1b","1b"
"2024-06-14 17:00:00",0.613883333333333,2.16813333333333,"1b","1b"
"2024-06-14 18:00:00",0.314333333333333,1.7658,"1b","1b"
"2024-06-14 19:00:00",0.1964,1.6239,"1b","1b"
"2024-06-14 20:00:00",0.11325,1.70978333333333,"1b","1b"
"2024-06-14 21:00:00",0.0764666666666667,1.79956666666667,"1b","1b"
"2024-06-14 22:00:00",0.09335,2.47963333333333,"1b","1b"
"2024-06-14 23:00:00",0.120966666666667,3.17375,"1b","1b"
"2024-06-15 00:00:00",0.129133333333333,2.95648333333333,"1b","1b"
"2024-06-15 01:00:00",0.07935,1.96995,"1b","1b"
"2024-06-15 02:00:00",0.103866666666667,1.26095,"1b","1b"
"2024-06-15 03:00:00",0.1053,0.435133333333333,"1b","1b"
"2024-06-15 04:00:00",0.1159,0.664766666666667,"1b","1b"
"2024-06-15 05:00:00",0.2809,1.06648333333333,"1b","1b"
"2024-06-15 06:00:00",0.494033333333333,1.58628333333333,"1b","1b"
"2024-06-15 07:00:00",0.546457627118644,1.93355338983051,"1b","1b"
"2024-06-15 08:00:00",0.383316666666667,1.54753333333333,"1b","1b"
"2024-06-15 09:00:00",0.854916666666667,2.36735,"1b","1b"
"2024-06-15 10:00:00",0.81095,4.82625,"1b","1b"
"2024-06-15 11:00:00",1.0302,4.09481666666667,"1b","1b"
"2024-06-15 12:00:00",0.970383333333333,2.6527,"1b","1b"
"2024-06-15 13:00:00",0.638466666666667,2.43615,"1b","1b"
"2024-06-15 14:00:00",0.690116666666667,1.95946666666667,"1b","1b"
"2024-06-15 15:00:00",0.707883333333333,1.98068333333333,"1b","1b"
"2024-06-15 16:00:00",0.40365,1.31738333333333,"1b","1b"
"2024-06-15 17:00:00",0.435166666666667,1.9991,"1b","1b"
"2024-06-15 18:00:00",0.267183333333333,1.63586666666667,"1b","1b"
"2024-06-15 19:00:00",0.126466666666667,1.41651666666667,"1b","1b"
"2024-06-15 20:00:00",0.211583333333333,2.70345,"1b","1b"
"2024-06-15 21:00:00",0.222416666666667,2.12775,"1b","1b"
"2024-06-15 22:00:00",0.2177,1.69126666666667,"1b","1b"
"2024-06-15 23:00:00",0.240633333333333,1.42195,"1b","1b"
"2024-06-16 00:00:00",0.247783333333333,1.24605,"1b","1b"
"2024-06-16 01:00:00",0.141666666666667,0.794983333333333,"1b","1b"
"2024-06-16 02:00:00",0.0775833333333333,0.74335,"1b","1b"
"2024-06-16 03:00:00",0.113833333333333,0.76275,"1b","1b"
"2024-06-16 04:00:00",0.183633333333333,1.40986666666667,"1b","1b"
"2024-06-16 05:00:00",0.376633333333333,2.42143333333333,"1b","1b"
"2024-06-16 06:00:00",0.313683333333333,1.25628333333333,"1b","1b"
"2024-06-16 07:00:00",0.588683333333333,2.4006,"1b","1b"
"2024-06-16 08:00:00",0.66225,2.33183333333333,"1b","1b"
"2024-06-16 09:00:00",0.502533333333333,1.28986666666667,"1b","1b"
"2024-06-16 10:00:00",0.354084745762712,0.729519491525424,"1b","1b"
"2024-06-16 11:00:00",0.325516666666667,0.858833333333333,"1b","1b"
"2024-06-16 12:00:00",0.39575,0.9543,"1b","1b"
"2024-06-16 13:00:00",0.3497,0.934266666666667,"1b","1b"
"2024-06-16 14:00:00",0.408166666666667,1.19718333333333,"1b","1b"
"2024-06-16 15:00:00",0.359533333333333,1.21201666666667,"1b","1b"
"2024-06-16 16:00:00",0.42055,2.3598,"1b","1b"
"2024-06-16 17:00:00",0.274116666666667,2.42863333333333,"1b","1b"
"2024-06-16 18:00:00",0.195616666666667,2.28331666666667,"1b","1b"
"2024-06-16 19:00:00",0.356916666666667,2.91933333333333,"1b","1b"
"2024-06-16 20:00:00",2.04613333333333,7.72571666666667,"1b","1b"
"2024-06-16 21:00:00",0.231033333333333,3.13428333333333,"1b","1b"
"2024-06-16 22:00:00",0.0664833333333333,2.18106666666667,"1b","1b"
"2024-06-16 23:00:00",0.03635,1.57531666666667,"1b","1b"
"2024-06-17 00:00:00",0.1006,1.61946666666667,"1b","1b"
"2024-06-17 01:00:00",0.10255,1.03033333333333,"1b","1b"
"2024-06-17 02:00:00",0.04405,0.2887,"1b","1b"
"2024-06-17 03:00:00",0.0602166666666667,0.743666666666667,"1b","1b"
"2024-06-17 04:00:00",0.10305,0.51005,"1b","1b"
"2024-06-17 05:00:00",0.990516666666667,3.81835,"1b","1b"
"2024-06-17 06:00:00",1.18906666666667,4.05136666666667,"1b","1b"
"2024-06-17 07:00:00",0.999366666666667,3.01605,"1b","1b"
"2024-06-17 08:00:00",1.01286666666667,2.9688,"1b","1b"
"2024-06-17 09:00:00",0.71155,1.8872,"1b","1b"
"2024-06-17 10:00:00",0.545366666666667,1.5871,"1b","1b"
"2024-06-17 11:00:00",0.452666666666667,1.6226,"1b","1b"
"2024-06-17 12:00:00",0.548483333333333,2.33493333333333,"1b","1b"
"2024-06-17 13:00:00",0.682983333333333,3.90256666666667,"1b","1b"
"2024-06-17 14:00:00",0.459666666666667,2.3626,"1b","1b"
"2024-06-17 15:00:00",0.438883333333333,2.02045,"1b","1b"
"2024-06-17 16:00:00",0.285533333333333,1.62936666666667,"1b","1b"
"2024-06-17 17:00:00",0.318383333333333,1.95311666666667,"1b","1b"
"2024-06-17 18:00:00",0.339559322033898,2.97563813559322,"1b","1b"
"2024-06-17 19:00:00",0.222616666666667,2.84325,"1b","1b"
"2024-06-17 20:00:00",0.127716666666667,3.56635,"1b","1b"
"2024-06-17 21:00:00",0.0553,2.75591666666667,"1b","1b"
"2024-06-17 22:00:00",0.0786833333333333,3.52145,"1b","1b"
"2024-06-17 23:00:00",0.07975,3.31583333333333,"1b","1b"
"2024-06-18 00:00:00",0.14805,2.67015,"1b","1b"
"2024-06-18 01:00:00",0.108383333333333,2.75336666666667,"1b","1b"
"2024-06-18 02:00:00",0.0894333333333333,1.71851666666667,"1b","1b"
"2024-06-18 03:00:00",0.117683333333333,1.71493333333333,"1b","1b"
"2024-06-18 04:00:00",0.22615,2.71891666666667,"1b","1b"
"2024-06-18 05:00:00",0.6977,5.4583,"1b","1b"
"2024-06-18 06:00:00",1.2082,6.45611666666667,"1b","1b"
"2024-06-18 07:00:00",0.899433333333333,3.88075,"1b","1b"
"2024-06-18 08:00:00",0.891533333333333,3.17803333333333,"1b","1b"
"2024-06-18 09:00:00",0.841366666666667,3.08983333333333,"4b","4b"
"2024-06-18 10:00:00",3.77908333333333,9.84846666666667,"4b","4b"
"2024-06-18 11:00:00",2.5744,8.4903,"4b","4b"
"2024-06-18 12:00:00",7.58115,18.52975,"4b","4b"
"2024-06-18 13:00:00",1.30426666666667,5.26963333333333,"4b","4b"
"2024-06-18 14:00:00",0.616316666666667,3.57693333333333,"4b","4b"
"2024-06-18 15:00:00",0.686083333333333,3.9296,"4b","4b"
"2024-06-18 16:00:00",0.656283333333333,3.93156666666667,"4b","4b"
"2024-06-18 17:00:00",0.55135,3.82485,"1b","1b"
"2024-06-18 18:00:00",0.4324,3.32071666666667,"1b","1b"
"2024-06-18 19:00:00",0.207135593220339,2.85426525423729,"1b","1b"
"2024-06-18 20:00:00",0.116466666666667,3.70115,"1b","1b"
"2024-06-18 21:00:00",0.101627118644068,4.34765508474576,"1b","1b"
"2024-06-18 22:00:00",0.102383333333333,3.82781666666667,"1b","1b"
"2024-06-18 23:00:00",0.13315,3.22845,"1b","1b"
"2024-06-19 00:00:00",0.109216666666667,2.8725,"1b","1b"
"2024-06-19 01:00:00",0.126233333333333,4.06035,"1b","1b"
"2024-06-19 02:00:00",0.134566666666667,3.22925,"1b","1b"
"2024-06-19 03:00:00",0.1149,4.23458333333333,"1b","1b"
"2024-06-19 04:00:00",0.165616666666667,3.66383333333333,"1b","1b"
"2024-06-19 05:00:00",0.153583333333333,2.23491666666667,"1b","1b"
"2024-06-19 06:00:00",0.380316666666667,3.17933333333333,"1b","1b"
"2024-06-19 07:00:00",0.5755,3.11163333333333,"1b","1b"
"2024-06-19 08:00:00",0.784616666666667,2.90218333333333,"4b","4b"
"2024-06-19 09:00:00",2.64701666666667,6.70715,"4b","4b"
"2024-06-19 10:00:00",6.3983,14.1197166666667,"4b","4b"
"2024-06-19 11:00:00",4.18986666666667,9.7803,"4b","4b"
"2024-06-19 12:00:00",0.714733333333333,2.7571,"4b","4b"
"2024-06-19 13:00:00",0.618383333333333,3.11793333333333,"1b","1b"
"2024-06-19 14:00:00",0.318533333333333,1.93406666666667,"1b","1b"
"2024-06-19 15:00:00",0.410683333333333,2.32991666666667,"1b","1b"
"2024-06-19 16:00:00",0.420383333333333,3.19191666666667,"1b","1b"
"2024-06-19 17:00:00",0.29935,3.3296,"1b","1b"
"2024-06-19 18:00:00",0.258983333333333,3.02648333333333,"1b","1b"
"2024-06-19 19:00:00",0.270083333333333,3.3239,"1b","1b"
"2024-06-19 20:00:00",0.212033333333333,4.75126666666667,"1b","1b"
"2024-06-19 21:00:00",0.475166666666667,11.5481333333333,"1b","1b"
"2024-06-19 22:00:00",0.292169491525424,8.24355338983051,"1b","1b"
"2024-06-19 23:00:00",0.282593220338983,6.32548559322034,"1b","1b"
"2024-06-20 00:00:00",0.135683333333333,2.5001,"1b","1b"
"2024-06-20 01:00:00",0.191466666666667,2.1732,"1b","1b"
"2024-06-20 02:00:00",0.214566666666667,1.90998333333333,"1b","1b"
"2024-06-20 03:00:00",0.182416666666667,2.43796666666667,"1b","1b"
"2024-06-20 04:00:00",0.32735,3.57618333333333,"1b","1b"
"2024-06-20 05:00:00",0.854533333333333,6.23313333333333,"1b","1b"
"2024-06-20 06:00:00",1.46191666666667,8.63493333333333,"1b","1b"
"2024-06-20 07:00:00",1.81745,8.85965,"1b","1b"
"2024-06-20 08:00:00",1.5555,5.8531,"1b","1b"
"2024-06-20 09:00:00",0.73655,2.63106666666667,"1b","1b"
"2024-06-20 10:00:00",0.4175,1.76525,"1b","1b"
"2024-06-20 11:00:00",0.26625,1.57431666666667,"1b","1b"
"2024-06-20 12:00:00",0.300766666666667,2.35216666666667,"1b","1b"
"2024-06-20 13:00:00",0.34145,2.44783333333333,"1b","1b"
"2024-06-20 14:00:00",0.250983050847458,2.12696016949153,"1b","1b"
"2024-06-20 15:00:00",0.27665,2.59906666666667,"1b","1b"
"2024-06-20 16:00:00",0.348966666666667,3.38268333333333,"1b","1b"
"2024-06-20 17:00:00",0.295983333333333,2.76973333333333,"1b","1b"
"2024-06-20 18:00:00",0.152783333333333,2.35303333333333,"1b","1b"
"2024-06-20 19:00:00",0.130783333333333,2.64675,"1b","1b"
"2024-06-20 20:00:00",0.60325,12.41875,"1b","1b"
"2024-06-20 21:00:00",0.627216666666667,11.9382,"1b","1b"
"2024-06-20 22:00:00",0.2556,8.32705,"1b","1b"
"2024-06-20 23:00:00",0.2857,6.41665,"1b","1b"
"2024-06-21 00:00:00",0.201966666666667,4.09585,"1b","1b"
"2024-06-21 01:00:00",0.157716666666667,3.03103333333333,"1b","1b"
"2024-06-21 02:00:00",0.185866666666667,2.2432,"1b","1b"
"2024-06-21 03:00:00",0.262116666666667,2.91828333333333,"1b","1b"
"2024-06-21 04:00:00",0.2947,4.73035,"1b","1b"
"2024-06-21 05:00:00",0.92155,6.29066666666667,"1b","1b"
"2024-06-21 06:00:00",0.785305084745763,4.31918050847458,"1b","1b"
"2024-06-21 07:00:00",0.835883333333333,4.09711666666667,"1b","1b"
"2024-06-21 08:00:00",0.740933333333333,3.50758333333333,"1b","1b"
"2024-06-21 09:00:00",0.695254237288136,3.2137906779661,"1b","1b"
"2024-06-21 10:00:00",0.564833333333333,2.7847,"1b","1b"
"2024-06-21 11:00:00",0.501733333333333,2.41445,"1b","1b"
"2024-06-21 12:00:00",0.4977,2.15276666666667,"1b","1b"
"2024-06-21 13:00:00",0.604559322033898,2.7847906779661,"1b","1b"
"2024-06-21 14:00:00",0.515016949152542,2.2502313559322,"1b","1b"
"2024-06-21 15:00:00",0.4709,2.02286666666667,"1b","1b"
"2024-06-21 16:00:00",0.4494,2.1036,"1b","1b"
"2024-06-21 17:00:00",0.33815,1.87805,"1b","1b"
"2024-06-21 18:00:00",0.164883333333333,2.40003333333333,"1b","1b"
"2024-06-21 19:00:00",0.174516666666667,2.90118333333333,"1b","1b"
"2024-06-21 20:00:00",0.119233333333333,2.8314,"1b","1b"
"2024-06-21 21:00:00",0.0353666666666667,2.45615,"1b","1b"
"2024-06-21 22:00:00",0.054593220338983,1.52294322033898,"1b","1b"
"2024-06-21 23:00:00",0.0804333333333333,1.24561666666667,"1b","1b"
"2024-06-22 00:00:00",0.161483333333333,1.2906,"1b","1b"
"2024-06-22 01:00:00",0.1373,1.10396666666667,"1b","1b"
"2024-06-22 02:00:00",0.170383333333333,1.72515,"1b","1b"
"2024-06-22 03:00:00",0.111116666666667,0.964966666666667,"1b","1b"
"2024-06-22 04:00:00",0.126666666666667,0.972966666666667,"1b","1b"
"2024-06-22 05:00:00",0.450169491525424,2.26528220338983,"1b","1b"
"2024-06-22 06:00:00",0.245183333333333,1.39495,"1b","1b"
"2024-06-22 07:00:00",0.49375,1.72566666666667,"1b","1b"
"2024-06-22 08:00:00",0.335816666666667,0.924033333333333,"1b","1b"
"2024-06-22 09:00:00",0.4974,1.40531666666667,"1b","1b"
"2024-06-22 10:00:00",0.40275,1.1601,"1b","1b"
"2024-06-22 11:00:00",0.3735,0.926166666666667,"1b","1b"
"2024-06-22 12:00:00",0.276966666666667,0.626483333333333,"1b","1b"
"2024-06-22 13:00:00",0.323983050847458,0.825078813559322,"1b","1b"
"2024-06-22 14:00:00",0.38305,1.15383333333333,"1b","1b"
"2024-06-22 15:00:00",0.383216666666667,1.06673333333333,"1b","1b"
"2024-06-22 16:00:00",0.450333333333333,1.6778,"1b","1b"
"2024-06-22 17:00:00",0.3442,1.32573333333333,"1b","1b"
"2024-06-22 18:00:00",0.265766666666667,1.66016666666667,"1b","1b"
"2024-06-22 19:00:00",0.2385,2.82465,"1b","1b"
"2024-06-22 20:00:00",0.263883333333333,5.16426666666667,"1b","1b"
"2024-06-22 21:00:00",0.195016666666667,4.64255,"1b","1b"
"2024-06-22 22:00:00",0.156338983050847,2.46792627118644,"1b","1b"
"2024-06-22 23:00:00",0.0810166666666667,2.41981666666667,"1b","1b"
"2024-06-23 00:00:00",0.0675333333333333,0.878416666666667,"1b","1b"
"2024-06-23 01:00:00",0.108783333333333,0.643466666666667,"1b","1b"
"2024-06-23 02:00:00",0.0996610169491525,0.425129661016949,"1b","1b"
"2024-06-23 03:00:00",0.0929,0.288383333333333,"1b","1b"
"2024-06-23 04:00:00",0.108583333333333,0.340316666666667,"1b","1b"
"2024-06-23 05:00:00",0.123666666666667,0.457116666666667,"1b","1b"
"2024-06-23 06:00:00",0.1688,0.365266666666667,"1b","1b"
"2024-06-23 07:00:00",0.243166666666667,0.4503,"1b","1b"
"2024-06-23 08:00:00",0.333416666666667,0.7104,"1b","1b"
"2024-06-23 09:00:00",0.35445,0.757983333333333,"1b","1b"
"2024-06-23 10:00:00",0.295,0.539533333333333,"1b","1b"
"2024-06-23 11:00:00",0.2781,0.523683333333333,"1b","1b"
"2024-06-23 12:00:00",0.345016666666667,0.7986,"1b","1b"
"2024-06-23 13:00:00",0.4075,1.1373,"1b","1b"
"2024-06-23 14:00:00",0.253133333333333,0.893233333333333,"1b","1b"
"2024-06-23 15:00:00",0.260933333333333,0.848,"1b","1b"
"2024-06-23 16:00:00",0.245116666666667,0.917516666666667,"1b","1b"
"2024-06-23 17:00:00",0.22525,0.824416666666667,"1b","1b"
"2024-06-23 18:00:00",0.306166666666667,1.92868333333333,"1b","1b"
"2024-06-23 19:00:00",0.17955,2.35728333333333,"1b","1b"
"2024-06-23 20:00:00",0.108416666666667,3.64741666666667,"1b","1b"
"2024-06-23 21:00:00",0.358066666666667,5.23593333333333,"1b","1b"
"2024-06-23 22:00:00",0.1704,2.96248333333333,"1b","1b"
"2024-06-23 23:00:00",0.306616666666667,3.87156666666667,"1b","1b"
"2024-06-24 00:00:00",0.323716666666667,4.01923333333333,"1b","1b"
"2024-06-24 01:00:00",0.317866666666667,3.81085,"1b","1b"
"2024-06-24 02:00:00",0.249966666666667,3.98241666666667,"1b","1b"
"2024-06-24 03:00:00",0.396216666666667,3.81518333333333,"1b","1b"
"2024-06-24 04:00:00",0.528283333333333,4.47696666666667,"1b","1b"
"2024-06-24 05:00:00",1.09278333333333,6.1491,"1b","1b"
"2024-06-24 06:00:00",1.93713333333333,10.1495166666667,"1b","1b"
"2024-06-24 07:00:00",1.667,8.43213333333333,"1b","1b"
"2024-06-24 08:00:00",1.34953333333333,8.09731666666667,"1b","1b"
"2024-06-24 09:00:00",1.44625,7.11996666666667,"1b","1b"
"2024-06-24 10:00:00",0.918783333333333,4.26538333333333,"1b","1b"
"2024-06-24 11:00:00",0.804933333333333,3.22755,"1b","1b"
"2024-06-24 12:00:00",0.589716666666667,2.25936666666667,"1b","1b"
"2024-06-24 13:00:00",0.6309,2.21596666666667,"1b","1b"
"2024-06-24 14:00:00",0.583,2.11948333333333,"1b","1b"
"2024-06-24 15:00:00",0.487583333333333,1.9396,"1b","1b"
"2024-06-24 16:00:00",0.5131,2.48056666666667,"1b","1b"
"2024-06-24 17:00:00",0.387416666666667,2.28705,"1b","1b"
"2024-06-24 18:00:00",0.425616666666667,3.49538333333333,"1b","1b"
"2024-06-24 19:00:00",0.445066666666667,4.46483333333333,"1b","1b"
"2024-06-24 20:00:00",0.350083333333333,4.45468333333333,"1b","1b"
"2024-06-24 21:00:00",0.432816666666667,6.67468333333333,"1b","1b"
"2024-06-24 22:00:00",0.467516666666667,7.42831666666667,"1b","1b"
"2024-06-24 23:00:00",0.286183333333333,6.21593333333333,"1b","1b"
"2024-06-25 00:00:00",0.247566666666667,4.23693333333333,"1b","1b"
"2024-06-25 01:00:00",0.270716666666667,2.31753333333333,"1b","1b"
"2024-06-25 02:00:00",0.383783333333333,2.85338333333333,"1b","1b"
"2024-06-25 03:00:00",0.4018,2.78068333333333,"1b","1b"
"2024-06-25 04:00:00",0.414033333333333,3.18841666666667,"1b","1b"
"2024-06-25 05:00:00",1.09335,6.04736666666667,"1b","1b"
"2024-06-25 06:00:00",3.70784745762712,12.9999093220339,"1b","1b"
"2024-06-25 07:00:00",2.06763333333333,8.6503,"1b","1b"
"2024-06-25 08:00:00",2.22664406779661,9.48238389830508,"1b","1b"
"2024-06-25 09:00:00",2.6701,11.1201833333333,"1b","1b"
"2024-06-25 10:00:00",2.1247,9.2589,"1b","1b"
"2024-06-25 11:00:00",1.05398333333333,7.0411,"1b","1b"
"2024-06-25 12:00:00",0.65515,6.07833333333333,"1b","1b"
"2024-06-25 13:00:00",0.277566666666667,3.83915,"1b","1b"
"2024-06-25 14:00:00",0.224316666666667,3.39388333333333,"1b","1b"
"2024-06-25 15:00:00",0.18835,3.23983333333333,"1b","1b"
"2024-06-25 16:00:00",0.190216666666667,2.98863333333333,"1b","1b"
"2024-06-25 17:00:00",0.136033333333333,2.5673,"1b","1b"
"2024-06-25 18:00:00",0.12495,2.53293333333333,"1b","1b"
"2024-06-25 19:00:00",0.125433333333333,2.58163333333333,"1b","1b"
"2024-06-25 20:00:00",0.06425,2.46383333333333,"1b","1b"
"2024-06-25 21:00:00",0.0858983050847458,5.55955338983051,"1b","1b"
"2024-06-25 22:00:00",0.101916666666667,4.51365,"1b","1b"
"2024-06-25 23:00:00",0.1346,5.96606666666667,"1b","1b"
"2024-06-26 00:00:00",0.173237288135593,7.00282457627119,"1b","1b"
"2024-06-26 01:00:00",0.189728813559322,5.15741779661017,"1b","1b"
"2024-06-26 02:00:00",0.147116666666667,2.96738333333333,"1b","1b"
"2024-06-26 03:00:00",0.127083333333333,4.10778333333333,"1b","1b"
"2024-06-26 04:00:00",0.252283333333333,6.10396666666667,"1b","1b"
"2024-06-26 05:00:00",0.474166666666667,7.02505,"1b","1b"
"2024-06-26 06:00:00",1.41265,9.03023333333333,"1b","1b"
"2024-06-26 07:00:00",2.0141186440678,10.2956550847458,"1b","1b"
"2024-06-26 08:00:00",1.5016,8.7374,"1b","1b"
"2024-06-26 09:00:00",0.685866666666667,5.3477,"1b","1b"
"2024-06-26 10:00:00",0.296733333333333,3.02143333333333,"1b","1b"
"2024-06-26 11:00:00",0.262283333333333,2.91831666666667,"1b","1b"
"2024-06-26 12:00:00",0.300116666666667,2.59918333333333,"1b","1b"
"2024-06-26 13:00:00",0.240483333333333,2.5162,"1b","1b"
"2024-06-26 14:00:00",0.2896,2.69096666666667,"1b","1b"
"2024-06-26 15:00:00",0.297016666666667,3.1936,"1b","1b"
"2024-06-26 16:00:00",0.2305,2.92445,"1b","1b"
"2024-06-26 17:00:00",0.216016666666667,3.4324,"1b","1b"
"2024-06-26 18:00:00",0.11165,2.83291666666667,"1b","1b"
"2024-06-26 19:00:00",0.0801694915254237,3.20850254237288,"1b","1b"
"2024-06-26 20:00:00",0.100881355932203,4.34729915254237,"1b","1b"
"2024-06-26 21:00:00",0.0728666666666667,4.4025,"1b","1b"
"2024-06-26 22:00:00",0.31555,5.7656,"1b","1b"
"2024-06-26 23:00:00",0.0849166666666667,2.24391666666667,"1b","1b"
"2024-06-27 00:00:00",0.0977166666666667,1.82133333333333,"1b","1b"
"2024-06-27 01:00:00",0.0568,1.39193333333333,"1b","1b"
"2024-06-27 02:00:00",0.04515,0.956766666666667,"1b","1b"
"2024-06-27 03:00:00",0.0730666666666667,1.34075,"1b","1b"
"2024-06-27 04:00:00",0.101633333333333,0.6992,"1b","1b"
"2024-06-27 05:00:00",0.686566666666667,2.69006666666667,"1b","1b"
"2024-06-27 06:00:00",1.74476666666667,5.35235,"1b","1b"
"2024-06-27 07:00:00",0.971633333333333,3.4817,"1b","1b"
"2024-06-27 08:00:00",0.8298,2.4438,"1b","1b"
"2024-06-27 09:00:00",0.8998,2.44616666666667,"1b","1b"
"2024-06-27 10:00:00",0.55105,1.43333333333333,"1b","1b"
"2024-06-27 11:00:00",NA,NA,"0b","0b"
"2024-06-27 12:00:00",NA,NA,"0b","0b"
"2024-06-27 13:00:00",NA,NA,"0b","0b"
"2024-06-27 14:00:00",NA,NA,"0b","0b"
"2024-06-27 15:00:00",NA,NA,"0b","0b"
"2024-06-27 16:00:00",NA,NA,"0b","0b"
"2024-06-27 17:00:00",NA,NA,"0b","0b"
"2024-06-27 18:00:00",NA,NA,"0b","0b"
"2024-06-27 19:00:00",NA,NA,"0b","0b"
"2024-06-27 20:00:00",NA,NA,"0b","0b"
"2024-06-27 21:00:00",NA,NA,"0b","0b"
"2024-06-27 22:00:00",NA,NA,"0b","0b"
"2024-06-27 23:00:00",NA,NA,"0b","0b"
"2024-06-28 00:00:00",NA,NA,"0b","0b"
"2024-06-28 01:00:00",NA,NA,"0b","0b"
"2024-06-28 02:00:00",NA,NA,"0b","0b"
"2024-06-28 03:00:00",NA,NA,"0b","0b"
"2024-06-28 04:00:00",NA,NA,"0b","0b"
"2024-06-28 05:00:00",NA,NA,"0b","0b"
"2024-06-28 06:00:00",NA,NA,"0b","0b"
"2024-06-28 07:00:00",NA,NA,"0b","0b"
"2024-06-28 08:00:00",NA,NA,"0b","0b"
"2024-06-28 09:00:00",NA,NA,"0b","0b"
"2024-06-28 10:00:00",NA,NA,"0b","0b"
"2024-06-28 11:00:00",7.8648,8.86188333333333,"3b","3b"
"2024-06-28 12:00:00",0.442866666666667,1.9559,"3b","3b"
"2024-06-28 13:00:00",0.0627,0.766516666666667,"3b","3b"
"2024-06-28 14:00:00",0.579016666666667,2.16453333333333,"1b","1b"
"2024-06-28 15:00:00",0.871333333333333,2.83095,"1b","1b"
"2024-06-28 16:00:00",0.421533333333333,1.6497,"1b","1b"
"2024-06-28 17:00:00",0.188966666666667,1.49743333333333,"1b","1b"
"2024-06-28 18:00:00",0.245066666666667,2.33416666666667,"1b","1b"
"2024-06-28 19:00:00",0.0804666666666667,1.72086666666667,"1b","1b"
"2024-06-28 20:00:00",0.0137166666666667,2.79495,"1b","1b"
"2024-06-28 21:00:00",0.0515833333333333,3.16853333333333,"1b","1b"
"2024-06-28 22:00:00",0.0819833333333333,4.9,"1b","1b"
"2024-06-28 23:00:00",0.0822166666666667,3.97533333333333,"1b","1b"
"2024-06-29 00:00:00",0.1031,2.43875,"1b","1b"
"2024-06-29 01:00:00",0.1737,2.96041666666667,"1b","1b"
"2024-06-29 02:00:00",0.10065,2.57435,"1b","1b"
"2024-06-29 03:00:00",0.142666666666667,2.04716666666667,"1b","1b"
"2024-06-29 04:00:00",0.328033333333333,2.52153333333333,"1b","1b"
"2024-06-29 05:00:00",0.43195,3.48803333333333,"1b","1b"
"2024-06-29 06:00:00",0.388016666666667,2.61998333333333,"1b","1b"
"2024-06-29 07:00:00",0.435833333333333,1.96198333333333,"1b","1b"
"2024-06-29 08:00:00",0.463516666666667,1.39203333333333,"1b","1b"
"2024-06-29 09:00:00",0.527716666666667,1.65716666666667,"1b","1b"
"2024-06-29 10:00:00",0.38705,0.998083333333333,"1b","1b"
"2024-06-29 11:00:00",0.339833333333333,0.66665,"1b","1b"
"2024-06-29 12:00:00",0.362116666666667,0.8839,"1b","1b"
"2024-06-29 13:00:00",0.36005,0.890366666666667,"1b","1b"
"2024-06-29 14:00:00",0.304766666666667,0.773433333333333,"1b","1b"
"2024-06-29 15:00:00",0.321783333333333,0.9933,"1b","1b"
"2024-06-29 16:00:00",0.358666666666667,1.62383333333333,"1b","1b"
"2024-06-29 17:00:00",0.326933333333333,2.07535,"1b","1b"
"2024-06-29 18:00:00",0.149883333333333,1.58011666666667,"1b","1b"
"2024-06-29 19:00:00",0.126716666666667,2.55841666666667,"1b","1b"
"2024-06-29 20:00:00",0.112733333333333,3.5234,"1b","1b"
"2024-06-29 21:00:00",0.0875666666666667,2.2751,"1b","1b"
"2024-06-29 22:00:00",0.0767166666666667,2.6911,"1b","1b"
"2024-06-29 23:00:00",0.0673833333333333,2.8233,"1b","1b"
"2024-06-30 00:00:00",0.07135,1.20918333333333,"1b","1b"
"2024-06-30 01:00:00",-0.00201666666666667,0.6793,"1b","1b"
"2024-06-30 02:00:00",0.03425,0.644416666666667,"1b","1b"
"2024-06-30 03:00:00",0.0335833333333333,0.7665,"1b","1b"
"2024-06-30 04:00:00",0.09665,1.05998333333333,"1b","1b"
"2024-06-30 05:00:00",0.161233333333333,0.811483333333333,"1b","1b"
"2024-06-30 06:00:00",0.314166666666667,0.897416666666667,"1b","1b"
"2024-06-30 07:00:00",0.276383333333333,0.477266666666667,"1b","1b"
"2024-06-30 08:00:00",0.238733333333333,0.641866666666667,"1b","1b"
"2024-06-30 09:00:00",0.28485,1.16585,"1b","1b"
"2024-06-30 10:00:00",0.393183333333333,1.4381,"1b","1b"
"2024-06-30 11:00:00",0.3315,1.27641666666667,"1b","1b"
"2024-06-30 12:00:00",0.42795,1.48106666666667,"1b","1b"
"2024-06-30 13:00:00",0.6441,2.31081666666667,"1b","1b"
"2024-06-30 14:00:00",0.446833333333333,1.73635,"1b","1b"
"2024-06-30 15:00:00",0.48645,1.75118333333333,"1b","1b"
"2024-06-30 16:00:00",0.384816666666667,1.76951666666667,"1b","1b"
"2024-06-30 17:00:00",0.616683333333333,2.46078333333333,"1b","1b"
"2024-06-30 18:00:00",0.24825,1.74788333333333,"1b","1b"
"2024-06-30 19:00:00",0.1442,1.86325,"1b","1b"
"2024-06-30 20:00:00",0.190916666666667,2.16223333333333,"1b","1b"
"2024-06-30 21:00:00",0.103666666666667,1.48095,"1b","1b"
"2024-06-30 22:00:00",0.14685,2.1941,"1b","1b"
"2024-06-30 23:00:00",0.150633333333333,1.57448333333333,"1b","1b"
