"datetime","u","v","w","speed","direction"
2022-11-01,1.95659821171041,-0.393805595615806,-0.163004326507067,2.10414133256418,189.275476204211
2022-11-01 01:00:00,2.82024718777041,-0.777665993654456,-0.295825209114508,3.08073492933372,194.764973752524
2022-11-01 02:00:00,2.46887172095705,-1.31972355145575,-0.290291726722398,3.00733208417411,210.220986451427
2022-11-01 03:00:00,1.58325828769098,-1.70472960507351,-0.188550302680888,2.61394695877775,226.936997405592
2022-11-01 04:00:00,1.78288047235023,-2.04675489631336,-0.144290034562212,3.10775374423963,230.78827764977
2022-11-01 05:00:00,1.83045850144092,-1.42062190201729,-0.207547262247839,2.61718703170029,220.434839481268
2022-11-01 06:00:00,2.14028666090464,-0.589628925381734,-0.173628925381734,2.36556266205704,192.676157591472
2022-11-01 07:00:00,3.25787164695702,-1.24144274588982,-0.39530256706086,3.68853100663398,199.646052494952
2022-11-01 08:00:00,4.0835410781205,-1.66830095128279,-0.49115883539925,4.60841481695013,202.698064283655
2022-11-01 09:00:00,3.17769310643207,-1.73623420824921,-0.433954715892703,3.87733198730891,211.738594750505
2022-11-01 10:00:00,2.15078783511098,-1.53766791582589,-0.22317930239262,2.93221994811185,217.792895647161
2022-11-01 11:00:00,2.26180023061401,-0.819011818968002,-0.251290861919862,2.57617267223984,199.54158979533
2022-11-01 12:00:00,2.2461130008648,-0.387910925338714,-0.264571346209282,2.40410233496685,187.908148457769
2022-11-01 13:00:00,3.0601317382531,-0.735980974344191,-0.357626693571634,3.32625194580571,192.759744018449
2022-11-01 14:00:00,2.49254671280277,-0.952053921568627,-0.210197520184544,2.87799625144175,202.806344290657
2022-11-01 15:00:00,3.03434246180455,-1.5007010665898,-0.292136062265783,3.60590198904583,207.847660709138
2022-11-01 16:00:00,3.92479907754396,-1.85009224560392,-0.496452868261747,4.5440187373883,205.750484865956
2022-11-01 17:00:00,2.57040023068051,-0.766527393310265,-0.258533160322953,2.87084602076125,195.385357554787
2022-11-01 18:00:00,3.14264370135486,-1.15975699048717,-0.342074373018161,3.56702565580859,197.430808302104
2022-11-01 19:00:00,2.77422404844291,-0.95597491349481,-0.298491061130334,3.11003979238754,198.041024221453
2022-11-01 20:00:00,3.12041926182238,-1.06591032295271,-0.347086793540946,3.49789994232987,198.045480103806
2022-11-01 21:00:00,2.87077249134948,-1.23346078431373,-0.286631199538639,3.33885755478662,203.979156862745
2022-11-01 22:00:00,2.07954786620531,-1.36984515570934,-0.203731833910035,2.70629671280277,215.558785467128
2022-11-01 23:00:00,1.5289671375036,-1.57668059959643,-0.140315941193427,2.44347794753531,228.874223119054
2022-11-02,0.766277313346786,-1.17604352839435,0.0656243874315365,1.69309801095417,237.938782069761
2022-11-02 01:00:00,1.40864811075858,-1.52779751946928,-0.136158061724834,2.29246466685896,229.624770983559
2022-11-02 02:00:00,1.42661613832853,-1.28091642651297,-0.0774348703170029,2.09598386167147,223.992804899135
2022-11-02 03:00:00,1.24014639769452,-1.14439942363112,-0.0328608069164265,1.86346945244957,224.770205475504
2022-11-02 04:00:00,1.7267469740634,-0.98746916426513,-0.125144668587896,2.15902968299712,212.62567204611
2022-11-02 05:00:00,2.10554178674352,-1.11169884726225,-0.15858818443804,2.53253314121037,210.859913544669
2022-11-02 06:00:00,2.71428114186851,-0.689049307958478,-0.29896770472895,2.92800346020761,193.685468569781
2022-11-02 07:00:00,2.5752409221902,-0.619354755043228,-0.296978962536023,2.78544985590778,192.449882708934
2022-11-02 08:00:00,3.20505595615806,-0.681699740409576,-0.375444476492645,3.44749783674647,190.061130948947
2022-11-02 09:00:00,3.62407670126874,-0.732711937716263,-0.399563148788927,3.88007612456747,189.901923587082
2022-11-02 10:00:00,3.63445357554787,-0.883797577854671,-0.383996828143022,3.98525807381776,191.145757497117
2022-11-02 11:00:00,4.63025295303947,-1.0708251224431,-0.519919331604725,5.01795332757131,189.512566983578
2022-11-02 12:00:00,5.31986714697406,-1.35399077809798,-0.554528818443804,5.74486887608069,192.681516426513
2022-11-02 13:00:00,5.20028390440541,-1.20299481716096,-0.557488338612151,5.60558335732796,190.840988770515
2022-11-02 14:00:00,5.47508044982699,-1.07033881199539,-0.586467416378316,5.84109256055363,189.261470299885
2022-11-02 15:00:00,5.60320357554787,-1.47576124567474,-0.617235005767013,6.05204440599769,194.130927912341
2022-11-02 16:00:00,4.25807774258566,-0.690265188597754,-0.345109703426432,4.52400403109703,186.988602073136
2022-11-02 17:00:00,4.82008923431203,-1.1180118019574,-0.488358664363846,5.21554231433506,190.711163212435
2022-11-02 18:00:00,4.37786413356362,-0.983006620610248,-0.371345423143351,4.7474985607369,189.576094415659
2022-11-02 19:00:00,4.35414696577509,-1.48558412424504,-0.190104112740869,4.96582973828013,196.915955708944
2022-11-02 20:00:00,4.7245517738679,-2.24378396308047,-0.527489472166138,5.47116065762907,206.281618978944
2022-11-02 21:00:00,4.30376557093426,-2.06314331026528,-0.557118223760092,4.9883607266436,206.475705882353
2022-11-02 22:00:00,1.73959210147016,-1.84347967714039,-0.210674257711156,2.85883338137792,229.435696742577
2022-11-02 23:00:00,1.84229345632747,-1.93599567598732,-0.25206658979533,2.95739002594408,227.928373306428
2022-11-03,1.68054783861671,-1.49438530259366,-0.158428530259366,2.46872363112392,223.239436311239
2022-11-03 01:00:00,1.62651657538195,-0.715345344479677,-0.139013260305564,1.91370712020755,205.745087345056
2022-11-03 02:00:00,1.56981862745098,-0.338183679354095,-0.183574971164937,1.73402537485582,188.326378892734
2022-11-03 03:00:00,0.964846397694525,-0.130181844380403,-0.0965377521613833,1.13989020172911,178.850403170029
2022-11-03 04:00:00,1.75629086191986,-0.556998558662439,-0.219146728163736,1.94202450273854,198.460569904872
2022-11-03 05:00:00,1.52705043227666,-0.500581268011527,-0.164677233429395,1.7436734870317,197.035485302594
2022-11-03 06:00:00,1.10049250720461,-0.349032564841499,-0.0621469740634006,1.33348904899135,196.825832564842
2022-11-03 07:00:00,0.834821562409916,-0.549859613721534,-0.0211775727875468,1.15280916690689,217.259797924474
2022-11-03 08:00:00,1.51472622478386,-0.591776080691643,-0.167857925072046,1.74489971181556,199.218610951009
2022-11-03 09:00:00,1.57151138000576,-0.673431575914722,-0.201327283203688,1.83701296456353,203.394995678479
2022-11-03 10:00:00,1.22979423631124,-0.642916426512968,-0.208936311239193,1.58477694524496,211.337348126801
2022-11-03 11:00:00,2.03183371757925,-1.06908472622478,-0.335519308357349,2.47534207492795,208.648626224784
2022-11-03 12:00:00,1.68453664166186,-0.984570109636469,-0.190208886324293,2.18780121177149,214.146090305828
2022-11-03 13:00:00,1.69405648414986,-0.975941498559078,-0.231382132564841,2.16150374639769,210.841360806916
2022-11-03 14:00:00,1.79679446526376,-0.600984145286826,-0.205531853560104,2.07661429806861,201.156330354569
2022-11-03 15:00:00,1.14098732353789,-0.403793143186402,-0.058301354076635,1.36760472486315,197.696694324402
2022-11-03 16:00:00,0.9921,-0.210165129682997,-0.0426801152737752,1.11937925072046,182.61672795389
2022-11-03 17:00:00,0.265437049841544,-0.0700092192451743,-0.00399250936329588,0.688702103140305,141.378289541919
2022-11-03 18:00:00,0.372932257134621,-0.0407244162582877,0.009998846929951,0.848725857595849,163.341719515711
2022-11-03 19:00:00,0.249998847262248,0.0176311239193084,0.0425242074927954,0.409011239193084,161.506485014409
2022-11-03 20:00:00,-0.718853314121037,0.351730259365994,0.0112610951008646,0.853911527377522,56.6699152737752
2022-11-03 21:00:00,-0.525323529411765,0.209138985005767,0.00391349480968858,0.635664359861592,108.77557727797
2022-11-03 22:00:00,-0.738672816373595,0.226867685211877,0.00140674545978668,0.845031132891323,122.248409916402
2022-11-03 23:00:00,-0.898198789974071,0.253663497551138,-0.0170233362143474,1.02528838951311,116.85738576779
2022-11-04,-0.526222254251946,0.117476217930239,-0.020731622946094,0.714473335255117,144.046683194004
2022-11-04 01:00:00,-0.502833477384039,0.0391362719677326,0.0044485738980121,0.766708729472774,164.132640161337
2022-11-04 02:00:00,-0.306259942363112,-0.046035734870317,0.000259654178674352,0.557020749279539,182.139553314121
2022-11-04 03:00:00,-0.179251296829971,-0.142851585014409,-0.0219812680115274,0.441781844380403,211.007738040346
2022-11-04 04:00:00,-0.14868242074928,-0.525609510086455,-0.094128818443804,0.662274063400576,268.247070605187
2022-11-04 05:00:00,-0.17438029386344,-0.689682800345722,-0.042463843272832,0.866204840103716,266.052952463267
2022-11-04 06:00:00,0.00133688760806916,-0.574374639769452,-0.079278386167147,0.687740922190202,248.99025129683
2022-11-04 07:00:00,0.0515053298761164,-0.708386055891674,-0.0372906943244022,0.772349178910977,267.215360991069
2022-11-04 08:00:00,-0.107290322580645,-0.734922235023041,-0.0527508640552995,0.885557603686636,266.85762125576
2022-11-04 09:00:00,-0.0876118800461361,-0.677061130334487,-0.0808996539792387,0.913438581314879,250.511824394464
2022-11-04 10:00:00,-0.30344553314121,-0.697031123919308,0.0116478386167147,1.15978876080692,237.637629971182
2022-11-04 11:00:00,-0.339264765197349,-0.833233938346298,-0.00951022760011524,1.33150936329588,243.997015845578
2022-11-04 12:00:00,-0.271167195157106,-0.862697895647161,-0.0158085903718651,1.40776996252522,239.659550302681
2022-11-04 13:00:00,-0.258487889273356,-0.731009803921569,0.0254319492502884,1.22159169550173,232.658650519031
2022-11-04 14:00:00,-0.156641313742437,-0.520866032843561,0.0274010371650821,0.949597810429271,232.431046096226
2022-11-04 15:00:00,-0.233499423298731,-0.369156862745098,-0.0434881776239908,0.773480392156863,229.830558246828
2022-11-04 16:00:00,-0.0179740559238974,-0.380211011818968,0.0190712020755261,0.550365811473047,247.799337561257
2022-11-04 17:00:00,0.252649956784788,-0.246197061365601,0.0994655718813022,0.588880149812734,216.306522904062
2022-11-04 18:00:00,0.0195152825836217,-0.610402537485582,0.0590758362168397,0.729028258362168,261.506404267589
2022-11-04 19:00:00,-0.0216514845776881,-0.644345344479677,0.0572865379071779,0.739772556932834,267.20975785529
2022-11-04 20:00:00,0.0762187319884726,-0.705789625360231,0.0161979827089337,0.848270028818444,258.20964351585
2022-11-04 21:00:00,0.0893347750865052,-0.612334198385236,0.0655689158016148,0.768775951557093,260.277109861592
2022-11-04 22:00:00,0.890794007490637,-0.899738980121003,0.029333621434745,1.42834053586863,229.18570411985
2022-11-04 23:00:00,1.39062276657061,-1.07365100864553,-0.0989466858789625,1.86020115273775,218.842323919308
2022-11-05,1.26528752520887,-0.881821953327571,-0.0513120138288678,1.62799827139153,217.518868049553
2022-11-05 01:00:00,1.13139550302681,-0.714950994522917,-0.0429925050446815,1.46094926491784,217.143817814932
2022-11-05 02:00:00,0.804608933717579,-0.231119308357349,-0.0648795389048991,1.07073112391931,165.323397118156
2022-11-05 03:00:00,2.19882958477509,-0.810158881199539,-0.266146770472895,2.48192416378316,200.01862283737
2022-11-05 04:00:00,2.03614479376983,-0.914801845976348,-0.20907989616383,2.38950995096625,203.384294490914
2022-11-05 05:00:00,2.30547881233785,-0.921507639089075,-0.241315076390891,2.6349976938599,201.748907466129
2022-11-05 06:00:00,2.09079561833381,-1.01080916690689,-0.24383222830787,2.46712799077544,205.600522629
2022-11-05 07:00:00,2.11628901067205,-0.452982693971733,-0.240910585520623,2.29430400922988,189.446620709547
2022-11-05 08:00:00,2.36152507204611,-0.449082708933718,-0.247924783861671,2.52084610951009,188.858172910663
2022-11-05 09:00:00,2.43368636494667,-0.389261746901124,-0.257609685788412,2.60883684058807,186.306156240992
2022-11-05 10:00:00,2.56004582132565,-0.407678674351585,-0.256202593659942,2.74707377521614,184.960946974063
2022-11-05 11:00:00,3.39939279538905,-1.1868265129683,-0.40536916426513,3.80308414985591,198.322559654179
2022-11-05 12:00:00,3.84304238754325,-1.3160562283737,-0.470892156862745,4.26771712802768,197.9617272203
2022-11-05 13:00:00,3.39221712802768,-0.994584486735871,-0.377453575547866,3.73046568627451,195.130619088812
2022-11-05 14:00:00,3.57025929127053,-1.12506338231057,-0.391517430135408,3.95213454335926,196.515499279746
2022-11-05 15:00:00,3.81568434707408,-1.21935831651773,-0.460886999135197,4.21096684923609,198.217928221389
2022-11-05 16:00:00,3.70747952710496,-1.67629498269896,-0.490632641291811,4.28129354094579,205.293540369089
2022-11-05 17:00:00,1.4867654356607,-1.10448326601269,-0.158959030582804,2.10864714368148,223.931583669937
2022-11-05 18:00:00,0.369814750792279,-0.380205128205128,0.106569576490925,0.698388648804379,225.114621722846
2022-11-05 19:00:00,0.159908907466129,-0.0240415105217642,0.0350507350821562,0.512089939463822,166.409982127414
2022-11-05 20:00:00,0.696299337366753,-0.363745894554883,0.0871512532411409,0.84098645923365,210.403211178335
2022-11-05 21:00:00,0.891751801671952,-0.436146151628711,-0.0192239838570193,1.05747448832517,209.234336696454
2022-11-05 22:00:00,1.25006829971182,-0.407037752161383,-0.153666858789625,1.42397175792507,197.46143054755
2022-11-05 23:00:00,0.853187842120426,-0.360763180639585,-0.0595185825410545,1.05210429271103,203.634913857678
2022-11-06,0.345972910662824,-0.0859512968299712,-0.0200250720461095,0.604148126801153,165.716320461095
2022-11-06 01:00:00,0.948461671469741,-0.414688472622478,-0.117157636887608,1.20542939481268,203.492567435158
2022-11-06 02:00:00,1.47707093425606,-0.520123125720877,-0.167867935409458,1.66566032295271,200.154671856978
2022-11-06 03:00:00,1.80370444059977,-0.582301614763552,-0.205400230680508,1.9960830449827,198.642339965398
2022-11-06 04:00:00,2.14321274142404,-0.656296339002594,-0.288653790717786,2.37045056212165,196.563040645719
2022-11-06 05:00:00,2.31459181320265,-0.897058518304987,-0.301891323147881,2.5886258287691,201.152556068031
2022-11-06 06:00:00,2.39955878962536,-1.14284149855908,-0.298347550432277,2.76565158501441,205.504244092219
2022-11-06 07:00:00,1.99013375612568,-0.327686364946671,-0.244342750072067,2.10696569616604,187.196240415105
2022-11-06 08:00:00,2.0569714532872,-0.681552191464821,-0.289833910034602,2.28499855824683,197.826525374856
2022-11-06 09:00:00,2.06053848371289,-0.565883828192563,-0.240707696742577,2.26304958201211,194.806343326607
2022-11-06 10:00:00,1.73777572787547,-0.31639694436437,-0.208733064283655,1.87249466705102,186.591397232632
2022-11-06 11:00:00,1.90226224783862,-0.338736023054755,-0.126110374639769,2.06582997118156,185.82286167147
2022-11-06 12:00:00,1.8204469740634,-0.455422766570605,-0.207810374639769,2.00976887608069,192.080480115274
2022-11-06 13:00:00,1.91291323147881,-0.83146093975209,-0.193664168348227,2.26656529259152,203.975147304699
2022-11-06 14:00:00,2.54217324877486,-1.25729057365235,-0.30525742288844,2.98649812626117,207.76117382531
2022-11-06 15:00:00,1.97025734870317,-0.7169265129683,-0.181967723342939,2.24453112391931,200.43203314121
2022-11-06 16:00:00,2.10237377521614,-0.767833717579251,-0.237020749279539,2.37779048991354,200.640256195965
2022-11-06 17:00:00,2.58775685030286,-0.727078742428613,-0.304319296221517,2.82356215748486,195.084309777906
2022-11-06 18:00:00,3.07241522491349,-1.30231228373702,-0.368246828143022,3.54407871972318,203.988408016148
2022-11-06 19:00:00,2.88810608244451,-1.06623897376766,-0.328944076102623,3.24196915537619,200.184782934563
2022-11-06 20:00:00,2.8559530259366,-1.03788904899135,-0.347801729106628,3.21069510086455,199.602409798271
2022-11-06 21:00:00,2.48155273775216,-1.14026426512968,-0.275005475504323,2.90699971181556,205.910029394813
2022-11-06 22:00:00,2.38792906574394,-0.860739907727797,-0.281338235294118,2.68377508650519,199.810042675894
2022-11-06 23:00:00,2.78615479965408,-1.04526491784376,-0.318602767368118,3.15954424906313,200.928605073508
2022-11-07,3.16869942363112,-0.989953602305475,-0.388120461095101,3.48615129682997,197.016791642651
2022-11-07 01:00:00,3.01288321799308,-1.02300173010381,-0.387116493656286,3.35102364475202,198.475001441753
2022-11-07 02:00:00,2.3859265129683,-0.664419020172911,-0.257203746397694,2.60836657060519,194.940396541787
2022-11-07 03:00:00,2.59302710495963,-0.785191176470588,-0.291391868512111,2.86382641291811,196.921710207612
2022-11-07 04:00:00,2.76714577931432,-0.731995102276001,-0.348859694612504,3.01104091040046,194.850267646211
2022-11-07 05:00:00,2.96294353212331,-0.90647882454624,-0.375849322961682,3.26369288389513,196.637080956497
2022-11-07 06:00:00,3.16554094579008,-0.935250576701269,-0.383739042675894,3.46563869665513,196.092971164937
2022-11-07 07:00:00,2.68548573075814,-0.703390890746613,-0.2884352839435,2.94258489478236,192.489043240127
2022-11-07 08:00:00,2.97393571634477,-0.747666474488325,-0.362363505332949,3.2426846353416,192.837200057653
2022-11-07 09:00:00,3.14139982703949,-0.67602940328625,-0.328906601326031,3.3922260017296,190.146949841453
2022-11-07 10:00:00,3.43377304147465,-0.856854838709677,-0.392587269585253,3.69672321428571,192.774149481567
2022-11-07 11:00:00,3.63147335061942,-1.07272054163065,-0.392343128781331,3.9881181215788,195.165134831461
2022-11-07 12:00:00,3.43107093425606,-0.934660322952711,-0.448883506343714,3.74785899653979,193.961830449827
2022-11-07 13:00:00,3.20348962536023,-0.665656195965418,-0.336754178674352,3.44921786743516,189.745081556196
2022-11-07 14:00:00,3.09627450980392,-0.764113610149942,-0.305473183391003,3.38343137254902,191.366480968858
2022-11-07 15:00:00,3.4288800807149,-0.882841164600749,-0.41785528970885,3.72560565004324,193.348579994235
2022-11-07 16:00:00,3.2046540789853,-0.775824156817527,-0.321933698472182,3.47396425482848,191.905666186221
2022-11-07 17:00:00,3.57234217353704,-0.624236667627558,-0.315195733640819,3.81452983568752,186.526005477083
2022-11-07 18:00:00,2.65166157394062,-0.467131738253099,-0.164908042663592,2.91115393485154,185.025921591237
2022-11-07 19:00:00,3.32341839677047,-0.643690311418685,-0.279816897347174,3.57298731257209,188.451569780854
2022-11-07 20:00:00,2.56727327760161,-0.337115018737388,-0.11659411934275,2.79973335255117,181.394844335543
2022-11-07 21:00:00,3.86799308157971,-0.570940905159989,-0.256638512539637,4.12007725569328,184.582145863361
2022-11-07 22:00:00,4.7834178200692,-0.804947520184544,-0.446446078431373,5.06817820069204,186.922601211073
2022-11-07 23:00:00,5.05929806860767,-1.09624300951283,-0.438492072643413,5.45847650619775,189.514751513404
2022-11-08,4.09300317277185,-0.651631093164119,-0.225351023940006,4.41982809345255,185.766450533603
2022-11-08 01:00:00,4.19001872659176,-1.59866407375396,-0.451830884471334,4.81703918179199,203.958897723999
2022-11-08 02:00:00,2.34358571016998,-1.08777067127629,-0.182978104292711,2.7995442235667,205.447890233362
2022-11-08 03:00:00,2.94668281430219,-0.791062283737024,-0.301901095732411,3.22398904267589,193.514090542099
2022-11-08 04:00:00,2.63882525951557,-0.5832130911188,-0.22347952710496,2.84916176470588,191.236026239908
2022-11-08 05:00:00,1.99703632170654,-0.318505621216489,-0.213240415105218,2.15912453156529,183.194576823292
2022-11-08 06:00:00,1.31563966560969,-0.134479965407899,-0.0376950129720381,1.4740847506486,178.087954165466
2022-11-08 07:00:00,2.30370905420992,-0.332752306805075,-0.164441176470588,2.44478662053057,184.839487600923
2022-11-08 08:00:00,2.70104296424452,-0.48527047289504,-0.198897058823529,2.906092272203,185.746619377163
2022-11-08 09:00:00,3.58647029988466,-0.88447491349481,-0.367510380622837,3.88609198385236,192.479633217993
2022-11-08 10:00:00,4.14387053056517,-0.952620530565167,-0.405720588235294,4.4758875432526,190.813826412918
2022-11-08 11:00:00,4.7142076723392,-1.27625930199019,-0.522956158061725,5.13134121719065,193.5795716758
2022-11-08 12:00:00,5.53878408763332,-1.70955087921591,-0.633793600461228,6.09112309022773,195.951633323724
2022-11-08 13:00:00,4.92271115595272,-1.45117296050735,-0.552037474776593,5.38334390314212,195.430160276737
2022-11-08 14:00:00,4.27910729737525,-1.26116988751082,-0.458822613210268,4.71031583501586,195.207898759735
2022-11-08 15:00:00,4.7775325648415,-1.54024178674352,-0.581279827089337,5.27303342939481,196.622438040346
2022-11-08 16:00:00,4.30465561959654,-1.34932737752161,-0.535565706051873,4.74386945244957,196.628268876081
2022-11-08 17:00:00,3.60731660899654,-1.36869665513264,-0.421011534025375,4.08079181084198,201.456179065744
2022-11-08 18:00:00,2.98620242214533,-1.46643310265283,-0.348948385236448,3.6008783160323,210.452948385236
2022-11-08 19:00:00,2.06551138656673,-1.0909858748919,-0.211395214759297,2.53291986163159,213.17247621793
2022-11-08 20:00:00,2.48508270893372,-0.833024207492795,-0.300970317002882,2.76369481268012,198.993975504323
2022-11-08 21:00:00,2.75223269896194,-0.769851499423299,-0.324263264129181,3.01462399077278,195.061941753172
2022-11-08 22:00:00,2.52236361014994,-0.5839723183391,-0.260692329873126,2.71046193771626,192.272811130334
2022-11-08 23:00:00,2.52262110726644,-0.766198673587082,-0.290299596309112,2.75710351787774,196.60047260669
2022-11-09,2.399315455594,-0.69456660899654,-0.261475778546713,2.62523327566321,195.999994521338
2022-11-09 01:00:00,2.45448573075814,-0.859711155952724,-0.269543095993082,2.75116027673681,198.730096569617
2022-11-09 02:00:00,2.24699798212741,-0.820888728740271,-0.243566733929086,2.53861660420871,201.056710867685
2022-11-09 03:00:00,2.35083938869665,-0.986818050749712,-0.251311418685121,2.7122693194925,203.726223760092
2022-11-09 04:00:00,2.20448673587082,-1.17832439446367,-0.20916753171857,2.66703200692042,210.13997260669
2022-11-09 05:00:00,2.32821315258148,-1.31616325353331,-0.225177386789732,2.86830804730314,212.227820882607
2022-11-09 06:00:00,1.6523884083045,-1.15942647058824,-0.0899622260668973,2.22255074971165,219.465047289504
2022-11-09 07:00:00,1.53560651484578,-1.10951888152205,-0.118708849812626,2.07107552608821,218.249365523206
2022-11-09 08:00:00,1.70587600922722,-1.25318252595156,-0.138106113033449,2.32025374855825,219.049987889273
2022-11-09 09:00:00,1.82512536023055,-1.36399048991354,-0.212431988472622,2.51973371757925,218.922857060519
2022-11-09 10:00:00,2.06278489042676,-1.48438206459054,-0.237196655132641,2.72983881199539,216.747403690888
2022-11-09 11:00:00,2.0189806749351,-1.42880732621863,-0.20350389385636,2.67300288433804,217.058878280935
2022-11-09 12:00:00,2.12591176470588,-1.67618886966551,-0.361179930795848,2.95024452133795,218.921550461361
2022-11-09 13:00:00,1.22255491496108,-1.09601210723551,-0.118760161429807,1.92440328624964,226.081389161142
2022-11-09 14:00:00,0.640974048442907,-0.852494809688581,-0.0116043829296424,1.28375519031142,237.78589532872
2022-11-09 15:00:00,1.22775858090568,-1.30404989904817,-0.0683761176809922,1.99185376406115,228.30591433516
2022-11-09 16:00:00,0.769854713173825,-0.781407898529836,0.0537174978379937,1.25169760737965,228.353155952724
2022-11-09 17:00:00,1.06485067742865,-0.860119342750072,0.0195180167195157,1.50719861631594,222.719672528106
2022-11-09 18:00:00,2.08320288184438,-1.10733458213256,-0.171767146974063,2.52906311239193,210.433116714697
2022-11-09 19:00:00,1.92298442906574,-1.35433016147636,-0.149802479815456,2.53816464821223,217.629066320646
2022-11-09 20:00:00,2.44253098875757,-1.12051398097434,-0.271464687229749,2.83397376765638,206.751335543384
2022-11-09 21:00:00,2.21849596541787,-0.848278674351585,-0.280403458213256,2.52401296829971,201.099670605187
2022-11-09 22:00:00,2.18957196423421,-0.743226420536487,-0.257871358523219,2.46876982982406,198.018257859821
2022-11-09 23:00:00,2.18644694348328,-0.661120242214533,-0.189596597462514,2.43448471741638,195.733302479815
2022-11-10,2.56742305475504,-0.970668876080692,-0.316767435158501,2.91097146974063,200.537382997118
2022-11-10 01:00:00,3.12522324776464,-1.48415950389386,-0.393724834150562,3.6227075281223,206.164819152005
2022-11-10 02:00:00,3.58260542255552,-1.54727343524661,-0.449646957023363,4.08398182867032,203.449400922988
2022-11-10 03:00:00,3.08317421401788,-1.12022959330834,-0.348710700894145,3.46246062878569,199.701303143928
2022-11-10 04:00:00,3.17692185697809,-1.1865637254902,-0.387483275663206,3.55939677047289,199.764463956171
2022-11-10 05:00:00,3.45327377521614,-1.33582910662824,-0.424367146974063,3.86680028818444,200.283709221902
2022-11-10 06:00:00,3.63908765859285,-1.06078835063437,-0.469121107266436,3.9395008650519,195.930038638985
2022-11-10 07:00:00,3.64570975187536,-1.10094604731679,-0.42752654356607,3.98719532602424,196.102989901904
2022-11-10 08:00:00,3.35968079584775,-0.894509515570934,-0.402260957324106,3.64970876585928,193.927622260669
2022-11-10 09:00:00,3.73938898500577,-1.35550807381776,-0.468895905420992,4.1821384083045,200.34841810842
2022-11-10 10:00:00,2.66022766570605,-0.966283285302594,-0.322326801152738,3.08369654178674,195.930666282421
2022-11-10 11:00:00,3.03714528682617,-0.871940040357452,-0.279314211588354,3.35828970884981,194.340788411646
2022-11-10 12:00:00,3.71801557093426,-1.39522491349481,-0.500515282583622,4.20965455594002,199.146450403691
2022-11-10 13:00:00,3.82742721245316,-1.46858230037475,-0.526542807725569,4.34687604496973,199.545024214471
2022-11-10 14:00:00,4.02434775086505,-1.59897952710496,-0.521927335640138,4.58054181084198,201.993269031142
2022-11-10 15:00:00,3.65890253748558,-1.40659803921569,-0.453245963091119,4.17020040369089,200.493825836217
2022-11-10 16:00:00,3.59428855577976,-1.31162986451427,-0.466579705967137,4.02218968002306,199.306519746325
2022-11-10 17:00:00,3.55299250504468,-1.18977832228308,-0.407086191986163,3.97674228884405,197.315404727587
2022-11-10 18:00:00,3.8606384083045,-1.18320588235294,-0.501375720876586,4.2596014994233,196.139558823529
2022-11-10 19:00:00,4.00814594750505,-1.57396192673781,-0.494841649841361,4.57197605999423,201.425747331987
2022-11-10 20:00:00,4.46789391755549,-1.65655174401845,-0.577673104641107,5.01874661285673,199.529060536178
2022-11-10 21:00:00,4.48736119919285,-1.81421965984434,-0.57583222830787,5.0698094551744,201.320862784664
2022-11-10 22:00:00,4.37603171856978,-1.88913610149942,-0.563608996539792,5.00635726643599,202.696673298731
2022-11-10 23:00:00,3.67920703575548,-1.19860524798155,-0.438422722029988,4.09598644752018,195.998469434833
2022-11-11,3.60417809798271,-0.89737060518732,-0.412878386167147,3.90610086455331,191.518822766571
2022-11-11 01:00:00,3.69539244521338,-0.78982785467128,-0.4330369088812,3.95099769319493,190.653664071511
2022-11-11 02:00:00,3.93086545664074,-1.2869680207433,-0.491605012964564,4.34466407375396,197.580958225295
2022-11-11 03:00:00,3.73510467128028,-1.34698904267589,-0.461363610149942,4.18748096885813,199.344889561707
2022-11-11 04:00:00,4.23433083357369,-1.62847303143928,-0.555969137582925,4.78928670320161,199.943123449668
2022-11-11 05:00:00,3.01080588404961,-1.13647245457168,-0.360366310931641,3.41602942024805,199.45887943467
2022-11-11 06:00:00,3.64571181556196,-1.40678501440922,-0.487877521613833,4.12971066282421,199.71242795389
2022-11-11 07:00:00,3.72269674257711,-1.43467252810608,-0.498769962525223,4.20851455750937,201.122007206688
2022-11-11 08:00:00,3.45472223824632,-1.3244023651572,-0.428071531583502,3.90997634842804,200.216245745601
2022-11-11 09:00:00,3.48426182237601,-1.30785409457901,-0.441163206459054,3.90997606689735,200.98315455594
2022-11-11 10:00:00,3.9417970011534,-1.39856084198385,-0.507629181084198,4.4034529988466,198.822674740484
2022-11-11 11:00:00,4.47351744018449,-1.52084404727587,-0.542476506197752,4.91270884981263,198.364678581724
2022-11-11 12:00:00,4.27876326412918,-1.61327797001153,-0.520911476355248,4.77634630911188,200.454314878893
2022-11-11 13:00:00,3.99144492502883,-1.31600144175317,-0.50143137254902,4.43308246828143,197.248291234141
2022-11-11 14:00:00,3.45803200692042,-1.18174567474048,-0.432019319492503,3.8656208189158,197.665557381776
2022-11-11 15:00:00,3.22941279907754,-1.17338253098876,-0.425804266359181,3.61802767368118,199.249283655232
2022-11-11 16:00:00,3.77794551744018,-1.08893254540213,-0.420000576535024,4.11070049005477,195.919956471606
2022-11-11 17:00:00,3.88685590778098,-1.35247406340058,-0.459929106628242,4.30125216138329,199.276521325648
2022-11-11 18:00:00,3.48725692041522,-1.20499192618224,-0.452542387543253,3.86334486735871,198.829369953864
2022-11-11 19:00:00,3.55097607379648,-1.11564485442491,-0.440307581435572,3.89023119054483,195.184100605362
2022-11-11 20:00:00,2.48964839919239,-0.449596192673781,-0.241026247476204,2.69209172194981,186.755562734352
2022-11-11 21:00:00,2.408434544406,-0.477767012687428,-0.248695213379469,2.56698817762399,189.803980680507
2022-11-11 22:00:00,2.37694175317186,-0.445707324106113,-0.251995963091119,2.5258884083045,189.98366810842
2022-11-11 23:00:00,1.96993915801615,-0.330117647058824,-0.208333910034602,2.11377104959631,186.198474048443
2022-11-12,1.68205561959654,-0.321372910662824,-0.157586167146974,1.82935014409222,184.847204034582
2022-11-12 01:00:00,1.29920040369089,-0.202275663206459,-0.07319723183391,1.48421424452134,181.702199538639
2022-11-12 02:00:00,0.980564139521476,-0.113132891323148,-0.0485575093686942,1.12590977226867,181.374256846353
2022-11-12 03:00:00,0.618003170028818,-0.017535446685879,-0.0265585014409222,0.719323919308357,173.494924783862
2022-11-12 04:00:00,0.244539948081915,0.0822486299394289,0.0351670031727718,0.465830400922988,161.797376117681
2022-11-12 05:00:00,0.316113000864803,0.121492072643413,-0.012746612856731,0.540136350533295,149.771204958201
2022-11-12 06:00:00,0.312130334486736,0.167243656286044,-0.014613321799308,0.562921280276817,146.817237889273
2022-11-12 07:00:00,0.503646109510086,0.00815590778097983,-0.051435734870317,0.600549855907781,168.134199135447
2022-11-12 08:00:00,1.26907925072046,-0.272424495677233,-0.0779982708933718,1.43865561959654,188.905284726225
2022-11-12 09:00:00,1.73633948126801,-0.305123919308357,-0.0833,1.93336974063401,183.738610951009
2022-11-12 10:00:00,1.52349812626117,-0.239476506197752,-0.0743629287979245,1.72928192562698,182.831753531277
2022-11-12 11:00:00,0.591286084701815,0.149870354364736,0.096104580812446,0.966421204263901,159.659233074042
2022-11-12 12:00:00,1.27066118800461,-0.153204152249135,0.0116317762399077,1.4868321799308,180.014079296424
2022-11-12 13:00:00,0.532733929086192,0.0886396656096858,0.197138944940905,0.925365811473047,167.657601037763
2022-11-12 14:00:00,0.236163206459054,0.182239331026528,0.148786043829296,0.735971453287197,160.749442618224
2022-11-12 15:00:00,0.276168348227155,0.232398673969444,0.211654367252811,0.778270394926492,161.600457768809
2022-11-12 16:00:00,0.171803056516724,0.21879815455594,0.116575259515571,0.561673587081892,152.726742791234
2022-11-12 17:00:00,0.169804322766571,0.293496253602305,0.0707527377521614,0.511004034582133,143.360905475504
2022-11-12 18:00:00,0.114029140219273,0.20582717830352,0.0546809001731102,0.459057126370456,149.039769186382
2022-11-12 19:00:00,0.135690421234853,0.0719598961338719,0.00955164454702827,0.437497114829775,169.916980092325
2022-11-12 20:00:00,0.233341505624459,0.0729904816844534,0.00944245745601384,0.580104989904817,160.675851745025
2022-11-12 21:00:00,1.03267079850101,-0.285390602479101,-0.0672836552320553,1.16026261170366,193.855397809167
2022-11-12 22:00:00,0.759274718939176,-0.216409339867397,-0.0153966560968579,0.881000864802537,197.015221677717
2022-11-12 23:00:00,0.230867108676852,0.054430095128279,0.00300403574517152,0.401718939175555,154.450599308158
2022-11-13,0.0167351585014409,0.222876368876081,-0.00736974063400576,0.328174639769452,113.628835446686
2022-11-13 01:00:00,0.235740922190202,0.0657648414985591,-0.0149553314121037,0.401638328530259,152.365563976945
2022-11-13 02:00:00,0.183087896253602,0.0365893371757925,0.0380472622478386,0.425955619596542,169.590021325648
2022-11-13 03:00:00,1.01179498269896,-0.109762975778547,-0.0255709342560554,1.18723010380623,181.423487312572
2022-11-13 04:00:00,0.536459498414529,-0.0423816661862208,0.0662176419717498,0.797256558085904,180.607900835976
2022-11-13 05:00:00,0.237339671564391,0.122755978104293,0.0853497551138001,0.541244886199942,158.802315471046
2022-11-13 06:00:00,0.233074971164937,0.525475201845444,0.106370242214533,0.850997693194925,137.587724625144
2022-11-13 07:00:00,0.240579948141746,0.678271391529819,0.0927948717948718,0.931455776433305,125.543385479689
2022-11-13 08:00:00,0.248368223760092,0.934433967704729,0.0834737600922722,1.17236216839677,115.72239100346
2022-11-13 09:00:00,0.245027377521614,0.936874351585014,0.0770100864553314,1.13896340057637,113.685480691643
2022-11-13 10:00:00,0.168755260882099,0.53542375324301,0.0942776016142981,0.856207840876333,141.370432689536
2022-11-13 11:00:00,0.0135666089965398,1.54381862745098,0.0155891003460208,1.73716378316032,96.7990017301038
2022-11-13 12:00:00,0.103328530259366,1.6463939481268,-0.0368256484149856,1.86874409221902,96.879942074928
2022-11-13 13:00:00,0.0618685500144134,1.87503228596137,-0.108089939463822,2.0086376477371,92.3581640242145
2022-11-13 14:00:00,-0.177558119411595,1.61672368041534,-0.0307222382463225,1.80652379578887,84.9482244014999
2022-11-13 15:00:00,-0.316644277889882,1.95348140674546,0.0208691265494379,2.22182617469011,82.7568518304987
2022-11-13 16:00:00,-0.150517589388697,1.65427508650519,-0.042790369088812,1.84853258362168,86.5626655132641
2022-11-13 17:00:00,0.103404034582133,1.71085129682997,-0.0505066282420749,1.85735850144092,95.3695991354467
2022-11-13 18:00:00,0.0525682997118156,1.18846829971182,-0.0264152737752161,1.32983515850144,93.4694792507205
2022-11-13 19:00:00,-0.00940881590319793,1.34894612503601,-0.0306441947565543,1.44451454912129,89.2372607317776
2022-11-13 20:00:00,0.0472894205823004,1.37563245892188,-0.0485834534447968,1.47631824733353,92.1826445661574
2022-11-13 21:00:00,0.154408933717579,0.979457060518732,-0.0135207492795389,1.1481734870317,113.376806051873
2022-11-13 22:00:00,0.165125648414986,0.50972507204611,0.125092795389049,0.758730547550432,130.652588184438
2022-11-13 23:00:00,0.174118443804035,0.356612968299712,0.0646723342939481,0.603735158501441,136.857926224784
2022-11-14,0.139130184331797,0.392631048387097,0.0575777649769585,0.552041186635945,126.563292626728
2022-11-14 01:00:00,0.145668299711816,0.556059077809798,0.0545230547550432,0.719572622478386,122.686232276657
2022-11-14 02:00:00,0.345877198039781,0.0739579129432113,0.0496656096857884,0.610067454597867,158.919963678293
2022-11-14 03:00:00,0.406864880437914,0.136207721117833,0.0038971477960242,0.65566724286949,149.306863151829
2022-11-14 04:00:00,0.147415850144092,0.419232853025937,0.0402841498559078,0.555303746397695,118.017087896254
2022-11-14 05:00:00,0.111157439446367,0.768442329873126,-0.00845818915801615,0.872154267589389,103.946594867359
2022-11-14 06:00:00,-0.124774286537907,0.574429518593255,-0.00476362063995388,0.714354857307581,99.6609040069184
2022-11-14 07:00:00,0.11667858172384,0.468516863649467,0.0374084750648602,0.629748054194292,125.812250792736
2022-11-14 08:00:00,0.124703949264918,0.364739982703949,0.0822712597290285,0.504028538483713,121.062437878351
2022-11-14 09:00:00,0.254799135446686,0.236585014409222,0.038371181556196,0.575811527377522,143.377588760807
2022-11-14 10:00:00,1.34936649365629,-0.343377739331027,-0.138054498269896,1.53277133794694,186.560495098039
2022-11-14 11:00:00,0.806421158835399,-0.127496108388585,-0.0773133467858172,1.01918016719516,173.834142115884
2022-11-14 12:00:00,0.157351873198847,0.328511239193084,0.0492703170028818,0.581495965417867,133.4370870317
2022-11-14 13:00:00,0.435846685878963,0.188161671469741,0.00845475504322767,0.775904899135447,152.856148991354
2022-11-14 14:00:00,0.268415273775216,0.416134293948127,0.0512962536023055,0.780446397694525,141.501464553314
2022-11-14 15:00:00,0.124715273775216,0.347718155619597,0.11478386167147,0.659851873198847,140.23669740634
2022-11-14 16:00:00,0.116220138488171,0.154741488747836,0.0626526255049048,0.454988170802077,149.339933641085
2022-11-14 17:00:00,0.340675792507205,0.128044380403458,0.0279878962536023,0.564955043227666,149.87780518732
2022-11-14 18:00:00,0.78069059976932,-0.560347462514418,-0.0350637254901961,1.09926441753172,215.160827854671
2022-11-14 19:00:00,1.25143063167003,-1.01019988462648,-0.122830400922988,1.74679002019037,219.36431843092
2022-11-14 20:00:00,1.43658662438743,-0.811132314788123,-0.0971608532718363,1.7910282502162,212.373380513116
2022-11-14 21:00:00,1.68060317002882,-0.513209510086455,-0.156767435158501,1.86561959654179,195.959065706052
2022-11-14 22:00:00,1.99083506343714,-0.350890138408305,-0.223760092272203,2.15384054209919,187.261565167243
2022-11-14 23:00:00,0.894206687806284,-0.0519299509945229,-0.0184179878927645,1.02197232631882,174.19146468723
2022-11-15,0.767739331026528,-0.0189529988465975,0.0392698961937716,0.995882929642445,174.536300749712
2022-11-15 01:00:00,0.188577233429395,0.342716426512968,0.14601469740634,0.664340057636888,144.224123054755
2022-11-15 02:00:00,0.384121465666474,0.145753317945759,0.162639642238892,0.844664454702827,160.92649221004
2022-11-15 03:00:00,0.635265494378784,0.129314499855866,0.235007494955319,1.02140789852984,169.343494090516
2022-11-15 04:00:00,0.339697030844624,0.159554050158547,0.253375612568464,0.940905159988469,166.447387431536
2022-11-15 05:00:00,0.6392684544406,0.133630046136101,0.202081603229527,1.21337399077278,169.646057381776
2022-11-15 06:00:00,0.896329682997118,0.0835922190201729,0.265051296829971,1.42879279538905,171.969271181556
2022-11-15 07:00:00,0.614734717416378,0.0785236447520185,0.257111880046136,1.18908419838524,174.496269896194
2022-11-15 08:00:00,0.377160184384904,0.290418899452607,0.323217228464419,1.20016796312302,166.870493229617
2022-11-15 09:00:00,0.821514129181084,0.130053633217993,0.266322087658593,1.46711447520185,168.666137543253
2022-11-15 10:00:00,0.76447881233785,0.0408918996829057,0.256388296339003,1.26472960507351,171.997728740271
2022-11-15 11:00:00,0.821615451138657,0.020151340443932,0.19665552032286,1.2238495243586,175.17376592678
2022-11-15 12:00:00,0.762752378206976,-0.493021331795907,-0.0591279907754396,1.24553588930528,209.923605073508
2022-11-15 13:00:00,0.659610902797808,-0.881398615517739,0.039533314104413,1.29766022497837,236.707561869051
2022-11-15 14:00:00,1.25766522491349,-1.23097895040369,-0.0878768742791234,1.97776038062284,225.020634948097
2022-11-15 15:00:00,0.985225936599424,-0.72458674351585,0.048021613832853,1.36926253602305,220.143162536023
2022-11-15 16:00:00,0.930095444059977,-0.307400807381776,-0.0197462514417532,1.09833506343714,196.719730392157
2022-11-15 17:00:00,0.257269530123955,0.171043240126838,0.0022951859325454,0.560159700201787,139.775386278466
2022-11-15 18:00:00,0.691212680115274,-0.170291066282421,-0.0150158501440922,0.858313544668588,187.626613256484
2022-11-15 19:00:00,0.987504756413952,-0.0670691842029403,-0.0182634765061978,1.22245257999423,172.841201498991
2022-11-15 20:00:00,2.43910755478662,-0.587221741637832,-0.202608708189158,2.67247260668973,190.486762687428
2022-11-15 21:00:00,2.77747520184544,-0.915289792387543,-0.295651384083045,3.07838206459054,197.610935986159
2022-11-15 22:00:00,2.16762363112392,-0.589607204610951,-0.235321902017291,2.3748,194.303027665706
2022-11-15 23:00:00,1.65105305651672,-0.295114186851211,-0.10739446366782,1.82126643598616,185.084367358708
2022-11-16,1.32961707035755,-0.209153402537486,-0.0404561707035756,1.4845637254902,183.297291810842
2022-11-16 01:00:00,0.807991928509657,-0.0127056788699914,-0.0191170366099741,0.957183338137792,172.153735370424
2022-11-16 02:00:00,0.434783285302594,0.0550561959654179,0.0594769452449568,0.636391642651297,166.443237175793
2022-11-16 03:00:00,1.16487456747405,-0.204000288350634,-0.0822295271049596,1.28381487889273,186.2867955594
2022-11-16 04:00:00,0.491589048991354,0.0230685878962536,-0.0421126801152738,0.638876368876081,158.758408933718
2022-11-16 05:00:00,0.679071202075526,-0.0587578552897089,-0.012738541366388,0.863682905736524,171.955010089363
2022-11-16 06:00:00,0.995702391241717,-0.182734658599827,-0.0339112647651973,1.1389334485739,182.765539037741
2022-11-16 07:00:00,0.61538523644752,0.0279460784313725,-0.0287603806228374,0.740306516724337,167.253525374856
2022-11-16 08:00:00,0.0640778097982709,0.372504034582133,0.067663976945245,0.479132276657061,115.745717579251
2022-11-16 09:00:00,0.508515570934256,0.0710645905420992,0.0581000576701269,0.833541522491349,159.993649653979
2022-11-16 10:00:00,0.539991928509657,0.0868319400403574,0.103313635053329,0.9018117613145,163.6341251081
2022-11-16 11:00:00,0.993957060518732,-0.0672780979827089,0.0161080691642651,1.36765389048991,168.571635158501
2022-11-16 12:00:00,0.218709510086455,0.667963112391931,0.149051585014409,1.02292622478386,128.181035446686
2022-11-16 13:00:00,0.216938904899135,0.749602593659942,0.136681844380403,1.08226570605187,131.247615850144
2022-11-16 14:00:00,0.0688533141210375,1.26326657060519,0.0126622478386167,1.41074293948127,98.8699242074928
2022-11-16 15:00:00,-0.00726397694524496,1.62968213256484,-0.0468798270893372,1.77161037463977,88.8828847262248
2022-11-16 16:00:00,-0.198913857677903,1.64556064534716,-0.0602016709881878,1.79510803802939,82.1944168827427
2022-11-16 17:00:00,0.182530565167243,1.49605219146482,0.00838696655132641,1.68046366782007,99.3594307958478
2022-11-16 18:00:00,0.110538771980398,1.62167685211877,0.0164329778034016,1.80341971749784,98.4799129432113
2022-11-16 19:00:00,-0.523090568214595,1.48940178828959,-0.00612662244014999,1.73696827228151,70.3879333717912
2022-11-16 20:00:00,-0.918487896253602,1.63190259365994,0.014364265129683,2.04047089337176,62.2317368876081
2022-11-16 21:00:00,-1.84831853560104,1.61208446238109,0.130829922167772,2.55497953300663,44.2819019890458
2022-11-16 22:00:00,-2.69325713462093,1.54122600172961,0.0369273565869127,3.25802017872586,48.6119201498991
2022-11-16 23:00:00,-2.48708506343714,1.09408592848904,-0.0147906574394464,2.88148558246828,67.648649077278
2022-11-17,-2.20955030268089,0.824710002882675,-0.0566581147304699,2.6053294897665,96.0506125684635
2022-11-17 01:00:00,-0.882716921302969,-0.220650619775151,-0.0197705390602479,1.52244767944653,189.748565580859
2022-11-17 02:00:00,-0.681273277601614,-0.729381089651196,-0.00682127414240415,1.5573153646584,228.856058806572
2022-11-17 03:00:00,-0.364339100346021,-0.672657439446367,0.0595720876585928,1.30015167243368,237.036691464821
2022-11-17 04:00:00,-0.321108419838524,-1.16960207612457,0.00940859284890427,1.58968569780854,259.972251441753
2022-11-17 05:00:00,-0.306517022504328,-1.1351846508944,0.0453583381419504,1.57650952106174,256.142385170225
2022-11-17 06:00:00,-0.235402421447103,-1.23289737676564,0.0331602767368118,1.56141366388008,262.702568751802
2022-11-17 07:00:00,-0.333854382929642,-1.25534746251442,-0.0590363321799308,1.61312139561707,266.571930219147
2022-11-17 08:00:00,-0.237097406340058,-1.32203429394813,0.0143723342939481,1.7063181556196,257.647442651297
2022-11-17 09:00:00,-0.085357060518732,-1.27030749279539,0.0543319884726225,1.5604711815562,262.885417291066
2022-11-17 10:00:00,-0.0448748558246828,-1.19977220299885,0.0668820645905421,1.51685380622837,257.036948673587
2022-11-17 11:00:00,0.088690400691842,-1.31997837993658,0.0368345344479677,1.61664802536754,258.064828769098
2022-11-17 12:00:00,0.142572252668013,-1.56959388520335,-0.00583241995961927,1.90040726853187,259.155378713585
2022-11-17 13:00:00,0.114717993079585,-1.44733852364475,0.066396770472895,1.81571972318339,255.278660322953
2022-11-17 14:00:00,0.0521238836070297,-1.38181676750216,0.0212996254681648,1.72307865168539,258.439331316623
2022-11-17 15:00:00,-0.0316351585014409,-1.32809193083573,0.0552959654178674,1.61725331412104,262.888726224784
2022-11-17 16:00:00,0.164010380622837,-1.21176095732411,-0.0216747404844291,1.47345790080738,254.578227508651
2022-11-17 17:00:00,0.265528682617469,-1.23717151916979,0.0448573075814356,1.62481435572211,249.381158835399
2022-11-17 18:00:00,0.243020184544406,-1.26142474048443,0.00538148788927336,1.56659371395617,253.5779316609
2022-11-17 19:00:00,0.190294032862496,-1.30155549149611,0.0640337272989334,1.58961516287114,256.213033727299
2022-11-17 20:00:00,0.164532583621684,-1.20314388696655,0.0154714532871972,1.54733823529412,252.569706747405
2022-11-17 21:00:00,0.301696454309599,-1.14261458633612,0.0483796483136351,1.41086912654944,249.680752089939
2022-11-17 22:00:00,0.297133756125685,-1.04523320841741,0.0577941769962525,1.33907350821562,250.048149899106
2022-11-17 23:00:00,0.343970020178726,-1.1666517728452,-0.0152283078697031,1.49212799077544,245.324395791294
2022-11-18,0.403791810841984,-1.17604411764706,0.0586983852364475,1.51759400230681,248.513144752018
2022-11-18 01:00:00,0.262306805074971,-1.03208506343714,0.0261026528258362,1.34768915801615,250.319547577855
2022-11-18 02:00:00,0.355696829971182,-1.08717435158501,0.040214121037464,1.43002737752161,248.568866282421
2022-11-18 03:00:00,0.320093425605536,-1.05197404844291,0.0425550749711649,1.34582958477509,249.63960438293
2022-11-18 04:00:00,0.43078869991352,-1.1198965119631,0.0231092533871433,1.42587777457481,247.938287979245
2022-11-18 05:00:00,0.342736083068936,-1.00753965964811,0.049342659359677,1.32521026824344,248.479219786559
2022-11-18 06:00:00,0.343115240564679,-1.05629530394699,-0.012059925093633,1.389743877845,249.065281763181
2022-11-18 07:00:00,0.490155043227666,-1.17592017291066,-0.00315389048991354,1.51405389048991,245.818449567723
2022-11-18 08:00:00,0.569099711815562,-1.15539711815562,0.0155028818443804,1.51639510086455,245.522288184438
2022-11-18 09:00:00,0.630116560877092,-1.27763646855164,-0.0273462204270052,1.68571581073283,244.100585978073
2022-11-18 10:00:00,0.704870893371758,-1.3446023054755,-0.0521847262247839,1.80980662824207,243.941801152738
2022-11-18 11:00:00,0.45899221228728,-1.21123795788866,-0.0450891260455725,1.6118379002019,248.260449091434
2022-11-18 12:00:00,0.107468569780854,-1.1136283160323,0.0160983275663206,1.46829469434833,251.930290657439
2022-11-18 13:00:00,0.068572211011819,-0.984615451138657,0.0506728163735947,1.28260074949553,254.163369270683
2022-11-18 14:00:00,0.0135282583621684,-0.951378027681661,0.0091502306805075,1.27039215686275,253.767312283737
2022-11-18 15:00:00,0.0855666089965398,-0.914528835063437,0.00663638985005767,1.15366205305652,256.84471366782
2022-11-18 16:00:00,0.108104413037208,-0.833256994519758,0.0130565330256706,1.04662618978944,254.025505047592
2022-11-18 17:00:00,0.132159896283492,-0.966053298761164,0.02055517142034,1.14900345721694,259.592120138289
2022-11-18 18:00:00,0.0413773041474654,-0.677797811059908,0.031080069124424,0.849955069124424,260.518717165899
2022-11-18 19:00:00,0.0607626874279123,-0.759549884659746,0.00232151095732411,0.946061418685121,258.71793627451
2022-11-18 20:00:00,0.0237785467128028,-0.680503460207612,-0.00367387543252595,0.791603517877739,267.477305074971
2022-11-18 21:00:00,0.0347997695188706,-0.498088159031979,0.0391054451166811,0.636439354652838,252.778415154134
2022-11-18 22:00:00,0.0261262611703661,-0.646115595272413,-0.0183280484289421,0.76405505909484,262.723722974921
2022-11-18 23:00:00,-0.0441760806916427,-0.704685590778098,-0.0296371757925072,0.878256195965418,259.284756195965
2022-11-19,-0.0636352364475202,-0.650076124567474,-0.0343212226066897,0.800525374855825,263.478423587082
2022-11-19 01:00:00,-0.204212575713874,-0.695976925295645,-0.0972748774156331,0.931070377848284,259.578452552639
2022-11-19 02:00:00,-0.0125184438040346,-0.730164265129683,-0.0565585014409222,0.820197694524496,269.330744956772
2022-11-19 03:00:00,-0.0307662150475641,-0.70442634765062,-0.0759417699625252,0.837178725857596,263.372255693283
2022-11-19 04:00:00,0.0406252522340732,-0.69068377053906,-0.0657278754684347,0.812895358893053,258.030081291438
2022-11-19 05:00:00,-0.24690830449827,-0.594811130334487,-0.0659651095732411,0.831714244521338,260.90137716263
2022-11-19 06:00:00,-0.176083309311041,-0.509231190544826,-0.049474776592678,0.735399250504468,250.560560103776
2022-11-19 07:00:00,-0.0415281060824445,-0.643531853560104,-0.080479388872874,0.73933669645431,267.447697030845
2022-11-19 08:00:00,0.0390657249927933,-0.671291726722398,-0.0599884692995099,0.732171230902277,265.799572499279
2022-11-19 09:00:00,-0.0825910008653014,-0.618765214883184,-0.068508508797231,0.790414767810787,260.81214710124
2022-11-19 10:00:00,-0.250642260017296,-0.728180743730182,-0.0481905448255982,1.05541279907754,255.950990198905
2022-11-19 11:00:00,0.0627928550849899,-0.775643618553731,-0.00663728032267358,1.01233621434745,249.585448285797
2022-11-19 12:00:00,-0.0354545716758004,-0.551393135275454,-0.0211067205076435,0.91666166714739,237.423497259879
2022-11-19 13:00:00,-0.486510086455331,0.170203746397695,0.00976455331412104,0.736983285302594,136.917959654179
2022-11-19 14:00:00,0.412926780051888,-0.435840011530701,-0.0243026808878639,0.892961083885846,214.921621793024
2022-11-19 15:00:00,0.448906051873199,-0.436469452449568,0.0933559077809798,0.770857060518732,231.49173832853
2022-11-19 16:00:00,1.10528279042952,-0.378620351686365,-0.0418587489189968,1.24888440472759,203.23840328625
2022-11-19 17:00:00,1.50548054194292,-0.392557509368694,-0.155171807437302,1.64352954742001,194.344411646008
2022-11-19 18:00:00,0.643727875468435,-0.0618261746901124,-0.0300749495531854,0.792999711732488,168.946325742289
2022-11-19 19:00:00,1.19178344867359,-0.312344290657439,-0.104799019607843,1.31559573241061,194.9105
2022-11-19 20:00:00,1.17758431824733,-0.265167483424618,-0.135449697319112,1.29829749207264,190.732479100605
2022-11-19 21:00:00,0.454341505624459,0.044565907124315,-0.0323146812806461,0.614329102970868,156.934916642631
2022-11-19 22:00:00,0.895530853517878,-0.0800934256055363,-0.0238725490196078,1.00376989619377,176.838652537486
2022-11-19 23:00:00,1.15475028835063,-0.125067185697809,-0.0955314302191465,1.24829354094579,180.730706459054
2022-11-20,0.839040369088812,0.00597231833910035,-0.0531606113033449,0.965273644752018,171.040808535179
2022-11-20 01:00:00,0.996694260167292,-0.0330138448226132,-0.0178872223824632,1.15550937409864,172.123513123738
2022-11-20 02:00:00,1.11627616027674,-0.0864430671663304,0.0194450850389161,1.30480282502162,177.51616460075
2022-11-20 03:00:00,1.67744002306805,-0.235978373702422,-0.0594244521337947,1.84663465974625,182.460133794694
2022-11-20 04:00:00,2.79862042111335,-0.630315546582059,-0.292561580617248,3.02404239976925,190.812167291607
2022-11-20 05:00:00,1.64838563599654,-1.33400057686761,-0.121224113066051,2.35480126910874,225.672578598212
2022-11-20 06:00:00,0.452480680507497,-0.749096885813149,0.110604671280277,1.05580334486736,243.312095732411
2022-11-20 07:00:00,0.674626405304122,-0.633808302104353,0.113413087345056,1.00908013836841,226.322950994523
2022-11-20 08:00:00,0.774655420991926,-0.680088523644752,0.0693512110726644,1.09601239907728,224.412229238754
2022-11-20 09:00:00,1.20006976073796,-0.790348803689824,-0.038216777169213,1.53045085038916,215.467952147593
2022-11-20 10:00:00,0.766778034015566,-0.763655808590372,-0.0165560680311329,1.30375872009225,231.097428077256
2022-11-20 11:00:00,0.753237175792507,-0.996903746397695,-0.0930103746397695,1.52253746397695,235.175979538905
2022-11-20 12:00:00,0.905748342461805,-1.10671144422024,-0.0774776592678005,1.67527385413664,231.88988065725
2022-11-20 13:00:00,1.16665234938022,-0.939795330066302,-0.131800518881522,1.70882646295762,223.555780051888
2022-11-20 14:00:00,0.534444188058841,-0.972332564176521,0.00995904239976925,1.37759128929911,240.784252091145
2022-11-20 15:00:00,0.468373233342948,-1.05942918950101,0.00384453417940582,1.47015315835016,243.677868185751
2022-11-20 16:00:00,0.0975220524646872,-0.63082329201499,0.035787835110983,0.82957105794177,246.099639377342
2022-11-20 17:00:00,0.127220524646872,-0.676034880368982,0.0567731334678582,0.820205534736235,258.027562409916
2022-11-20 18:00:00,0.0909824258138865,-0.594208009219245,0.0381518294439643,0.720628925381734,255.367292999136
2022-11-20 19:00:00,0.147505332948977,-0.813867973479389,0.0571023349668492,0.920100893629288,259.535748918997
2022-11-20 20:00:00,0.339299798212741,-0.746084174113577,0.147929374459498,0.932827327760161,246.020843182473
2022-11-20 21:00:00,0.488090227731335,-0.690904583453445,0.146324300951283,0.955544825598155,238.12758979533
2022-11-20 22:00:00,1.05161862208129,-0.888127125972903,0.0526658979533007,1.46118016719516,223.96083309311
2022-11-20 23:00:00,0.679942329873126,-0.24896107266436,0.0526822376009227,0.870157727797001,188.110703575548
2022-11-21,0.696710207612457,-0.492974048442907,0.0542958477508651,0.963271049596309,205.619681372549
2022-11-21 01:00:00,0.238882319007788,0.155941447937698,0.0475904239976925,0.609433227574272,156.72182867032
2022-11-21 02:00:00,0.990708933717579,-0.503263688760807,-0.0250175792507205,1.23489135446686,202.776002017291
2022-11-21 03:00:00,0.649558696279204,0.0276907989616383,-0.0458332852610326,0.902898471300836,152.623396884915
2022-11-21 04:00:00,0.141377450980392,0.324831603229527,0.0165778546712803,0.501694925028835,131.429378316032
2022-11-21 05:00:00,-0.0442638408304498,0.657070069204152,0.00707612456747405,0.7397223183391,95.0851600346021
2022-11-21 06:00:00,0.188446207095472,0.603479376982982,0.0708168445341794,0.80508508797231,120.876135563888
2022-11-21 07:00:00,0.220952188940092,0.647408410138249,0.0927116935483871,0.887842453917051,124.512785138249
2022-11-21 08:00:00,0.128044418805884,0.411710700894145,0.0686299394289011,0.718952408422267,133.767552062302
2022-11-21 09:00:00,0.284567310464111,0.589659267800519,0.152984721821851,1.09896310175843,146.726750648602
2022-11-21 10:00:00,0.173034582132565,2.02747665706052,0.0352420749279539,2.26114524495677,98.5265867435158
2022-11-21 11:00:00,0.296684164984136,1.61446610902798,0.0811352754542832,1.89299451975772,106.080533025671
2022-11-21 12:00:00,-0.0746755119700029,2.71327660801846,-0.0184167868474185,2.96708653014133,90.4598428035766
2022-11-21 13:00:00,-0.515920172910663,3.16020749279539,-0.0711305475504323,3.46493544668588,80.9693662824208
2022-11-21 14:00:00,0.0151020761245675,2.34119232987313,-0.0822906574394464,2.55830161476355,92.3117551903114
2022-11-21 15:00:00,0.231113033448674,1.84969925028835,0.0759201268742791,2.09644261822376,101.42033650519
2022-11-21 16:00:00,-0.0779437554081338,1.51537871358523,-0.0151955581194116,1.72907499278915,93.1554577444476
2022-11-21 17:00:00,-0.785616205305652,1.37893713956171,0.0299717416378316,1.7203624567474,62.3482289504037
2022-11-21 18:00:00,-0.734341597002018,0.468263476506198,0.0362830786970308,1.03435514557509,119.341547996541
2022-11-21 19:00:00,-0.1039129432113,-0.686149899106371,-0.14258518304987,0.778835975785529,276.620176996252
2022-11-21 20:00:00,0.00876657060518732,-0.858546974063401,-0.0160890489913545,1.03565965417867,262.345701729107
2022-11-21 21:00:00,0.0395621574848572,-0.958113354485146,0.00622699740409576,1.20821892125757,255.840314104413
2022-11-21 22:00:00,0.0140643021914648,-0.921133794694348,-0.0210155709342561,1.11121626297578,261.568619665513
2022-11-21 23:00:00,-0.0204860190256558,-1.03904295185933,-0.0177319112136062,1.23095012972038,262.027491207841
2022-11-22,0.114029988465975,-0.919678489042676,-0.0240250865051903,1.11488696655133,254.131855824683
2022-11-22 01:00:00,0.126673969443644,-0.956323436148746,-0.0148895935428077,1.12023263188239,256.698204669934
2022-11-22 02:00:00,0.0564570357554787,-0.836379469434833,-0.00991868512110727,1.00331286043829,260.27189532872
2022-11-22 03:00:00,0.0103703490049034,-0.859166714738967,-0.0112189212575714,1.02471098932795,262.449632246899
2022-11-22 04:00:00,-0.0854900490337468,-0.813032304586098,-0.0731251802711278,0.960823766945486,267.398428035766
2022-11-22 05:00:00,-0.118227023912417,-0.791369057908384,-0.0402111783347738,0.946403341976376,270.339728320369
2022-11-22 06:00:00,-0.173691464821223,-0.750300749711649,-0.0499841407151096,0.894397347174164,272.179677047289
2022-11-22 07:00:00,-0.00193569780853518,-0.66090830449827,-0.0430668973471742,0.753261534025375,263.904185409458
2022-11-22 08:00:00,-0.0483804034582133,-0.703447838616715,-0.0969048991354467,0.829605763688761,267.854134293948
2022-11-22 09:00:00,-0.173836552320553,-0.633775727875468,-0.0660556356298645,0.861825598155088,264.347364081868
2022-11-22 10:00:00,-0.182060247910061,-0.679659844335543,-0.0431833381377919,0.916118477947535,262.407340732199
2022-11-22 11:00:00,-0.0604515570934256,-0.763086505190311,-0.0695798731257209,0.929276528258362,261.531283160323
2022-11-22 12:00:00,-0.185977534562212,-0.718152361751152,-0.0347502880184332,0.934314516129032,260.726061347926
2022-11-22 13:00:00,-0.217995964254828,-0.793157394061689,-0.012427788988181,1.06260593831075,255.183344767945
2022-11-22 14:00:00,-0.279322376009227,-0.786266724336794,-0.0308157439446367,1.08057064590542,260.826114763552
2022-11-22 15:00:00,-0.0563005763688761,-0.823574639769452,-0.0822190201729107,0.934175792507205,271.66925907781
2022-11-22 16:00:00,0.168375612568464,-0.374688382819256,0.0493623522629,0.563635341597002,249.111479100605
2022-11-22 17:00:00,0.379261822376009,-0.399643886966551,0.162140426758939,0.636653402537486,231.98218194925
2022-11-22 18:00:00,0.190476080691643,-0.277270028818444,0.080864553314121,0.434523054755043,237.951579827089
2022-11-22 19:00:00,0.205832708393424,-0.184839342370926,0.0952988174214018,0.456361984424575,203.123699163542
2022-11-22 20:00:00,0.519648212226067,-0.350791234140715,0.0977569204152249,0.697517301038062,217.470576412918
2022-11-22 21:00:00,0.494979250720461,-0.276871469740634,0.0641613832853026,0.724268876080692,199.897322190202
2022-11-22 22:00:00,0.616046437842515,-0.318278627055091,0.0254813960196135,0.806619267378137,206.718511393135
2022-11-22 23:00:00,1.47521325648415,-0.597889913544669,-0.0819818443804035,1.70192622478386,202.745721902017
2022-11-23,2.1060095128279,-0.569498414528683,-0.23055693283367,2.2808117613145,194.698364081868
2022-11-23 01:00:00,1.66197605308713,-0.264864974033468,-0.142365551067513,1.80624437391806,183.088395268321
2022-11-23 02:00:00,1.39202997118156,-0.146548991354467,-0.133184149855908,1.54478386167147,176.209983573487
2022-11-23 03:00:00,0.559736659936545,0.070176233054514,0.0135837900201904,0.765169887510816,166.579798384771
2022-11-23 04:00:00,0.300844867358708,0.121406574394464,0.119368512110727,0.570016435986159,163.786130911188
2022-11-23 05:00:00,0.676627055090857,0.0832076723391982,0.197910873954427,1.05760571098933,170.999964234208
2022-11-23 06:00:00,0.259527545428324,0.230353331410441,0.260432073839054,0.940376406114797,166.606291606576
2022-11-23 07:00:00,0.606895040369089,0.12171107266436,0.272428489042676,1.19188321799308,171.417242502884
2022-11-23 08:00:00,0.812949538638985,-0.640459342560554,0.0902064590542099,1.36416320645905,226.439771626298
2022-11-23 09:00:00,0.798760957324106,-1.09022779700115,0.0187958477508651,1.5788321799308,238.011903979239
2022-11-23 10:00:00,1.47062946943483,-1.46305651672434,-0.102691464821223,2.30927883506344,228.200173298731
2022-11-23 11:00:00,1.92194521337947,-1.78849798154556,-0.239067185697809,2.88450403690888,225.000824971165
2022-11-23 12:00:00,2.09587135852322,-1.66017969426017,-0.220807326218633,2.9572985289876,221.00172858379
2022-11-23 13:00:00,3.35339648212226,-1.95264359861592,-0.410130911188005,4.16208708189158,211.766174163783
2022-11-23 14:00:00,2.62728785693683,-1.83666483991924,-0.307159792327661,3.4422924718777,215.816918661667
2022-11-23 15:00:00,2.62637359469588,-0.659908042663592,-0.264523493802248,2.84964139521476,193.575012107236
2022-11-23 16:00:00,3.00386789731757,-1.43267118546294,-0.355487164695702,3.56569945197577,205.231293914047
2022-11-23 17:00:00,3.27003575547866,-1.27643050749712,-0.381118800461361,3.67894579008074,200.829388985006
2022-11-23 18:00:00,3.11962878569368,-1.67285145659071,-0.329977502163254,3.77843928468416,210.514807326219
2022-11-23 19:00:00,1.41014504036909,-1.24699538638985,-0.124826412918108,2.10739619377163,223.654940023068
2022-11-23 20:00:00,2.14674444764926,-0.582342082492068,-0.211969714450534,2.35503115085088,195.751934237093
2022-11-23 21:00:00,2.59461389850058,-0.799732410611303,-0.295690023068051,2.84727883506344,196.641518454441
2022-11-23 22:00:00,2.627051629651,-0.909118257859821,-0.28128958753966,2.92986126334006,199.681516873378
2022-11-23 23:00:00,2.68432814302191,-1.28300028835063,-0.356264705882353,3.12202364475202,206.011861014994
2022-11-24,2.13232419959619,-1.0274609172195,-0.241919526968561,2.52215113931353,208.204804441881
2022-11-24 01:00:00,2.13836804153447,-0.899521488318431,-0.254572829535622,2.47888433804442,203.033151716181
2022-11-24 02:00:00,2.04326153402537,-0.855290080738178,-0.190641003460208,2.36808073817762,201.960184256055
2022-11-24 03:00:00,3.04804208705679,-1.49450936869415,-0.357048428942058,3.54411934275007,207.479283078697
2022-11-24 04:00:00,2.26973579463513,-0.953367176233055,-0.243034612056533,2.62962532448803,202.550523795789
2022-11-24 05:00:00,2.21242630516296,-0.759228728006922,-0.225927026247476,2.45636140755697,199.427195846553
2022-11-24 06:00:00,2.37054023651572,-0.489693106432074,-0.274656186905105,2.53229506778194,190.509445341794
2022-11-24 07:00:00,2.2948176046176,-0.348402886002886,-0.209005194805195,2.43220634920635,185.092846753247
2022-11-24 08:00:00,1.48606774286538,-0.159590660132603,-0.0587898529835688,1.64474776592678,179.848930815797
2022-11-24 09:00:00,1.76089244521338,-0.136778835063437,0.00762629757785467,1.94384111880046,177.1010911188
2022-11-24 10:00:00,1.70910095183155,-0.0652809345255264,0.0467810787424286,1.98260426882031,177.159741851745
2022-11-24 11:00:00,1.74282780501875,-0.122828958753966,0.126661378713585,2.07964407268532,177.600768387655
2022-11-24 12:00:00,3.36781587301587,-0.346346897546898,-0.067849062049062,3.64803001443001,179.872743434343
2022-11-24 13:00:00,2.59581401384083,-0.261767589388697,-0.0318699538638985,2.84381833910035,179.372865051903
2022-11-24 14:00:00,1.97356068031133,-1.09564283655232,-0.15580282502162,2.59825079273566,209.317492072643
2022-11-24 15:00:00,1.50423349668492,-0.285671663303546,-0.118136638800807,1.65392505044681,190.629257134621
2022-11-24 16:00:00,2.88022801960219,-0.813115307004901,-0.263744883251658,3.16646411069472,194.118633035457
2022-11-24 17:00:00,2.8651620997981,-0.959171041246034,-0.111864724545717,3.24647966541679,197.901406980098
2022-11-24 18:00:00,3.10577156042688,-1.05841217190655,-0.318361119123161,3.45886068647245,198.61630400923
2022-11-24 19:00:00,3.12491236667628,-0.861775727875468,-0.326981839146728,3.40463476506198,194.800525223407
2022-11-24 20:00:00,3.80949149120277,-1.08570579751947,-0.491648399192385,4.16175194692818,195.095104124603
2022-11-24 21:00:00,3.90748485722527,-1.21430487453129,-0.439298528987597,4.30813931352755,196.706924141909
2022-11-24 22:00:00,3.88780386501298,-1.2996166714739,-0.485484568791462,4.30268503028555,198.417750793193
2022-11-24 23:00:00,4.58369723183391,-1.88988985005767,-0.582870242214533,5.20216666666667,201.733991637832
2022-11-25,5.12286315182944,-2.38656467876693,-0.682148660328436,5.87354451166811,205.56187957361
2022-11-25 01:00:00,3.83554760530871,-1.97542267743797,-0.509931044431622,4.49792238892095,208.447875649163
2022-11-25 02:00:00,1.76405767012687,-1.56483737024221,-0.149882641291811,2.54700778546713,223.702573817762
2022-11-25 03:00:00,1.26503490049034,-1.22569195269686,-0.0850513412171907,1.96994519757716,227.842413325642
2022-11-25 04:00:00,1.09193023926204,-1.02699682905737,-0.0456269818391467,1.67283885846065,224.196742288844
2022-11-25 05:00:00,1.29525057670127,-0.979602652825836,-0.0297318339100346,1.70972606689735,219.417906286044
2022-11-25 06:00:00,0.997529547420006,-0.942598155087922,0.0224972614586336,1.4907716921303,226.433171230902
2022-11-25 07:00:00,1.02364580328815,-0.953238534756273,0.0669786558984713,1.50250937409864,225.640078742429
2022-11-25 08:00:00,1.28765724992793,-0.746929374459498,-0.0709899106370712,1.59485096569617,212.760362063995
2022-11-25 09:00:00,1.69920461095101,-0.812545821325648,-0.215661671469741,2.00791642651297,206.710661959654
2022-11-25 10:00:00,1.71195008655511,-0.84069705712637,-0.230341315637623,2.09248470859781,206.994604154645
2022-11-25 11:00:00,1.99969097722687,-1.38962438743154,-0.217147881233785,2.65404669933698,218.186446238109
2022-11-25 12:00:00,1.66765801614764,-1.49234746251442,-0.197172433679354,2.50009371395617,223.347265282584
2022-11-25 13:00:00,2.47202623234362,-1.51086220812914,-0.299854424906313,3.10316604208706,213.66141712309
2022-11-25 14:00:00,2.58952176419717,-1.2950328624964,-0.287311328913231,3.04891553761891,209.597409339867
2022-11-25 15:00:00,1.77124257282954,-0.868153735217768,-0.170698875108163,2.08463570810499,208.122868762619
2022-11-25 16:00:00,1.38589158016148,-0.957893021914648,-0.0890129757785467,1.82867156862745,217.69785005767
2022-11-25 17:00:00,0.968846929950995,-0.854969443643701,-0.0188091669068896,1.50522167771692,226.672219948112
2022-11-25 18:00:00,1.31351860398039,-0.628554658205942,-0.0643340063455437,1.60286068647245,206.085713873666
2022-11-25 19:00:00,0.439885846065148,-0.0484398962236956,0.0147846641683482,0.627783511098299,174.93053070049
2022-11-25 20:00:00,1.40171749783799,-0.636767944652638,-0.0837861055059095,1.66738570193139,205.522346785817
2022-11-25 21:00:00,1.16280196021908,-1.03272960507351,-0.0603660997405592,1.7417930239262,224.068626405304
2022-11-25 22:00:00,1.41109547158927,-0.958253821747909,-0.0659091433516008,1.88451254687049,217.867592443034
2022-11-25 23:00:00,1.76876419717498,-1.14886537907178,-0.183343614874604,2.27753617757279,216.182426059383
2022-11-26,1.79252608820986,-0.928371576823292,-0.186786682040934,2.18707581435572,209.155627846642
2022-11-26 01:00:00,1.48702075526088,-0.770001153070049,-0.135017007783223,1.8260847506486,211.048974920726
2022-11-26 02:00:00,0.548659648110759,0.0624603403518892,-0.0456553216036919,0.742701759446207,157.503702336314
2022-11-26 03:00:00,0.0467549019607843,0.458914359861592,0.0207505767012687,0.549559400230681,106.672797866205
2022-11-26 04:00:00,1.55269020172911,-0.226043804034582,-0.160247262247839,1.72206570605187,177.724868876081
2022-11-26 05:00:00,2.56182987312572,-0.494156574394464,-0.232404555940023,2.72128517877739,189.369636101499
2022-11-26 06:00:00,2.15544649552928,-0.420797519469282,-0.157647533890972,2.27950129795212,189.842288722238
2022-11-26 07:00:00,1.44045315652926,-0.623340732199481,-0.106255981550879,1.68684174113577,206.175095993082
2022-11-26 08:00:00,2.0659976945245,-0.446451296829971,-0.174885878962536,2.23386195965418,189.887183573487
2022-11-26 09:00:00,2.5207734870317,-0.765728242074928,-0.308075504322767,2.80873688760807,196.109862247839
2022-11-26 10:00:00,2.69828670320162,-0.499792039226997,-0.275612921834439,2.89064464955293,188.523816267667
2022-11-26 11:00:00,2.9181937716263,-0.503304498269896,-0.313122260668973,3.12294982698962,186.325330161476
2022-11-26 12:00:00,3.72756084198385,-0.744568050749712,-0.309876874279123,4.00033765859285,189.265846309112
2022-11-26 13:00:00,2.9846,-0.52154025974026,-0.214273593073593,3.24082222222222,185.475745743146
2022-11-26 14:00:00,2.37296885813149,-0.259923587081892,-0.0884108996539792,2.6215821799308,180.248291234141
2022-11-26 15:00:00,3.09917820069204,-0.442455594002307,-0.169213667820069,3.33140051903114,183.800223183391
2022-11-26 16:00:00,3.60329824055379,-0.560524372656475,-0.243304297663686,3.86926968560715,185.802907124315
2022-11-26 17:00:00,3.63057254110182,-0.594751658494376,-0.28011364291895,3.9011820017306,184.586319584655
2022-11-26 18:00:00,2.87964658402998,-0.362004612280196,-0.101134909195734,3.10968492360911,181.901513404439
2022-11-26 19:00:00,3.27933650519031,-0.331400807381776,-0.0824633794694348,3.56384717416378,179.483673010381
2022-11-26 20:00:00,3.57562543252595,-0.41987600922722,-0.164240484429066,3.81201816608997,181.674901672434
2022-11-26 21:00:00,3.70969607843137,-0.538959342560554,-0.234519896193772,3.93919694348328,184.248712514418
2022-11-26 22:00:00,2.94439406168925,-0.362365811473047,-0.101897376765639,3.16390573652349,182.603534736235
2022-11-26 23:00:00,2.99505103806228,-0.505930219146482,-0.271084775086505,3.1821955017301,187.166121395617
2022-11-27,2.65158270893372,-0.559817579250721,-0.258468299711816,2.86082939481268,190.004011239193
2022-11-27 01:00:00,2.30026981839147,-0.69892187950418,-0.289423176707985,2.56950302680888,195.017469011242
2022-11-27 02:00:00,2.27864176521488,-0.726102970868186,-0.290769829824055,2.50563513123738,197.565751946928
2022-11-27 03:00:00,1.58489218795042,-0.669110406457192,-0.189855001441338,1.8313294897665,202.850326318824
2022-11-27 04:00:00,1.57798183914673,-0.551087345056212,-0.165710002882675,1.77583972326319,198.784021620063
2022-11-27 05:00:00,1.31105217641972,-0.5193482271548,-0.117012107235515,1.51722801960219,202.916923897377
2022-11-27 06:00:00,1.09443598615917,-0.678880911188005,-0.000411188004613611,1.42155709342561,216.637196078431
2022-11-27 07:00:00,0.582013832853026,-0.540391930835735,0.082435446685879,0.933312103746398,226.50643832853
2022-11-27 08:00:00,0.601913808013837,-0.450549149610839,0.0645445373306428,0.933385990198905,217.630215335832
2022-11-27 09:00:00,0.649638512539637,-0.361958489478236,0.0221057941769963,0.870483712885558,209.927685788412
2022-11-27 10:00:00,1.19289878892734,-0.42744723183391,-0.125287197231834,1.40350547866205,201.89173615917
2022-11-27 11:00:00,1.41090631305852,-0.496880657249928,-0.150154511386567,1.60424646872297,199.9756362064
2022-11-27 12:00:00,1.45670040369089,-0.289589388696655,-0.187856113033449,1.58783621683968,187.110003460208
2022-11-27 13:00:00,1.5294818443804,-0.346647838616715,-0.192136023054755,1.68193141210375,191.280657636888
2022-11-27 14:00:00,1.2342315455594,-0.20897693194925,-0.153092848904268,1.35844319492503,185.86871828143
2022-11-27 15:00:00,0.686776945244957,0.014685590778098,-0.0660247838616715,0.832719884726225,166.901161095101
2022-11-27 16:00:00,0.815325648414986,-0.0076328530259366,-0.105971181556196,0.984823919308357,161.454294524496
2022-11-27 17:00:00,-0.0702765282583622,0.239401672433679,0.00620126874279123,0.41201384083045,104.752768742791
2022-11-27 18:00:00,0.668990487172096,-0.0284119342750072,-0.0626166042087057,0.852290285384837,165.931459210147
2022-11-27 19:00:00,1.13254956772334,-0.367231123919308,-0.100937175792507,1.39063948126801,191.773375504323
2022-11-27 20:00:00,1.35623644752018,-0.517946078431373,-0.147542964244521,1.59600346020761,199.325771337947
2022-11-27 21:00:00,1.09790429518593,-0.446038627846642,-0.0905024502738541,1.30686970308446,200.351224272125
2022-11-27 22:00:00,1.76775079319296,-0.528719065474474,-0.173085376406115,1.96401528699164,197.676497259879
2022-11-27 23:00:00,1.46057200577201,-0.390977777777778,-0.142289466089466,1.65090331890332,192.540404617605
2022-11-28,1.68834121037464,-0.540181268011527,-0.21278242074928,1.91234582132565,198.23379221902
2022-11-28 01:00:00,0.950554914961084,-0.0688959354280773,-0.110767944652638,1.11714442202364,170.980054770827
2022-11-28 02:00:00,1.66933823529412,-0.427952710495963,-0.154842272202999,1.84487254901961,192.897228662053
2022-11-28 03:00:00,1.79329036908881,-0.54068800461361,-0.214232122260669,1.99803633217993,196.240257785467
2022-11-28 04:00:00,1.18326376477371,-0.312990775439608,-0.118062265782646,1.34485846065148,189.471451715192
2022-11-28 05:00:00,-0.176334102046699,0.537105794176996,-0.00417469011242433,0.722737964831364,81.8969945229173
2022-11-28 06:00:00,-0.187946655132641,0.598740196078431,0.00977912341407151,0.735448961937716,80.3539114763553
2022-11-28 07:00:00,-0.125517877739331,0.619571510957324,0.0082923875432526,0.76727508650519,91.7573641868512
2022-11-28 08:00:00,0.135195445373306,0.125300374747766,-0.00984202940328625,0.503546555203229,133.612501873739
2022-11-28 09:00:00,0.955032853025937,-0.454347262247839,-0.103329971181556,1.24141268011527,214.071416138329
2022-11-28 10:00:00,1.08272297492073,-0.478877486307293,-0.128721245315653,1.30086278466417,200.920344479677
2022-11-28 11:00:00,1.54390573652349,-0.654624675699049,-0.24038800807149,1.80459440761026,203.142571057942
2022-11-28 12:00:00,1.41763206459054,-0.716518742791234,-0.243130334486736,1.74281603229527,206.649869088812
2022-11-28 13:00:00,NA,NA,NA,NA,NA
2022-11-28 14:00:00,NA,NA,NA,NA,NA
2022-11-28 15:00:00,NA,NA,NA,NA,NA
2022-11-28 16:00:00,NA,NA,NA,NA,NA
2022-11-28 17:00:00,NA,NA,NA,NA,NA
2022-11-28 18:00:00,NA,NA,NA,NA,NA
2022-11-28 19:00:00,NA,NA,NA,NA,NA
2022-11-28 20:00:00,NA,NA,NA,NA,NA
2022-11-28 21:00:00,NA,NA,NA,NA,NA
2022-11-28 22:00:00,NA,NA,NA,NA,NA
2022-11-28 23:00:00,NA,NA,NA,NA,NA
2022-11-29,NA,NA,NA,NA,NA
2022-11-29 01:00:00,NA,NA,NA,NA,NA
2022-11-29 02:00:00,NA,NA,NA,NA,NA
2022-11-29 03:00:00,NA,NA,NA,NA,NA
2022-11-29 04:00:00,NA,NA,NA,NA,NA
2022-11-29 05:00:00,NA,NA,NA,NA,NA
2022-11-29 06:00:00,NA,NA,NA,NA,NA
2022-11-29 07:00:00,NA,NA,NA,NA,NA
2022-11-29 08:00:00,NA,NA,NA,NA,NA
2022-11-29 09:00:00,NA,NA,NA,NA,NA
2022-11-29 10:00:00,NA,NA,NA,NA,NA
2022-11-29 11:00:00,NA,NA,NA,NA,NA
2022-11-29 12:00:00,NA,NA,NA,NA,NA
2022-11-29 13:00:00,NA,NA,NA,NA,NA
2022-11-29 14:00:00,NA,NA,NA,NA,NA
2022-11-29 15:00:00,NA,NA,NA,NA,NA
2022-11-29 16:00:00,NA,NA,NA,NA,NA
2022-11-29 17:00:00,NA,NA,NA,NA,NA
2022-11-29 18:00:00,NA,NA,NA,NA,NA
2022-11-29 19:00:00,NA,NA,NA,NA,NA
2022-11-29 20:00:00,NA,NA,NA,NA,NA
2022-11-29 21:00:00,NA,NA,NA,NA,NA
2022-11-29 22:00:00,NA,NA,NA,NA,NA
2022-11-29 23:00:00,NA,NA,NA,NA,NA
2022-11-30,NA,NA,NA,NA,NA
2022-11-30 01:00:00,NA,NA,NA,NA,NA
2022-11-30 02:00:00,NA,NA,NA,NA,NA
2022-11-30 03:00:00,NA,NA,NA,NA,NA
2022-11-30 04:00:00,NA,NA,NA,NA,NA
2022-11-30 05:00:00,NA,NA,NA,NA,NA
2022-11-30 06:00:00,NA,NA,NA,NA,NA
2022-11-30 07:00:00,NA,NA,NA,NA,NA
2022-11-30 08:00:00,NA,NA,NA,NA,NA
2022-11-30 09:00:00,NA,NA,NA,NA,NA
2022-11-30 10:00:00,NA,NA,NA,NA,NA
2022-11-30 11:00:00,NA,NA,NA,NA,NA
2022-11-30 12:00:00,NA,NA,NA,NA,NA
2022-11-30 13:00:00,NA,NA,NA,NA,NA
2022-11-30 14:00:00,NA,NA,NA,NA,NA
2022-11-30 15:00:00,NA,NA,NA,NA,NA
2022-11-30 16:00:00,NA,NA,NA,NA,NA
2022-11-30 17:00:00,NA,NA,NA,NA,NA
2022-11-30 18:00:00,NA,NA,NA,NA,NA
2022-11-30 19:00:00,NA,NA,NA,NA,NA
2022-11-30 20:00:00,NA,NA,NA,NA,NA
2022-11-30 21:00:00,NA,NA,NA,NA,NA
2022-11-30 22:00:00,NA,NA,NA,NA,NA
2022-11-30 23:00:00,NA,NA,NA,NA,NA
